text,category,latitude,longitude,borough
Removal Request. at 676 SENECA AVENUE in QUEENS.,Garbage / Waste,40.70317672355166,-73.90832681780273,QUEENS
Manhole Overflow (Use Comments) (SA1). at 51-19 SKILLMAN AVENUE in QUEENS.,Drainage / Flooding,40.74600964932057,-73.91311108196709,QUEENS
Hydrant Running (WC3). at 215 CHERRY STREET in MANHATTAN.,Water Leakage / Sanitation,40.71101625805208,-73.99121323094754,MANHATTAN
Street Light Out. at 16 LAMOKA AVENUE in STATEN ISLAND.,Broken Streetlight,40.55303783623535,-74.14622590818081,STATEN ISLAND
Street Light Dayburning. in QUEENS.,Broken Streetlight,40.758429610853824,-73.75625678243127,QUEENS
Cave-in. at 77 AVENUE in QUEENS.,Pothole / Road Damage,40.737710174358405,-73.75274572186932,QUEENS
Catch Basin Clogged/Flooding (Use Comments) (SC). at 339 16 STREET in BROOKLYN.,Drainage / Flooding,40.66251547994992,-73.98473525837147,BROOKLYN
Removal Request. at 8 CLINTON PLACE in BRONX.,Garbage / Waste,40.856525549235776,-73.90543678111086,BRONX
Cave-in. at CORPORAL KENNEDY STREET in QUEENS.,Pothole / Road Damage,40.77666667046572,-73.78279666282151,QUEENS
Restaurant Odor. at 1273 CONEY ISLAND AVENUE in BROOKLYN.,Pollution,40.62640641143786,-73.96547027330162,BROOKLYN
Vehicle Idling Odor. at 326 EAST 78 STREET in MANHATTAN.,Pollution,40.77231172352551,-73.95476569671754,MANHATTAN
Street Light Out. at 2974 HYLAN BOULEVARD in STATEN ISLAND.,Broken Streetlight,40.56095192023014,-74.1194346520574,STATEN ISLAND
Cable. in MANHATTAN.,Broken Streetlight,40.74678841620879,-73.98845124841567,MANHATTAN
Possible Water Main Break (Use Comments) (WA1). at 68-18 EXETER STREET in QUEENS.,Water Leakage / Sanitation,40.71921382819521,-73.8523416872096,QUEENS
Controller. in QUEENS.,Broken Streetlight,40.72096620537131,-73.84289312884077,QUEENS
Removal Request. at 161 HENRY STREET in MANHATTAN.,Garbage / Waste,40.71344796832201,-73.98944178517061,MANHATTAN
Street Light Out. at 116-02 LINDEN BOULEVARD in QUEENS.,Broken Streetlight,40.67806380689942,-73.82287317325802,QUEENS
Removal Request. at 203 MORNING STAR ROAD in STATEN ISLAND.,Garbage / Waste,40.63312013130251,-74.1462824852378,STATEN ISLAND
Hydrant Running (WC3). at 780 RIVERSIDE DRIVE in MANHATTAN.,Water Leakage / Sanitation,40.83420797158663,-73.94809965222906,MANHATTAN
Branch Cracked and Will Fall. at 2023 MATTHEWS AVENUE in BRONX.,Fallen Tree / Vegetation,40.85141901464235,-73.86302956083432,BRONX
Other Air Problem. at 2141 HOLLAND AVENUE in BRONX.,Pollution,40.85479271349434,-73.86575182462343,BRONX
Removal Request. at 28 SPENCER PLACE in BROOKLYN.,Garbage / Waste,40.68125156673471,-73.95448855301917,BROOKLYN
Tree Leaning/Uprooted. at 136-14 72 AVENUE in QUEENS.,Fallen Tree / Vegetation,40.7252630892542,-73.82660809784633,QUEENS
Hitting Building. at 92-39 GETTYSBURG STREET in QUEENS.,Fallen Tree / Vegetation,40.726122398126215,-73.73098628821539,QUEENS
Sewer Backup (Use Comments) (SA). at 78 RIDGE STREET in MANHATTAN.,Drainage / Flooding,40.71770718532209,-73.98382798018937,MANHATTAN
Catch Basin Clogged/Flooding (Use Comments) (SC). at 1599 CARROLL STREET in BROOKLYN.,Drainage / Flooding,40.6662410631438,-73.9333504455422,BROOKLYN
Manhole Overflow (Use Comments) (SA1). at 958 EAST  229 STREET in BRONX.,Drainage / Flooding,40.88827432415916,-73.85153217821338,BRONX
Removal Request. at BARRY STREET in BRONX.,Garbage / Waste,40.81383223808051,-73.89363358985568,BRONX
Defective Hardware. at 430 EAST 49 STREET in MANHATTAN.,Pothole / Road Damage,40.75265756149405,-73.9654084407516,MANHATTAN
LED Pedestrian Unit. in MANHATTAN.,Broken Streetlight,40.83694606296753,-73.94010362185068,MANHATTAN
LED Pedestrian Unit. in BROOKLYN.,Broken Streetlight,40.656610929838266,-73.93090206546258,BROOKLYN
Loud Music/Party. at JESUP AVENUE in BRONX.,Pollution,40.84028891251399,-73.92146291355864,BRONX
Hydrant Leaking (WC1). in MANHATTAN.,Water Leakage / Sanitation,40.735505019023954,-74.00837142703452,MANHATTAN
Hitting Building. at 147-40 CHERRY AVENUE in QUEENS.,Fallen Tree / Vegetation,40.75756586077182,-73.81582522619651,QUEENS
Cave-in. at 117-07 JAMAICA AVENUE in QUEENS.,Pothole / Road Damage,40.69959430587546,-73.83235499608139,QUEENS
Hydrant Running (WC3). at 769 5 AVENUE in BROOKLYN.,Water Leakage / Sanitation,40.65777896767343,-73.99714910194311,BROOKLYN
Loud Music/Party. at 2351 SEVENTH AVENUE in MANHATTAN.,Pollution,40.816949279559374,-73.94248799726114,MANHATTAN
Vehicle Idling Odor. at 640 8 AVENUE in MANHATTAN.,Pollution,40.75666417742652,-73.99019293432467,MANHATTAN
Removal Request. at 304 WEST 77 STREET in MANHATTAN.,Garbage / Waste,40.78313626601696,-73.98240742719142,MANHATTAN
Hydrant Leaking (WC1). in BROOKLYN.,Water Leakage / Sanitation,40.666888170312326,-73.91195612341629,BROOKLYN
Loud Music/Party. at 397 GREENE AVENUE in BROOKLYN.,Pollution,40.68794632861221,-73.95515826830517,BROOKLYN
Loud Music/Party. at 397 GREENE AVENUE in BROOKLYN.,Pollution,40.68794632861221,-73.95515826830517,BROOKLYN
Removal Request. at 72 STREET in BROOKLYN.,Garbage / Waste,40.61817722091726,-73.99927238970166,BROOKLYN
Failed Street Repair. at 102-28 215 STREET in QUEENS.,Pothole / Road Damage,40.71288093163759,-73.74392452397451,QUEENS
Hydrant Running Full (WA4). at 1647 ST NICHOLAS AVENUE in MANHATTAN.,Water Leakage / Sanitation,40.856544870014254,-73.9284639349079,MANHATTAN
Hitting Power Lines. at 42-41 209 STREET in QUEENS.,Fallen Tree / Vegetation,40.76094196366286,-73.77561397587392,QUEENS
Controller. in BROOKLYN.,Broken Streetlight,40.68535581220007,-73.93851988637358,BROOKLYN
Pedestrian Signal. in BROOKLYN.,Broken Streetlight,40.63824705207848,-73.99594289303494,BROOKLYN
Street Light Out. in BROOKLYN.,Broken Streetlight,40.63201542882692,-73.94175748519089,BROOKLYN
Pothole. at 30 AVENUE in QUEENS.,Pothole / Road Damage,,,QUEENS
Removal Request. at 107-74 111 STREET in QUEENS.,Garbage / Waste,40.68203774785067,-73.82981760363378,QUEENS
Controller. in MANHATTAN.,Broken Streetlight,40.80186645236,-73.94135242178578,MANHATTAN
Removal Request. at 2 HERKIMER COURT in BROOKLYN.,Garbage / Waste,40.679348471828135,-73.94591275796327,BROOKLYN
Catch Basin Clogged/Flooding (Use Comments) (SC). at 215 HEYWARD STREET in BROOKLYN.,Drainage / Flooding,40.703623642811145,-73.95314603299428,BROOKLYN
Street Light Out. at FLUSHING MEADOWS PARK in QUEENS.,Broken Streetlight,40.74237706499928,-73.84215697754966,QUEENS
Pothole. at JEFFERSON AVENUE in BROOKLYN.,Pothole / Road Damage,,,BROOKLYN
Hydrant Running Full (WA4). at 231 WEST  149 STREET in MANHATTAN.,Water Leakage / Sanitation,40.82465428808968,-73.93830808164087,MANHATTAN
Branch or Limb Has Fallen Down. at 405 ARTHUR KILL ROAD in STATEN ISLAND.,Fallen Tree / Vegetation,40.56419965653735,-74.15559367124688,STATEN ISLAND
Sewer Backup (Use Comments) (SA). at 1650 EAST   55 STREET in BROOKLYN.,Drainage / Flooding,40.61632531881132,-73.92177324674287,BROOKLYN
Street Light Out. at 801 NEILL AVENUE in BRONX.,Broken Streetlight,40.85033108044979,-73.86448125859312,BRONX
Loud Music/Party. at 1602 INWOOD AVENUE in BRONX.,Pollution,40.84554615930884,-73.91530147821983,BRONX
Hitting Phone/Cable Lines. at 1238 RALPH AVENUE in BROOKLYN.,Fallen Tree / Vegetation,40.645956909412966,-73.9200880881642,BROOKLYN
Pedestrian Signal. in BROOKLYN.,Broken Streetlight,,,BROOKLYN
Removal Request. at 171-73 46 AVENUE in QUEENS.,Garbage / Waste,40.75346395254251,-73.79401801333375,QUEENS
Vehicle Idling Odor. at 640 8 AVENUE in MANHATTAN.,Pollution,40.75666417742652,-73.99019293432467,MANHATTAN
Sewer Odor (SA2). at 2967 PAINE STREET in BRONX.,Drainage / Flooding,40.83728498687589,-73.82900127053819,BRONX
Veh Signal Head. in MANHATTAN.,Broken Streetlight,40.79914709455231,-73.97252847008015,MANHATTAN
Veh Signal Lamp. in BROOKLYN.,Broken Streetlight,40.66618900896278,-73.91665747810586,BROOKLYN
Pothole. at OAKLAND TERRACE in STATEN ISLAND.,Pothole / Road Damage,,,STATEN ISLAND
Hitting Building. at 115-58 147 STREET in QUEENS.,Fallen Tree / Vegetation,40.68262857517377,-73.79490023210869,QUEENS
Removal Request. at 392 14 STREET in BROOKLYN.,Garbage / Waste,40.66354184196986,-73.9833977610777,BROOKLYN
Pothole. at WOODROW ROAD in STATEN ISLAND.,Pothole / Road Damage,,,STATEN ISLAND
Street Light Out. at 504 WEST  153 STREET in MANHATTAN.,Broken Streetlight,40.83046795638048,-73.94441677470242,MANHATTAN
Branch or Limb Has Fallen Down. at 340 EAST 76 STREET in MANHATTAN.,Fallen Tree / Vegetation,40.77098906859845,-73.95556086040914,MANHATTAN
Vehicle Idling Odor. at 234 NORTH 12 STREET in BROOKLYN.,Pollution,40.71940040112221,-73.95281026665943,BROOKLYN
Controller. in BRONX.,Broken Streetlight,40.826909061172856,-73.93102151496065,BRONX
Catch Basin Search (SC2). at 214 WEST   43 STREET in MANHATTAN.,Drainage / Flooding,40.756987756484406,-73.9871356084243,MANHATTAN
Hitting Building. at 61-34 85 STREET in QUEENS.,Fallen Tree / Vegetation,40.727282762331896,-73.87245607436712,QUEENS
Removal Request. at 193 JEFFERSON AVENUE in BROOKLYN.,Garbage / Waste,40.68336019077304,-73.94944294577164,BROOKLYN
Asbestos Disturbance. at 1260 BURKE AVENUE in BRONX.,Pollution,40.87118450651084,-73.85048199779823,BRONX
Street Light Out. at 1 DUTCH STREET in MANHATTAN.,Broken Streetlight,40.70921302646043,-74.00770444620922,MANHATTAN
Asbestos Disturbance. at 122 EAST 42 STREET in MANHATTAN.,Pollution,40.75160087571556,-73.97644967230369,MANHATTAN
Branch or Limb Has Fallen Down. at 1231 BAYRIDGE PARKWAY in BROOKLYN.,Fallen Tree / Vegetation,40.62115498425752,-74.00881816572674,BROOKLYN
Manhole Overflow (Use Comments) (SA1). at 1630 EAST   15 STREET in BROOKLYN.,Drainage / Flooding,40.60968830849532,-73.95847025842585,BROOKLYN
Removal Request. at 788 EAST 92 STREET in BROOKLYN.,Garbage / Waste,40.64865248687577,-73.91280542981394,BROOKLYN
Cave-in. at 677 QUINCY STREET in BROOKLYN.,Pothole / Road Damage,40.68915890324438,-73.93159672170509,BROOKLYN
Removal Request. at 463 LAFAYETTE AVENUE in BROOKLYN.,Garbage / Waste,40.68930820159475,-73.9563725320358,BROOKLYN
Loud Music/Party. at 4615 3 AVENUE in BRONX.,Pollution,40.856446976510696,-73.8910385963576,BRONX
Dust from Construction. at 78 EAST 7 STREET in BROOKLYN.,Pollution,40.65105975289097,-73.97475893897044,BROOKLYN
Traffic Sign or Signal Blocked. at COMMONWEALTH AVENUE in BRONX.,Fallen Tree / Vegetation,40.83668970058598,-73.86908781366857,BRONX
Street Light Out. at 64 PORTLAND PLACE in STATEN ISLAND.,Broken Streetlight,40.63438456467594,-74.09478887213382,STATEN ISLAND
Banging/Pounding. at 11 PELL STREET in MANHATTAN.,Pollution,40.71473846692861,-73.99768053858439,MANHATTAN
Removal Request. at 7 MERCER STREET in MANHATTAN.,Garbage / Waste,40.72048050880021,-74.00211403031578,MANHATTAN
Loud Talking. at 180 WOODRUFF AVENUE in BROOKLYN.,Pollution,40.65470340226331,-73.96005682981344,BROOKLYN
Tree Alive - in Poor Condition. at 674 STEWART AVENUE in STATEN ISLAND.,Fallen Tree / Vegetation,40.60668472942721,-74.14649826979594,STATEN ISLAND
Blocking Street. at 8823 AVENUE M in BROOKLYN.,Fallen Tree / Vegetation,40.63287321727186,-73.899949544844,BROOKLYN
Hitting Building. at 97-87 CORONA AVENUE in QUEENS.,Fallen Tree / Vegetation,40.74465684138889,-73.86503184024006,QUEENS
Loud Music/Party. at 1388 JESUP AVENUE in BRONX.,Pollution,40.84091437504712,-73.92097788675667,BRONX
Restaurant Odor. at 201 CYPRESS AVENUE in QUEENS.,Pollution,40.70823023415425,-73.91989440694819,QUEENS
Street Light Out. in QUEENS.,Broken Streetlight,,,QUEENS
Hitting Building. at 1629 MADISON PLACE in BROOKLYN.,Fallen Tree / Vegetation,40.61238535211773,-73.94310364630822,BROOKLYN
Pedestrian Signal. in QUEENS.,Broken Streetlight,40.67215083067139,-73.84318115522036,QUEENS
Hitting Power Lines. at 2063 CICERO AVENUE in BRONX.,Fallen Tree / Vegetation,40.817068999527855,-73.85199812209929,BRONX
Loud Talking. at 5313 AVENUE N in BROOKLYN.,Pollution,40.6191537826768,-73.92374747674086,BROOKLYN
Manhole Overflow (Use Comments) (SA1). in BROOKLYN.,Drainage / Flooding,40.60874677483663,-73.95827996342706,BROOKLYN
Restaurant Odor. at 2015 BROADWAY in MANHATTAN.,Pollution,40.77610421457123,-73.98215654482006,MANHATTAN
Dirty Water (WE). at 233 EAST  176 STREET in BRONX.,Water Leakage / Sanitation,40.84747617331055,-73.90533398334665,BRONX
Cave-in. at BOND STREET in BROOKLYN.,Pothole / Road Damage,40.68186107512824,-73.98827500815095,BROOKLYN
Branch Cracked and Will Fall. at 841 TILDEN STREET in BRONX.,Fallen Tree / Vegetation,40.87686765493952,-73.86055076605602,BRONX
Car/Truck Music. at 1388 JESUP AVENUE in BRONX.,Pollution,40.84091437504712,-73.92097788675667,BRONX
Vehicle Idling Odor. at 640 8 AVENUE in MANHATTAN.,Pollution,40.75666417742652,-73.99019293432467,MANHATTAN
Pothole. at 210 STREET in QUEENS.,Pothole / Road Damage,,,QUEENS
Entire Tree Has Fallen Down. at 32-40 93 STREET in QUEENS.,Fallen Tree / Vegetation,40.75778838745408,-73.87536113112247,QUEENS
Pedestrian Signal. in BROOKLYN.,Broken Streetlight,40.69698633989122,-73.93522383122014,BROOKLYN
Hitting Power Lines. at 171-06 108 AVENUE in QUEENS.,Fallen Tree / Vegetation,40.6989778634263,-73.78513427442496,QUEENS
Sewer Backup (Use Comments) (SA). at 869 LAFAYETTE AVENUE in BROOKLYN.,Drainage / Flooding,40.69142966808106,-73.93791929762654,BROOKLYN
Veh Signal Head. in QUEENS.,Broken Streetlight,40.69206639794601,-73.76539547651929,QUEENS
Veh Signal Lamp. in BROOKLYN.,Broken Streetlight,40.68856315543546,-73.87570687991574,BROOKLYN
Controller. in BROOKLYN.,Broken Streetlight,40.69749008729389,-73.92007320207085,BROOKLYN
Hitting Building. at 7018 17 AVENUE in BROOKLYN.,Fallen Tree / Vegetation,40.61752113327925,-73.99559115716849,BROOKLYN
Loud Music/Party. at 2082 FREDERICK DOUGLASS BOULEVARD in MANHATTAN.,Pollution,40.80225484364876,-73.95693421623459,MANHATTAN
Removal Request. at 5324 AVENUE L in BROOKLYN.,Garbage / Waste,40.62375432539053,-73.92415648919149,BROOKLYN
Hydrant Running (WC3). at 248 COLUMBUS AVENUE in MANHATTAN.,Water Leakage / Sanitation,40.77704513992621,-73.97906920850919,MANHATTAN
Street Light Out. at 1004 39 STREET in BROOKLYN.,Broken Streetlight,40.64437324147232,-73.99251564400022,BROOKLYN
Street Light Out. in QUEENS.,Broken Streetlight,40.79358488138572,-73.77827399865825,QUEENS
Pedestrian Signal. in BRONX.,Broken Streetlight,,,BRONX
Pothole. at MC DONALD AVENUE in BROOKLYN.,Pothole / Road Damage,,,BROOKLYN
Controller. in BROOKLYN.,Broken Streetlight,40.69409006668533,-73.93426741359976,BROOKLYN
Street Light Out. at HUDSON RIVER in MANHATTAN.,Broken Streetlight,40.71455812288278,-74.02123221319597,MANHATTAN
Pothole. at SEAMAN AVENUE in MANHATTAN.,Pothole / Road Damage,,,MANHATTAN
Pedestrian Signal. in BROOKLYN.,Broken Streetlight,40.58712181501705,-73.96204504456502,BROOKLYN
Sewer Backup (Use Comments) (SA). at 30-40 82 STREET in QUEENS.,Drainage / Flooding,40.76009147192013,-73.88620399702532,QUEENS
Pothole. at NEPTUNE AVENUE in BROOKLYN.,Pothole / Road Damage,,,BROOKLYN
Asbestos Disturbance. at 1 BEADEL STREET in BROOKLYN.,Pollution,40.72092639790187,-73.94074181410414,BROOKLYN
Traffic Sign or Signal Blocked. at BROADWAY in MANHATTAN.,Fallen Tree / Vegetation,40.80670672847891,-73.9648493528466,MANHATTAN
Street Light Out. at 444 EAST   81 STREET in MANHATTAN.,Broken Streetlight,40.772979532736144,-73.9501439249803,MANHATTAN
Catch Basin Clogged/Flooding (Use Comments) (SC). in QUEENS.,Drainage / Flooding,40.71101828749652,-73.78174089736532,QUEENS
Controller. in BROOKLYN.,Broken Streetlight,40.6632221461328,-73.89365027592062,BROOKLYN
Entire Tree Has Fallen Down. at 1700 CROTONA AVENUE in BRONX.,Fallen Tree / Vegetation,40.83958519358223,-73.89584756419795,BRONX
Loud Music/Party. at 79-11 NORTHERN BOULEVARD in QUEENS.,Pollution,40.75529536774556,-73.88795194472522,QUEENS
Sewer Backup (Use Comments) (SA). at 87-05 30 AVENUE in QUEENS.,Drainage / Flooding,40.76173091870186,-73.881584264777,QUEENS
Hitting Building. at 116 CHARLES STREET in MANHATTAN.,Fallen Tree / Vegetation,40.73440999293109,-74.00632537517917,MANHATTAN
Removal Request. at 13-19 37 AVENUE in QUEENS.,Garbage / Waste,40.75909672273216,-73.93893551635746,QUEENS
Removal Request. at TYSENS LANE in STATEN ISLAND.,Garbage / Waste,40.55837885498764,-74.1066902642099,STATEN ISLAND
Sewer Backup (Use Comments) (SA). at 11-60 NEILSON STREET in QUEENS.,Drainage / Flooding,40.60588006603053,-73.74859537757648,QUEENS
Hydrant Leaking (WC1). at 132-09 MAPLE AVENUE in QUEENS.,Water Leakage / Sanitation,40.753921282188585,-73.83229406924167,QUEENS
Loud Music/Party. at 2075 CRESTON AVENUE in BRONX.,Pollution,40.85349982775477,-73.90415422222642,BRONX
Failed Street Repair. at 134-02 FOCH BOULEVARD in QUEENS.,Pothole / Road Damage,40.67708299190098,-73.80531114227772,QUEENS
Street Light Out. in QUEENS.,Broken Streetlight,40.76334584290019,-73.87730728920086,QUEENS
Leak (Use Comments) (WA2). at 1 CENTRE STREET in MANHATTAN.,Water Leakage / Sanitation,40.71300098043798,-74.00418069316733,MANHATTAN
Pothole. at 53 AVENUE in QUEENS.,Pothole / Road Damage,,,QUEENS
Cave-in. at 61-35 98 STREET in QUEENS.,Pothole / Road Damage,40.73439714395866,-73.86058913220121,QUEENS
Loud Music/Party. at 67 EAST 11 STREET in MANHATTAN.,Pollution,40.732834412142914,-73.99217735930414,MANHATTAN
Loud Talking. at HILLSIDE AVENUE in MANHATTAN.,Pollution,40.858744389082254,-73.93011726711445,MANHATTAN
Loud Music/Party. at 278 METROPOLITAN AVENUE in BROOKLYN.,Pollution,40.71467603499408,-73.95827859002164,BROOKLYN
Asbestos Disturbance. at 1407 LINDEN BOULEVARD in BROOKLYN.,Pollution,40.654643005015394,-73.90756819336421,BROOKLYN
Removal Request. at 337 EAST 77 STREET in MANHATTAN.,Garbage / Waste,40.77162290438008,-73.95504777042365,MANHATTAN
Lamppost Knocked Down. at OCEAN PARKWAY in BROOKLYN.,Broken Streetlight,,,BROOKLYN
Hydrant Running (WC3). at 1225 BAY RIDGE AVENUE in BROOKLYN.,Water Leakage / Sanitation,40.62456971969027,-74.00531350485495,BROOKLYN
Hitting Phone/Cable Lines. at 83 BALTIMORE STREET in STATEN ISLAND.,Fallen Tree / Vegetation,40.5511781211296,-74.15366338043837,STATEN ISLAND
Street Light Out. in BROOKLYN.,Broken Streetlight,40.68569584931617,-73.87160174684475,BROOKLYN
No Water (WNW). at 134-52 173 STREET in QUEENS.,Water Leakage / Sanitation,40.673561258422126,-73.76819318715846,QUEENS
Street Light Out. at 701 DE KALB AVENUE in BROOKLYN.,Broken Streetlight,40.69180234507518,-73.94773811416611,BROOKLYN
Controller. in BROOKLYN.,Broken Streetlight,40.664751349179134,-73.89404073362888,BROOKLYN
Removal Request. at UNIONPORT ROAD in BRONX.,Garbage / Waste,40.83401403339407,-73.8534709632824,BRONX
"Rough, Pitted or Cracked Roads. at 782 EAST 179 STREET in BRONX.",Pothole / Road Damage,40.845437051921415,-73.88723627358287,BRONX
Hitting Power Lines. at 46 MOSELY AVENUE in STATEN ISLAND.,Fallen Tree / Vegetation,40.539040957876544,-74.17630143812292,STATEN ISLAND
Removal Request. at 35-17 100 STREET in QUEENS.,Garbage / Waste,40.753539222847046,-73.86771364074984,QUEENS
Tree Alive - in Poor Condition. at ST NICHOLAS AVENUE in MANHATTAN.,Fallen Tree / Vegetation,40.84025596716814,-73.93968863938895,MANHATTAN
Plate Condition - Noisy. at 1645 UNION STREET in BROOKLYN.,Pothole / Road Damage,40.668078660418345,-73.93570610081203,BROOKLYN
Hitting Building. at 422 QUINCY AVENUE in BRONX.,Fallen Tree / Vegetation,40.82014587790322,-73.82105342104714,BRONX
Controller. in BROOKLYN.,Broken Streetlight,40.62565664994414,-73.93822183986325,BROOKLYN
Removal Request. at 11 MONROE STREET in BROOKLYN.,Garbage / Waste,40.68457422804023,-73.95841640911343,BROOKLYN
Manhole Overflow (Use Comments) (SA1). in BROOKLYN.,Drainage / Flooding,40.60874677483663,-73.95827996342706,BROOKLYN
Loud Music/Party. at 1470 OUTLOOK AVENUE in BRONX.,Pollution,40.84474056330526,-73.81536339866841,BRONX
Removal Request. at 68-17 MYRTLE AVENUE in QUEENS.,Garbage / Waste,40.70169181200284,-73.88399549332432,QUEENS
Dead Branches in Tree. at 273 10 STREET in STATEN ISLAND.,Fallen Tree / Vegetation,40.56679806045629,-74.11972584693785,STATEN ISLAND
Street Light Out. at 336 WEST  246 STREET in BRONX.,Broken Streetlight,40.89373247772951,-73.90198390344274,BRONX
Failed Street Repair. at LINCOLN TUNNEL in MANHATTAN.,Pothole / Road Damage,40.758849408407066,-73.99914451571104,MANHATTAN
Hydrant Running Full (WA4). at 156-66 86 AVENUE in QUEENS.,Water Leakage / Sanitation,40.709279804832825,-73.80566436859559,QUEENS
Leak (Use Comments) (WA2). at 4 BAY   32 STREET in BROOKLYN.,Water Leakage / Sanitation,40.600755775017205,-73.992639369344,BROOKLYN
Street Light Out. at 119-11 166 STREET in QUEENS.,Broken Streetlight,40.68284362006271,-73.77910372263763,QUEENS
Entire Tree Has Fallen Down. at 8401 RIDGE BOULEVARD in BROOKLYN.,Fallen Tree / Vegetation,40.6255422108038,-74.03314234446192,BROOKLYN
Branch Cracked and Will Fall. at 1011 WOODYCREST AVENUE in BRONX.,Fallen Tree / Vegetation,40.832942699931614,-73.9277738072192,BRONX
Pothole. at BROOKLYN AVENUE in BROOKLYN.,Pothole / Road Damage,,,BROOKLYN
Hydrant Running Full (WA4). at 245 EAST   87 STREET in MANHATTAN.,Water Leakage / Sanitation,40.778894916233135,-73.95125159946573,MANHATTAN
Removal Request. at 32-06 76 STREET in QUEENS.,Garbage / Waste,40.75683562990757,-73.89129539003115,QUEENS
Removal Request. at 201 WEST 95 STREET in MANHATTAN.,Garbage / Waste,40.79347063379616,-73.97105009103404,MANHATTAN
Loud Music/Party. at 8-08 QUEENS PLAZA SOUTH in QUEENS.,Pollution,40.75413091394,-73.94906799836494,QUEENS
Sewer Backup (Use Comments) (SA). at 102-01 101 AVENUE in QUEENS.,Drainage / Flooding,40.6857971295598,-73.84064671398792,QUEENS
Tree Alive - in Poor Condition. at 3455 KNOX PLACE in BRONX.,Fallen Tree / Vegetation,40.88226682249451,-73.88311627032716,BRONX
Loud Music/Party. at 397 GREENE AVENUE in BROOKLYN.,Pollution,40.68794632861221,-73.95515826830517,BROOKLYN
Entire Tree Has Fallen Down. at PELHAM PARKWAY SOUTH in BRONX.,Fallen Tree / Vegetation,40.85681436727381,-73.86012648183502,BRONX
Hitting Power Lines. at 8662 25 AVENUE in BROOKLYN.,Fallen Tree / Vegetation,40.59679468052429,-73.98838356854665,BROOKLYN
Defective Hardware. at 44 BEDFORD STREET in MANHATTAN.,Pothole / Road Damage,40.73035883098503,-74.00423951168777,MANHATTAN
Cave-in. at BELL BOULEVARD in QUEENS.,Pothole / Road Damage,40.76028457522968,-73.7693497021632,QUEENS
Removal Request. at 93-14 199 STREET in QUEENS.,Garbage / Waste,40.71420249090327,-73.75982013832329,QUEENS
Vehicle Idling Odor. at SCHENECTADY AVENUE in BROOKLYN.,Pollution,40.63338208114581,-73.93135125352912,BROOKLYN
Hydrant Running (WC3). at 2775 EAST   12 STREET in BROOKLYN.,Water Leakage / Sanitation,40.58351622059898,-73.95728767934483,BROOKLYN
Vehicle Idling Odor. at 640 8 AVENUE in MANHATTAN.,Pollution,40.75666417742652,-73.99019293432467,MANHATTAN
Loud Music/Party. at 68-17 FOREST AVENUE in QUEENS.,Pollution,40.70314344425539,-73.90127591325967,QUEENS
Branch or Limb Has Fallen Down. at 89-01 214 STREET in QUEENS.,Fallen Tree / Vegetation,40.724548735888725,-73.7500706675052,QUEENS
Blocking Street. at 122-15 9 AVENUE in QUEENS.,Fallen Tree / Vegetation,40.78943730378728,-73.8453425257034,QUEENS
Loud Music/Party. at 2918 BRUCKNER BOULEVARD in BRONX.,Pollution,40.83325085108711,-73.82755893872277,BRONX
Catch Basin Clogged/Flooding (Use Comments) (SC). at 191 HENRY STREET in MANHATTAN.,Drainage / Flooding,40.71357682130055,-73.98790871043677,MANHATTAN
Vehicle Idling Odor. at 640 8 AVENUE in MANHATTAN.,Pollution,40.75666417742652,-73.99019293432467,MANHATTAN
Sewer Backup (Use Comments) (SA). at 80 BRUCKNER BOULEVARD in BRONX.,Drainage / Flooding,40.806199762400574,-73.92597866184836,BRONX
Hitting Building. at 56 BUSHWICK AVENUE in BROOKLYN.,Fallen Tree / Vegetation,40.71311233905911,-73.94127901393884,BROOKLYN
Street Light Out. in STATEN ISLAND.,Broken Streetlight,40.57477342692072,-74.09761642754856,STATEN ISLAND
Car/Truck Music. at 76-10 31 AVENUE in QUEENS.,Pollution,40.75866098920136,-73.89140430961565,QUEENS
Removal Request. at 175-11 148 ROAD in QUEENS.,Garbage / Waste,40.65869674700999,-73.77018752048971,QUEENS
Tree Trunk Split. at 716 OCEAN PARKWAY in BROOKLYN.,Fallen Tree / Vegetation,40.63105780663573,-73.97177984371524,BROOKLYN
Hydrant Running (WC3). at 2002 ELLIS AVENUE in BRONX.,Water Leakage / Sanitation,40.831825724948985,-73.85723392905987,BRONX
Hydrant Running Full (WA4). at 301 EAST   87 STREET in MANHATTAN.,Water Leakage / Sanitation,40.7784858725796,-73.95106775304858,MANHATTAN
Street Light Out. at COVERT STREET in BROOKLYN.,Broken Streetlight,,,BROOKLYN
Removal Request. at 1929 86 STREET in BROOKLYN.,Garbage / Waste,40.605405695276254,-73.99957144028726,BROOKLYN
Removal Request. at 310 ST NICHOLAS AVENUE in MANHATTAN.,Garbage / Waste,40.81109928134241,-73.9523370406427,MANHATTAN
Veh Sgnl Mult Lamps. in MANHATTAN.,Broken Streetlight,40.7517012912456,-73.9864003420982,MANHATTAN
Street Flooding (SJ). in BRONX.,Drainage / Flooding,40.84093036295469,-73.91269797926567,BRONX
Vehicle Idling Odor. at 640 8 AVENUE in MANHATTAN.,Pollution,40.75666417742652,-73.99019293432467,MANHATTAN
Car/Truck Music. at 4600 WHITE PLAINS ROAD in BRONX.,Pollution,40.902255530889,-73.85135986673008,BRONX
Removal Request. at 189 JOHNSON AVENUE in BROOKLYN.,Garbage / Waste,40.70667913805241,-73.94231622973311,BROOKLYN
Removal Request. at EAST 176 STREET in BRONX.,Garbage / Waste,40.848253717050426,-73.90974617139251,BRONX
Hitting Building. at 459 DAHILL ROAD in BROOKLYN.,Fallen Tree / Vegetation,40.63615646481691,-73.97922869527082,BROOKLYN
Loud Music/Party. at 240 MULBERRY STREET in MANHATTAN.,Pollution,40.72287388416484,-73.99588723360148,MANHATTAN
Loud Music/Party. at 2082 FREDERICK DOUGLAS BOULEVARD in MANHATTAN.,Pollution,40.80225484364876,-73.95693421623459,MANHATTAN
Street Light Out. in MANHATTAN.,Broken Streetlight,40.70694026781641,-74.0090062482607,MANHATTAN
Street Flooding (SJ). at 142-18 FOCH BOULEVARD in QUEENS.,Drainage / Flooding,40.67882630728695,-73.79914456760828,QUEENS
Removal Request. at 178-10 JAMAICA AVENUE in QUEENS.,Garbage / Waste,40.70798195887983,-73.7828689764747,QUEENS
Removal Request. at 114 ROAD in QUEENS.,Garbage / Waste,40.69733217043022,-73.76201224958494,QUEENS
Ped Multiple Lamps. in BROOKLYN.,Broken Streetlight,40.69223346061907,-73.98729955552464,BROOKLYN
Pothole. at LITTLE CLOVE ROAD in STATEN ISLAND.,Pothole / Road Damage,,,STATEN ISLAND
Loud Music/Party. at 71 WEST 55 STREET in MANHATTAN.,Pollution,40.76255800986483,-73.97700532315454,MANHATTAN
Cave-in. at 413 88 STREET in BROOKLYN.,Pothole / Road Damage,40.62099531680266,-74.02857972248302,BROOKLYN
Loud Music/Party. at 1663 RALPH AVENUE in BROOKLYN.,Pollution,40.63627531109799,-73.9190367941174,BROOKLYN
Branch or Limb Has Fallen Down. at 1064 83 STREET in BROOKLYN.,Fallen Tree / Vegetation,40.618963661501866,-74.01740161776777,BROOKLYN
Cave-in. at AMBOY STREET in BROOKLYN.,Pothole / Road Damage,,,BROOKLYN
LED Pedestrian Unit. in QUEENS.,Broken Streetlight,40.73095812401543,-73.856255743964,QUEENS
Defective Hardware. at 209 JORALEMON STREET in BROOKLYN.,Pothole / Road Damage,40.692475307933,-73.990487253265,BROOKLYN
Hitting Phone/Cable Lines. at 82 MAJOR AVENUE in STATEN ISLAND.,Fallen Tree / Vegetation,40.59993045083053,-74.06536620761165,STATEN ISLAND
Multiple Street Lights Out. at NEW DORP LANE in STATEN ISLAND.,Broken Streetlight,,,STATEN ISLAND
Branch or Limb Has Fallen Down. at EAST 17 STREET in BROOKLYN.,Fallen Tree / Vegetation,,,BROOKLYN
Controller. in QUEENS.,Broken Streetlight,,,QUEENS
Removal Request. at 73 STREET in QUEENS.,Garbage / Waste,40.76690491452177,-73.8959576155655,QUEENS
Cave-in. at 58-13 58 STREET in QUEENS.,Pothole / Road Damage,40.72043309158056,-73.91189260346549,QUEENS
Pothole. in BROOKLYN.,Pothole / Road Damage,40.68415763212501,-73.96906038687393,BROOKLYN
Loud Music/Party. at 1065 PACIFIC STREET in BROOKLYN.,Pollution,40.67893080980579,-73.95796205328756,BROOKLYN
Hydrant Running Full (WA4). at 2347 TIEBOUT AVENUE in BRONX.,Water Leakage / Sanitation,40.8578793303259,-73.89658891377702,BRONX
Vehicle Idling Odor. at 29-26 12 STREET in QUEENS.,Pollution,40.771786419970624,-73.93057316281362,QUEENS
Hitting Building. at 427 55 STREET in BROOKLYN.,Fallen Tree / Vegetation,40.64318954576355,-74.01468017599237,BROOKLYN
Branch Cracked and Will Fall. at 71-44 160 STREET in QUEENS.,Fallen Tree / Vegetation,40.72858394471258,-73.80906454423807,QUEENS
Pothole. at WEST  182 STREET in BRONX.,Pothole / Road Damage,,,BRONX
Pothole. at FILLMORE AVENUE in BROOKLYN.,Pothole / Road Damage,,,BROOKLYN
Vehicle Idling Odor. at 640 8 AVENUE in MANHATTAN.,Pollution,40.75666417742652,-73.99019293432467,MANHATTAN
Flood Light Lamp Out. in QUEENS.,Broken Streetlight,40.72237308717632,-73.84608259883724,QUEENS
Hydrant Running (WC3). at 940 54 STREET in BROOKLYN.,Water Leakage / Sanitation,40.63684176136313,-74.00269146987556,BROOKLYN
Removal Request. at TILLOTSON AVENUE in BRONX.,Garbage / Waste,40.8825393894946,-73.82696820274148,BRONX
Street Light Out. at PS  213 PLGD in QUEENS.,Broken Streetlight,40.746986327486304,-73.74591552782306,QUEENS
Street Light Out. at STORY AVENUE in BRONX.,Broken Streetlight,,,BRONX
Removal Request. at 186 SULLIVAN STREET in MANHATTAN.,Garbage / Waste,40.728371703142535,-74.00080458120391,MANHATTAN
Hitting Power Lines. at 1614 70 STREET in BROOKLYN.,Fallen Tree / Vegetation,40.61877830021577,-73.99726603371491,BROOKLYN
Street Light Out. in BRONX.,Broken Streetlight,40.81418926045404,-73.92124444102458,BRONX
Branch or Limb Has Fallen Down. at CORTELYOU ROAD in BROOKLYN.,Fallen Tree / Vegetation,,,BROOKLYN
Catch Basin Clogged/Flooding (Use Comments) (SC). at 4050 EDSON AVENUE in BRONX.,Drainage / Flooding,40.8913604216973,-73.8440167272716,BRONX
Chronic Dumping. at 314 20 STREET in BROOKLYN.,Garbage / Waste,40.66024887956458,-73.99010618845129,BROOKLYN
Loud Music/Party. at 92-02 CORONA AVENUE in QUEENS.,Pollution,40.74243904326487,-73.87221775214613,QUEENS
Hitting Power Lines. at 1732 LAFAYETTE AVENUE in BRONX.,Fallen Tree / Vegetation,40.82082291922941,-73.86706322837988,BRONX
Branch or Limb Has Fallen Down. at 1168 SHERMAN AVENUE in BRONX.,Fallen Tree / Vegetation,40.83266064567654,-73.91653929353254,BRONX
Hydrant Running (WC3). at 7 FABER STREET in STATEN ISLAND.,Water Leakage / Sanitation,40.64004793372349,-74.1351060822661,STATEN ISLAND
Entire Tree Has Fallen Down. at 17 DULANCEY COURT in STATEN ISLAND.,Fallen Tree / Vegetation,40.63399919298072,-74.07798806295445,STATEN ISLAND
Blocking Street. at 1342 EAST 85 STREET in BROOKLYN.,Fallen Tree / Vegetation,40.63057992864046,-73.9015201586152,BROOKLYN
Manhole Overflow (Use Comments) (SA1). in QUEENS.,Drainage / Flooding,40.70085866826847,-73.89383908527041,QUEENS
Cave-in. at FOUNTAIN AVENUE in BROOKLYN.,Pothole / Road Damage,,,BROOKLYN
Controller. in BROOKLYN.,Broken Streetlight,40.67392160963299,-73.91011187121845,BROOKLYN
Loud Talking. at 3612 BROADWAY in MANHATTAN.,Pollution,40.82872981821377,-73.9487579560851,MANHATTAN
Lamppost Missing. at 1027 GRAND STREET in BROOKLYN.,Broken Streetlight,40.713594216475705,-73.93399567589452,BROOKLYN
APS. in BROOKLYN.,Broken Streetlight,40.62937859528631,-74.02566157474334,BROOKLYN
Loud Music/Party. at 151 AVENUE C in MANHATTAN.,Pollution,40.72553423319804,-73.97780460597261,MANHATTAN
Hitting Power Lines. at 5321 AVENUE O in BROOKLYN.,Fallen Tree / Vegetation,40.61681775933316,-73.92344037676912,BROOKLYN
Hitting Building. at 309 ROCKAWAY PARKWAY in BROOKLYN.,Fallen Tree / Vegetation,40.65993517940315,-73.9187882167785,BROOKLYN
Chronic Dumping. at 30 ELDRIDGE STREET in MANHATTAN.,Garbage / Waste,40.71552055247255,-73.99330486640068,MANHATTAN
Loud Music/Party. at 31 21 STREET in BROOKLYN.,Pollution,40.66471779986965,-73.9988934048686,BROOKLYN
Asbestos Disturbance. at 2501 86 STREET in BROOKLYN.,Pollution,40.59786501220483,-73.98707624276909,BROOKLYN
Blocking Street. at 78-03 73 PLACE in QUEENS.,Fallen Tree / Vegetation,40.70391500659704,-73.87603171014705,QUEENS
Street Light Out. at 156 MAINE AVENUE in STATEN ISLAND.,Broken Streetlight,40.62055847846212,-74.12918790173754,STATEN ISLAND
Blocking Street. at 10 ST JAMES PLACE in STATEN ISLAND.,Fallen Tree / Vegetation,40.59606298038936,-74.10594028734593,STATEN ISLAND
Removal Request. at 242 COOPER STREET in BROOKLYN.,Garbage / Waste,40.690353047062686,-73.90480342328435,BROOKLYN
Dust from Construction. at 1270 EAST 32 STREET in BROOKLYN.,Pollution,40.62065024771932,-73.94375939966679,BROOKLYN
Loud Music/Party. at 12 PARK STREET in BROOKLYN.,Pollution,40.699398062262304,-73.93853578828099,BROOKLYN
Car/Truck Music. at 30-50 77 STREET in QUEENS.,Pollution,40.75971996499223,-73.89087917827256,QUEENS
Clear Street Light. at 84-35 KENDRICK PLACE in QUEENS.,Fallen Tree / Vegetation,40.71609431345333,-73.7911285938688,QUEENS
Tree Leaning/Uprooted. at 244-26 86 ROAD in QUEENS.,Fallen Tree / Vegetation,40.73096356342428,-73.72263192846523,QUEENS
Street Light Out. at 235 WEST  136 STREET in MANHATTAN.,Broken Streetlight,40.8164726219565,-73.94437065950858,MANHATTAN
Pothole. at HOYT AVENUE in QUEENS.,Pothole / Road Damage,,,QUEENS
Other Air Problem. at 22-05 43 AVENUE in QUEENS.,Pollution,40.75001436377456,-73.94436840979924,QUEENS
Branch or Limb Has Fallen Down. at 102-41 46 AVENUE in QUEENS.,Fallen Tree / Vegetation,40.74585238718503,-73.86173445729675,QUEENS
Blocking Street. at 116 WIRT AVENUE in STATEN ISLAND.,Fallen Tree / Vegetation,40.54764071720128,-74.21775064185148,STATEN ISLAND
Loud Music/Party. at 61 2 AVENUE in MANHATTAN.,Pollution,40.72592017187683,-73.9896346333224,MANHATTAN
Removal Request. at 132 BOGART STREET in BROOKLYN.,Garbage / Waste,40.70800597048085,-73.93415630531206,BROOKLYN
Vehicle Idling Odor. at 640 8 AVENUE in MANHATTAN.,Pollution,40.75666417742652,-73.99019293432467,MANHATTAN
Street Light Out. at 586 YETMAN AVENUE in STATEN ISLAND.,Broken Streetlight,40.50131769947794,-74.24043639162959,STATEN ISLAND
Removal Request. at 900 BARRETTO STREET in BRONX.,Garbage / Waste,40.81897194773419,-73.89238976225438,BRONX
Hitting Building. at 183-04 145 AVENUE in QUEENS.,Fallen Tree / Vegetation,40.66499589797067,-73.76201948456901,QUEENS
Manhole Overflow (Use Comments) (SA1). in BROOKLYN.,Drainage / Flooding,40.60874677483663,-73.95827996342706,BROOKLYN
Street Light Out. at 102 CORTELYOU AVENUE in STATEN ISLAND.,Broken Streetlight,40.55734197499889,-74.16429748973832,STATEN ISLAND
Vehicle Idling Odor. at 287 WEST 10 STREET in MANHATTAN.,Pollution,40.73336407664039,-74.00883301505982,MANHATTAN
Multiple Street Lights Out. in QUEENS.,Broken Streetlight,40.76334584290019,-73.87730728920086,QUEENS
Dead Branches in Tree. at CAMBRIDGE PLACE in BROOKLYN.,Fallen Tree / Vegetation,40.68477892912048,-73.96307114871342,BROOKLYN
Hydrant Running Full (WA4). in BROOKLYN.,Water Leakage / Sanitation,40.62553261844095,-73.93242564620708,BROOKLYN
Sewer Odor (SA2). at 372 WILSON AVENUE in BROOKLYN.,Drainage / Flooding,40.6949809813867,-73.91568388016015,BROOKLYN
Pedestrian Signal. in QUEENS.,Broken Streetlight,40.723215024185706,-73.89411373593002,QUEENS
Catch Basin Clogged/Flooding (Use Comments) (SC). at 244 PUTNAM AVENUE in BROOKLYN.,Drainage / Flooding,40.68384145898792,-73.95161313926418,BROOKLYN
Plate Condition - Noisy. at MATHIAS AVENUE in QUEENS.,Pothole / Road Damage,40.69082945193786,-73.78705727115488,QUEENS
Vehicle Idling Odor. at 1 TENNIS PLACE in QUEENS.,Pollution,40.7190060049748,-73.84663871262093,QUEENS
Loud Music/Party. at 10 HOPE STREET in BROOKLYN.,Pollution,40.71377820117416,-73.95746753247961,BROOKLYN
Blocking Street. at BROADWAY in MANHATTAN.,Fallen Tree / Vegetation,40.85416834340433,-73.93370435416593,MANHATTAN
Loud Music/Party. at 397 GREENE AVENUE in BROOKLYN.,Pollution,40.68794632861221,-73.95515826830517,BROOKLYN
Street Light Out. at 1525 BOSTON ROAD in BRONX.,Broken Streetlight,40.83560024667288,-73.89325547670121,BRONX
Loud Music/Party. at 1170 COLGATE AVENUE in BRONX.,Pollution,40.82741251648563,-73.88174921771369,BRONX
Street Light Out. at BEVERLEY ROAD in BROOKLYN.,Broken Streetlight,,,BROOKLYN
Loud Music/Party. at 1130 LINWOOD STREET in BROOKLYN.,Pollution,40.6583828540903,-73.87435747158531,BROOKLYN
Possible Water Main Break (Use Comments) (WA1). in QUEENS.,Water Leakage / Sanitation,40.72106362693494,-73.75944186685103,QUEENS
Pedestrian Signal. in MANHATTAN.,Broken Streetlight,40.75864478953868,-73.98134183654521,MANHATTAN
Street Light Out. at DYCKMAN STREET in MANHATTAN.,Broken Streetlight,,,MANHATTAN
Removal Request. at 30 THOMPSON STREET in MANHATTAN.,Garbage / Waste,40.72300837457703,-74.00418853633742,MANHATTAN
Entire Tree Has Fallen Down. at 182 15 STREET in BROOKLYN.,Fallen Tree / Vegetation,40.66610352120117,-73.99044415425459,BROOKLYN
Loud Music/Party. at 1821 WEST FARMS ROAD in BRONX.,Pollution,40.83681906683625,-73.88215170749311,BRONX
Chronic Dumping. at 3500 PINKNEY AVENUE in BRONX.,Garbage / Waste,40.88583345560747,-73.82362879545332,BRONX
Pedestrian Signal. in BROOKLYN.,Broken Streetlight,40.59639906372089,-73.98520048032063,BROOKLYN
Manhole Overflow (Use Comments) (SA1). in QUEENS.,Drainage / Flooding,40.7126973856682,-73.90059444155973,QUEENS
Removal Request. at 15 WEST 100 STREET in MANHATTAN.,Garbage / Waste,40.79439887371464,-73.96324870452392,MANHATTAN
Street Light Out. in BRONX.,Broken Streetlight,40.8179292892898,-73.90528569304024,BRONX
Pothole. at 52 AVENUE in QUEENS.,Pothole / Road Damage,,,QUEENS
Vehicle Idling Odor. at 640 8 AVENUE in MANHATTAN.,Pollution,40.75666417742652,-73.99019293432467,MANHATTAN
Controller Cabinet. in QUEENS.,Broken Streetlight,40.72935960858734,-73.92854995715457,QUEENS
No Water (WNW). at 85-18 149 AVENUE in QUEENS.,Water Leakage / Sanitation,40.669625907521294,-73.8495531953706,QUEENS
Branch Cracked and Will Fall. at 35-20 33 STREET in QUEENS.,Fallen Tree / Vegetation,40.75693258409908,-73.9272787005498,QUEENS
Catch Basin Clogged/Flooding (Use Comments) (SC). at 766 PUGSLEY AVENUE in BRONX.,Drainage / Flooding,40.82179371408222,-73.85498283872815,BRONX
Pothole. at COLLEGE POINT BOULEVARD in QUEENS.,Pothole / Road Damage,,,QUEENS
No Water (WNW). at 806 BRIGHTON AVENUE in STATEN ISLAND.,Water Leakage / Sanitation,40.63229103744487,-74.09718175733595,STATEN ISLAND
Catch Basin Search (SC2). in QUEENS.,Drainage / Flooding,40.70811446851499,-73.90821542729692,QUEENS
Removal Request. at 601 VAN SINDEREN AVENUE in BROOKLYN.,Garbage / Waste,40.66182517354533,-73.89990251641406,BROOKLYN
Street Light Out. at 75 MELROSE AVENUE in STATEN ISLAND.,Broken Streetlight,40.61906144350039,-74.10313474676983,STATEN ISLAND
Lamppost Wire Exposed. in STATEN ISLAND.,Broken Streetlight,40.5652377740014,-74.18139503546563,STATEN ISLAND
Entire Tree Has Fallen Down. at 223 STREET in QUEENS.,Fallen Tree / Vegetation,40.76037931769961,-73.75800036912884,QUEENS
Vehicle Idling Odor. at 1 TENNIS PLACE in QUEENS.,Pollution,40.7190060049748,-73.84663871262093,QUEENS
Hydrant Defective (WC2). at 64-11 WOODHAVEN BOULEVARD in QUEENS.,Water Leakage / Sanitation,40.72119887700719,-73.86629871596338,QUEENS
Street Light Lamp Missing. at 356 2 STREET in BROOKLYN.,Broken Streetlight,40.67368104634336,-73.98338442203462,BROOKLYN
Street Light Out. at 9 VAN BRUNT ROAD in QUEENS.,Broken Streetlight,40.59800757520738,-73.8200571459098,QUEENS
Sewer Backup (Use Comments) (SA). at 7110 5 AVENUE in BROOKLYN.,Drainage / Flooding,40.63238499894995,-74.02146547091458,BROOKLYN
Street Light Out. in BROOKLYN.,Broken Streetlight,40.60159580407766,-73.97436350802228,BROOKLYN
Chronic Dumping. at 424 WEST 47 STREET in MANHATTAN.,Garbage / Waste,40.76198632004199,-73.99123538530304,MANHATTAN
Loud Music/Party. at 30-10 STEINWAY STREET in QUEENS.,Pollution,40.76332801225485,-73.91546740184359,QUEENS
Hitting Building. at 34-46 84 STREET in QUEENS.,Fallen Tree / Vegetation,40.75268838339016,-73.88296104806626,QUEENS
Street Light Out. at 39 TOMPKINS STREET in STATEN ISLAND.,Broken Streetlight,40.62457157152645,-74.07689993612583,STATEN ISLAND
Pedestrian Signal. in MANHATTAN.,Broken Streetlight,40.8221669535981,-73.94241483940529,MANHATTAN
Manhole Overflow (Use Comments) (SA1). in QUEENS.,Drainage / Flooding,40.745783157320886,-73.91124555940564,QUEENS
Hydrant Running Full (WA4). at 152 SHERMAN AVENUE in MANHATTAN.,Water Leakage / Sanitation,40.86462736420933,-73.92318763020528,MANHATTAN
Loud Music/Party. at 317 3 AVENUE in BROOKLYN.,Pollution,40.6764399936175,-73.98685191591883,BROOKLYN
Removal Request. at 154 44 STREET in BROOKLYN.,Garbage / Waste,40.65306256007428,-74.01445890576545,BROOKLYN
Failed Street Repair. at 73 PLACE in QUEENS.,Pothole / Road Damage,40.71116167673269,-73.87906980500689,QUEENS
Tree Leaning/Uprooted. at 24-52 CRESCENT STREET in QUEENS.,Fallen Tree / Vegetation,40.77412641354202,-73.92014008192311,QUEENS
Removal Request. at 2168 GRAND AVENUE in BRONX.,Garbage / Waste,40.85690283082278,-73.90698344842855,BRONX
Pothole. at STRONG PLACE in BROOKLYN.,Pothole / Road Damage,,,BROOKLYN
Loud Music/Party. at 86-15 LEFFERTS BOULEVARD in QUEENS.,Pollution,40.70085258612968,-73.83128070000103,QUEENS
Manhole Cover Missing (Emergency) (SA3). in MANHATTAN.,Drainage / Flooding,40.76734287488971,-73.96867156292758,MANHATTAN
Loud Music/Party. at 1282 ST NICHOLAS AVENUE in MANHATTAN.,Pollution,40.84493695838399,-73.93691944779661,MANHATTAN
Branch or Limb Has Fallen Down. at 2837 EAST 194 STREET in BRONX.,Fallen Tree / Vegetation,40.8525379012324,-73.8331262253984,BRONX
Hydrant Running Full (WA4). at 87 2 AVENUE in MANHATTAN.,Water Leakage / Sanitation,40.72687528138601,-73.9889273350952,MANHATTAN
Hitting Building. at 1245 JEFFERSON AVENUE in BROOKLYN.,Fallen Tree / Vegetation,40.691772948940354,-73.91281034194787,BROOKLYN
Controller. in BROOKLYN.,Broken Streetlight,40.69768179424523,-73.98702083048191,BROOKLYN
Street Flooding (SJ). at 925 MAGENTA STREET in BRONX.,Drainage / Flooding,40.87437223458972,-73.86014378534644,BRONX
Street Light Out. at 113 STREET in QUEENS.,Broken Streetlight,,,QUEENS
Loud Music/Party. at 134 EAST 170 STREET in BRONX.,Pollution,40.83911220271634,-73.91481455225497,BRONX
Dust from Construction. at 112 HARRISON PLACE in BROOKLYN.,Pollution,40.70677887148764,-73.92921256734658,BROOKLYN
Loud Music/Party. at 8702 AVENUE L in BROOKLYN.,Pollution,40.63396240192965,-73.9025672096457,BROOKLYN
Sewer Odor (SA2). at 1420 MERMAID AVENUE in BROOKLYN.,Drainage / Flooding,40.57693794986128,-73.98188217038972,BROOKLYN
Dust from Construction. at 575 GREENE AVENUE in BROOKLYN.,Pollution,40.68886512056556,-73.9470372754859,BROOKLYN
Traffic Sign or Signal Blocked. at 57-42 136 STREET in QUEENS.,Fallen Tree / Vegetation,40.74614911612738,-73.82922075809138,QUEENS
Vehicle Idling Odor. at 132 STREET in QUEENS.,Pollution,40.78463255090529,-73.83633330305382,QUEENS
Hydrant Running Full (WA4). at 2334 VALENTINE AVENUE in BRONX.,Water Leakage / Sanitation,40.85766906765029,-73.89780026706966,BRONX
Pothole. at BRADY AVENUE in BRONX.,Pothole / Road Damage,,,BRONX
Hitting Building. at 255-44 147 DRIVE in QUEENS.,Fallen Tree / Vegetation,40.65579391592173,-73.73380715780266,QUEENS
Vehicle Idling Odor. at 200 CLAREMONT AVENUE in MANHATTAN.,Pollution,40.81535370911349,-73.95983035344905,MANHATTAN
Hitting Power Lines. at 39-11 209 STREET in QUEENS.,Fallen Tree / Vegetation,40.76356587603389,-73.77699133975256,QUEENS
Nail Salon Odor. at 736 WEST 181 STREET in MANHATTAN.,Pollution,40.85068195921058,-73.93752848535009,MANHATTAN
Pothole. at 111 STREET in QUEENS.,Pothole / Road Damage,,,QUEENS
Vehicle Idling Odor. at 640 8 AVENUE in MANHATTAN.,Pollution,40.75666417742652,-73.99019293432467,MANHATTAN
Cave-in. at 2940 BRIGHTON 12 STREET in BROOKLYN.,Pothole / Road Damage,40.58086424891321,-73.95598256836115,BROOKLYN
Blocked - Construction. at 40-07 73 STREET in QUEENS.,Pothole / Road Damage,40.74642843542848,-73.892247094109,QUEENS
Loud Music/Party. at 2205 EAST TREMONT AVENUE in BRONX.,Pollution,40.84204960499701,-73.85708910648162,BRONX
No Water (WNW). at 41-42 52 STREET in QUEENS.,Water Leakage / Sanitation,40.74558352371408,-73.9122021895373,QUEENS
Failed Street Repair. at 204 EAST 80 STREET in MANHATTAN.,Pothole / Road Damage,40.77479085360934,-73.95640318103764,MANHATTAN
Veh Signal Lamp. in BROOKLYN.,Broken Streetlight,40.66255454397066,-73.90891970492359,BROOKLYN
Cable. in BROOKLYN.,Broken Streetlight,,,BROOKLYN
No Water (WNW). at 335 PARKINSON AVENUE in STATEN ISLAND.,Water Leakage / Sanitation,40.59316583421641,-74.08058687522814,STATEN ISLAND
Hitting Phone/Cable Lines. at 73-07 69 AVENUE in QUEENS.,Fallen Tree / Vegetation,40.70924739508243,-73.87795151460472,QUEENS
Street Light Out. at 34-35 70 STREET in QUEENS.,Broken Streetlight,40.75160848986224,-73.89600677077554,QUEENS
Street Flooding (SJ). at 104-19 SPRINGFIELD BOULEVARD in QUEENS.,Drainage / Flooding,40.71174180782745,-73.73660648079571,QUEENS
Clear Street Light. at 4507 KINGS HIGHWAY in BROOKLYN.,Fallen Tree / Vegetation,40.62747317165742,-73.93240206621392,BROOKLYN
Sewer Backup (Use Comments) (SA). at 101 RUTLEDGE STREET in BROOKLYN.,Drainage / Flooding,40.70094690858816,-73.95878487949746,BROOKLYN
Asbestos Disturbance. at 2501 86 STREET in BROOKLYN.,Pollution,40.59786501220483,-73.98707624276909,BROOKLYN
Hitting Building. at 153 LIVINGSTON AVENUE in STATEN ISLAND.,Fallen Tree / Vegetation,40.60202635011479,-74.12852544094794,STATEN ISLAND
Branch or Limb Has Fallen Down. at 2231 LAFAYETTE AVENUE in BRONX.,Fallen Tree / Vegetation,40.82341770425292,-73.84790475961395,BRONX
Hitting Building. at 3128 FAIRFIELD AVENUE in BRONX.,Fallen Tree / Vegetation,40.88358678149406,-73.9140885296694,BRONX
Entire Tree Has Fallen Down. at 2150 ROYCE STREET in BROOKLYN.,Fallen Tree / Vegetation,40.62083219848716,-73.90360939428423,BROOKLYN
Sewer Backup (Use Comments) (SA). at 369 HOWARD AVENUE in BROOKLYN.,Drainage / Flooding,40.67494680141118,-73.91939722438418,BROOKLYN
Underground. in MANHATTAN.,Broken Streetlight,40.74843176574406,-73.98247072801945,MANHATTAN
Vehicle Idling Odor. at 640 8 AVENUE in MANHATTAN.,Pollution,40.75666417742652,-73.99019293432467,MANHATTAN
Branch Cracked and Will Fall. at 2613 EAST 23 STREET in BROOKLYN.,Fallen Tree / Vegetation,40.5880737668614,-73.94693719181942,BROOKLYN
Pothole. in QUEENS.,Pothole / Road Damage,40.784788551946825,-73.79488164646388,QUEENS
Branch or Limb Has Fallen Down. at 35-04 31 AVENUE in QUEENS.,Fallen Tree / Vegetation,40.762749464836695,-73.92014650341116,QUEENS
Street Light Out. at 14-20 UTOPIA PARKWAY in QUEENS.,Broken Streetlight,40.78936522671031,-73.79401166742993,QUEENS
Vehicle Idling Odor. at 640 8 AVENUE in MANHATTAN.,Pollution,40.75666417742652,-73.99019293432467,MANHATTAN
Street Light Out. at 1476 EAST   71 STREET in BROOKLYN.,Broken Streetlight,40.62256699589604,-73.91050883851167,BROOKLYN
Clear Street Light. at 144-18 69 AVENUE in QUEENS.,Fallen Tree / Vegetation,40.73150001493343,-73.8235393620896,QUEENS
Hitting Power Lines. at 1850 EAST 34 STREET in BROOKLYN.,Fallen Tree / Vegetation,40.61120930430656,-73.93549074769443,BROOKLYN
Sewer Backup (Use Comments) (SA). at 85-16 QUEENS BOULEVARD in QUEENS.,Drainage / Flooding,40.73692858072974,-73.87821113749929,QUEENS
Vehicle Idling Odor. at 640 8 AVENUE in MANHATTAN.,Pollution,40.75666417742652,-73.99019293432467,MANHATTAN
Pothole. in STATEN ISLAND.,Pothole / Road Damage,40.54988255543748,-74.16741691459339,STATEN ISLAND
Street Light Out. at 2 VAN DUZER STREET in STATEN ISLAND.,Broken Streetlight,40.63806699768204,-74.07794597665016,STATEN ISLAND
Catch Basin Clogged/Flooding (Use Comments) (SC). in QUEENS.,Drainage / Flooding,40.76947030937831,-73.91487475045936,QUEENS
Pothole. in MANHATTAN.,Pothole / Road Damage,40.76687588351982,-73.97907601452906,MANHATTAN
Sewer Backup (Use Comments) (SA). at 78 8 AVENUE in BROOKLYN.,Drainage / Flooding,40.67331404277188,-73.97308500245792,BROOKLYN
Vehicle Idling Odor. at 640 8 AVENUE in MANHATTAN.,Pollution,40.75666417742652,-73.99019293432467,MANHATTAN
Cave-in. at 61-33 173 STREET in QUEENS.,Pothole / Road Damage,40.73761452594428,-73.79643057711277,QUEENS
Lamppost Knocked Down. at BRONX ZOO in BRONX.,Broken Streetlight,40.85023185062718,-73.87632289476633,BRONX
Defective Hardware. at 78 BAY RIDGE AVENUE in BROOKLYN.,Pothole / Road Damage,40.6378910513992,-74.0330151631091,BROOKLYN
Plate Condition - Noisy. at EAST 10 STREET in MANHATTAN.,Pothole / Road Damage,40.72876864308615,-73.98443144128736,MANHATTAN
Branch or Limb Has Fallen Down. at 40-23 ITHACA STREET in QUEENS.,Fallen Tree / Vegetation,40.746100689527104,-73.88267307830371,QUEENS
Vehicle Idling Odor. at 236 16 STREET in BROOKLYN.,Pollution,40.66396234024786,-73.98776271031132,BROOKLYN
Branch or Limb Has Fallen Down. at 6 JACKSON PLACE in BROOKLYN.,Fallen Tree / Vegetation,40.662814835753466,-73.98611569100827,BROOKLYN
Loud Music/Party. at 1119 BROADWAY in BROOKLYN.,Pollution,40.69374963424376,-73.92949325294583,BROOKLYN
Controller. in QUEENS.,Broken Streetlight,40.7601874556734,-73.91469529940512,QUEENS
Branch or Limb Has Fallen Down. at 120-31 142 PLACE in QUEENS.,Fallen Tree / Vegetation,40.67590978800963,-73.79825206156215,QUEENS
Manhole Cover Missing (Emergency) (SA3). at 510 EAST  185 STREET in BRONX.,Drainage / Flooding,40.85597787509264,-73.8912960236555,BRONX
Dead Branches in Tree. at 894 SINCLAIR AVENUE in STATEN ISLAND.,Fallen Tree / Vegetation,40.53937648916997,-74.20560994067255,STATEN ISLAND
Branch or Limb Has Fallen Down. at 558 GATES AVENUE in BROOKLYN.,Fallen Tree / Vegetation,40.68705723403246,-73.94320579631614,BROOKLYN
Loud Music/Party. at 134 EAST 170 STREET in BRONX.,Pollution,40.83911220271634,-73.91481455225497,BRONX
Removal Request. at 200-04 99 AVENUE in QUEENS.,Garbage / Waste,40.71160020311651,-73.75970326684065,QUEENS
Removal Request. at 1403 FULTON STREET in BROOKLYN.,Garbage / Waste,40.68015503534684,-73.9450684449953,BROOKLYN
Hydrant Running Full (WA4). at 990 BELMONT AVENUE in BROOKLYN.,Water Leakage / Sanitation,40.67404490552752,-73.872168540035,BROOKLYN
No Water (WNW). at 140-49 169 STREET in QUEENS.,Water Leakage / Sanitation,40.67060517172108,-73.77095758560569,QUEENS
Street Light Out. at 607 BELMONT AVENUE in BROOKLYN.,Broken Streetlight,40.67188391848534,-73.88710071808168,BROOKLYN
Branch Cracked and Will Fall. at 219 MACON STREET in BROOKLYN.,Fallen Tree / Vegetation,40.68191316039561,-73.94246023863272,BROOKLYN
Dust from Construction. at 225 STERLING PLACE in BROOKLYN.,Pollution,40.67610482652345,-73.97042687322985,BROOKLYN
Sewer Backup (Use Comments) (SA). at 348 FULTON STREET in BROOKLYN.,Drainage / Flooding,40.691937159356335,-73.98857614160409,BROOKLYN
Failed Street Repair. at EAST 81 STREET in MANHATTAN.,Pothole / Road Damage,40.776276326697975,-73.95793670645892,MANHATTAN
Vehicle Idling Odor. at 640 8 AVENUE in MANHATTAN.,Pollution,40.75666417742652,-73.99019293432467,MANHATTAN
Sewer Backup (Use Comments) (SA). at 78 8 AVENUE in BROOKLYN.,Drainage / Flooding,40.67331404277188,-73.97308500245792,BROOKLYN
Sewer Backup (Use Comments) (SA). at 305 TROY AVENUE in BROOKLYN.,Drainage / Flooding,40.66824116783167,-73.9367260843877,BROOKLYN
Hydrant Defective (WC2). at 1600 EAST   26 STREET in BROOKLYN.,Water Leakage / Sanitation,40.6118716169304,-73.94792674927002,BROOKLYN
Removal Request. at 103 AVENUE in QUEENS.,Garbage / Waste,40.685083932111326,-73.83511734897928,QUEENS
Vehicle Idling Odor. at 640 8 AVENUE in MANHATTAN.,Pollution,40.75666417742652,-73.99019293432467,MANHATTAN
Street Light Out. at 2752 EAST   22 STREET in BROOKLYN.,Broken Streetlight,40.585112020589726,-73.94670912917618,BROOKLYN
Vehicle Idling Odor. at 640 8 AVENUE in MANHATTAN.,Pollution,40.75666417742652,-73.99019293432467,MANHATTAN
"Rough, Pitted or Cracked Roads. at EAST 233 STREET in BRONX.",Pothole / Road Damage,,,BRONX
Loud Talking. at 3480 BROADWAY in MANHATTAN.,Pollution,40.824600320883576,-73.95177093639812,MANHATTAN
Banging/Pounding. at 1008 MANHATTAN AVENUE in BROOKLYN.,Pollution,40.73341043093968,-73.95477767177844,BROOKLYN
Pedestrian Signal. in MANHATTAN.,Broken Streetlight,,,MANHATTAN
Street Light Out. in MANHATTAN.,Broken Streetlight,40.87041578647481,-73.91514686699077,MANHATTAN
Street Light Out. at CEDAR PLGD in BRONX.,Broken Streetlight,40.85591977049978,-73.91718970947426,BRONX
Removal Request. at 3007 AVENUE S in BROOKLYN.,Garbage / Waste,40.605433756226695,-73.93962707047923,BROOKLYN
Branch or Limb Has Fallen Down. at 4238 ELY AVENUE in BRONX.,Fallen Tree / Vegetation,40.89529810443104,-73.84741836845699,BRONX
Sewer Backup (Use Comments) (SA). at 2354 ARTHUR KIL ROAD in STATEN ISLAND.,Drainage / Flooding,40.55561325923564,-74.21398362792118,STATEN ISLAND
Loud Music/Party. at 67 EAST 11 STREET in MANHATTAN.,Pollution,40.732834412142914,-73.99217735930414,MANHATTAN
Restaurant Odor. at 136 GREENPOINT AVENUE in BROOKLYN.,Pollution,40.730078548164975,-73.9554185631271,BROOKLYN
Catch Basin Clogged/Flooding (Use Comments) (SC). in BROOKLYN.,Drainage / Flooding,40.677352217934825,-73.94423073549241,BROOKLYN
Dead Branches in Tree. at 12 EAST 95 STREET in MANHATTAN.,Fallen Tree / Vegetation,40.78698270521968,-73.95571268776122,MANHATTAN
Catch Basin Clogged/Flooding (Use Comments) (SC). at 305 TROY AVENUE in BROOKLYN.,Drainage / Flooding,40.66824116783167,-73.9367260843877,BROOKLYN
Loud Music/Party. at 414 EAST TREMONT AVENUE in BRONX.,Pollution,40.84757355113258,-73.90037481228694,BRONX
Asbestos Disturbance. at 85-36 54 AVENUE in QUEENS.,Pollution,40.73380115011052,-73.87972511671595,QUEENS
Branch or Limb Has Fallen Down. at 50-48 42 STREET in QUEENS.,Fallen Tree / Vegetation,40.73680855737674,-73.92377521279094,QUEENS
Blocking Street. at 114-59 167 STREET in QUEENS.,Fallen Tree / Vegetation,40.68941718779873,-73.78188732843033,QUEENS
Blocking Street. at 251 STREET in QUEENS.,Fallen Tree / Vegetation,40.7605613403906,-73.72881490629763,QUEENS
Sewer Backup (Use Comments) (SA). at 4516 AVENUE L in BROOKLYN.,Drainage / Flooding,40.62327336960959,-73.9319416220447,BROOKLYN
Vehicle Idling Odor. at 96 5 AVENUE in MANHATTAN.,Pollution,40.736592044865525,-73.99320171300515,MANHATTAN
Controller. in STATEN ISLAND.,Broken Streetlight,40.59702082755506,-74.09338189502466,STATEN ISLAND
LED Pedestrian Unit. in QUEENS.,Broken Streetlight,40.74330549996076,-73.93765082292556,QUEENS
Removal Request. at 722 HOME STREET in BRONX.,Garbage / Waste,40.82834057780432,-73.9026764443768,BRONX
Hydrant Running Full (WA4). at 1054 ELDER AVENUE in BRONX.,Water Leakage / Sanitation,40.82501281899304,-73.878328139372,BRONX
Street Light Out. at 1216 ROYAL STREET in STATEN ISLAND.,Broken Streetlight,40.57768998138478,-74.11100133356341,STATEN ISLAND
Removal Request. at 4149 KINGS HIGHWAY in BROOKLYN.,Garbage / Waste,40.62510266093241,-73.93410480270603,BROOKLYN
Hydrant Running Full (WA4). in QUEENS.,Water Leakage / Sanitation,40.747891920593744,-73.90534917685362,QUEENS
Branch or Limb Has Fallen Down. at DITMAS AVENUE in BROOKLYN.,Fallen Tree / Vegetation,40.63709680061482,-73.96364519998559,BROOKLYN
Vehicle Exhaust Smoke. at 78-15 PARSONS BOULEVARD in QUEENS.,Pollution,40.72195913199264,-73.80969682426189,QUEENS
Loud Music/Party. at 131-23 LIBERTY AVENUE in QUEENS.,Pollution,40.6902101302796,-73.81459414451555,QUEENS
Controller. in BROOKLYN.,Broken Streetlight,40.68535581220007,-73.93851988637358,BROOKLYN
Pothole. at 39 AVENUE in QUEENS.,Pothole / Road Damage,,,QUEENS
Removal Request. at 37-57 JUNCTION BOULEVARD in QUEENS.,Garbage / Waste,40.750484395047984,-73.87019561071867,QUEENS
Street Light Out. at 7 SHIRRA AVENUE in STATEN ISLAND.,Broken Streetlight,40.59119125362463,-74.15212079202793,STATEN ISLAND
Loud Music/Party. at 86-15 LEFFERTS BOULEVARD in QUEENS.,Pollution,40.70085258612968,-73.83128070000103,QUEENS
Street Light Out. at 299 NEAL DOW AVENUE in STATEN ISLAND.,Broken Streetlight,40.616378478732685,-74.13604510629835,STATEN ISLAND
Removal Request. at 197 BEACH 25 STREET in QUEENS.,Garbage / Waste,40.59477643937777,-73.75842411160292,QUEENS
Street Light Out. at MAJOR DEEGAN EXPY in BRONX.,Broken Streetlight,40.80890774879988,-73.92865601716574,BRONX
Street Light Out. at BELT PKWY in BROOKLYN.,Broken Streetlight,,,BROOKLYN
No Water (WNW). at 235 FOREST AVENUE in STATEN ISLAND.,Water Leakage / Sanitation,40.631865400399455,-74.09741171494285,STATEN ISLAND
Street Light Dayburning. at TOMPKINS SQUARE PARK in MANHATTAN.,Broken Streetlight,40.72645166887514,-73.98171163835781,MANHATTAN
Branch Cracked and Will Fall. at 161-03 SANFORD AVENUE in QUEENS.,Fallen Tree / Vegetation,40.76042140009984,-73.8047643309031,QUEENS
No Water (WNW). at 86-42 102 STREET in QUEENS.,Water Leakage / Sanitation,40.69495182343461,-73.84530926751337,QUEENS
Cave-in. at 112 STREET in QUEENS.,Pothole / Road Damage,40.75278281031885,-73.85497787326054,QUEENS
Removal Request. at 220 ST NICHOLAS AVENUE in MANHATTAN.,Garbage / Waste,40.807586265263616,-73.95289584773731,MANHATTAN
Removal Request. at 100 CHURCH STREET in MANHATTAN.,Garbage / Waste,40.71296772801813,-74.00949042127112,MANHATTAN
Entire Tree Has Fallen Down. at 7 AVENUE in QUEENS.,Fallen Tree / Vegetation,40.79433536515952,-73.81813603137604,QUEENS
Tree Alive - in Poor Condition. at 86-37 111 STREET in QUEENS.,Fallen Tree / Vegetation,40.697949584336094,-73.83767849438507,QUEENS
Possible Water Main Break (Use Comments) (WA1). at 305 8 AVENUE in BROOKLYN.,Water Leakage / Sanitation,40.66926071150516,-73.97628048209764,BROOKLYN
Tree Alive - in Poor Condition. at RIVERSIDE PARK in MANHATTAN.,Fallen Tree / Vegetation,40.80024518031856,-73.97335875005403,MANHATTAN
Blocking Street. at 914 LONGWOOD AVENUE in BRONX.,Fallen Tree / Vegetation,40.818481878511314,-73.89985475529674,BRONX
Pothole. at MEMORIAL CIRCLE in QUEENS.,Pothole / Road Damage,40.57855580849864,-73.84098177877857,QUEENS
Hitting Building. at 84-19 102 AVENUE in QUEENS.,Fallen Tree / Vegetation,40.68100969087652,-73.85474817618592,QUEENS
Blocked - Construction. at 3632 WILLETT AVENUE in BRONX.,Pothole / Road Damage,40.880414769622064,-73.86600385271909,BRONX
Controller. in BRONX.,Broken Streetlight,,,BRONX
Street Light Out. in QUEENS.,Broken Streetlight,40.77637300811921,-73.81763988804364,QUEENS
Cave-in. at 58-36 63 STREET in QUEENS.,Pothole / Road Damage,40.720076254162606,-73.90169816595306,QUEENS
Street Light Out. in BROOKLYN.,Broken Streetlight,40.693249270666016,-73.97286058984527,BROOKLYN
Blocking Street. at 134 MIDWOOD STREET in BROOKLYN.,Fallen Tree / Vegetation,40.65977424774324,-73.95592329128635,BROOKLYN
Branch Cracked and Will Fall. at 40 MARVIN ROAD in STATEN ISLAND.,Fallen Tree / Vegetation,40.53632225973809,-74.21712735070389,STATEN ISLAND
Removal Request. at 1173 REV JAMES A POLITE AVENUE in BRONX.,Garbage / Waste,40.827169822932994,-73.89776400494804,BRONX
Removal Request. at 87-21 129 STREET in QUEENS.,Garbage / Waste,40.70106813713941,-73.82311139390424,QUEENS
Tree Alive - in Poor Condition. at 2441 TIEMANN AVENUE in BRONX.,Fallen Tree / Vegetation,40.86161067402215,-73.83804546863874,BRONX
Hydrant Running (WC3). at 611 WEST  137 STREET in MANHATTAN.,Water Leakage / Sanitation,40.821612489031935,-73.95464185827556,MANHATTAN
Cave-in. at 58-13 58 AVENUE in QUEENS.,Pothole / Road Damage,40.72097618815379,-73.91141568374742,QUEENS
Blocking Street. at 21-14 30 AVENUE in QUEENS.,Fallen Tree / Vegetation,40.76978367476446,-73.9276004193343,QUEENS
Removal Request. at 2870 THIRD AVENUE in BRONX.,Garbage / Waste,40.816398549669046,-73.91702934686998,BRONX
Loud Music/Party. at 52-03 CENTER BOULEVARD in QUEENS.,Pollution,40.74216539130632,-73.96003326472021,QUEENS
Controller. in BROOKLYN.,Broken Streetlight,40.66673766479885,-73.99173452938464,BROOKLYN
Removal Request. at 175 ECHO PLACE in BRONX.,Garbage / Waste,40.85006242755246,-73.9062411793277,BRONX
Cave-in. at 1040 LOGAN AVENUE in BRONX.,Pothole / Road Damage,40.83310186210321,-73.82522127789237,BRONX
Sewer Backup (Use Comments) (SA). at 30-50 75 STREET in QUEENS.,Drainage / Flooding,40.75952681738541,-73.8927204303845,QUEENS
Branch or Limb Has Fallen Down. at 4709 TILDEN AVENUE in BROOKLYN.,Fallen Tree / Vegetation,40.64801809206123,-73.93271999347725,BROOKLYN
Hitting Building. at 137-59 231 STREET in QUEENS.,Fallen Tree / Vegetation,40.67122568691152,-73.74126902000684,QUEENS
Pothole. in QUEENS.,Pothole / Road Damage,40.744027466141794,-73.7176261930003,QUEENS
Branch Cracked and Will Fall. at 457 57 STREET in BROOKLYN.,Fallen Tree / Vegetation,40.64178961396936,-74.0153789093399,BROOKLYN
Vehicle Idling Odor. at 640 8 AVENUE in MANHATTAN.,Pollution,40.75666417742652,-73.99019293432467,MANHATTAN
Vehicle Idling Odor. at FOREST HILL ROAD in STATEN ISLAND.,Pollution,40.57260243971694,-74.16667835229653,STATEN ISLAND
Hydrant Running Full (WA4). at 969 TELLER AVENUE in BRONX.,Water Leakage / Sanitation,40.82709874763185,-73.91502505270722,BRONX
Removal Request. at 175 KNICKERBOCKER AVENUE in BROOKLYN.,Garbage / Waste,40.70395336623701,-73.92737977408322,BROOKLYN
Pothole. in BRONX.,Pothole / Road Damage,40.8496686162761,-73.90801287314414,BRONX
Removal Request. at 1433 SECOND AVENUE in MANHATTAN.,Garbage / Waste,40.77051482241667,-73.95712803451786,MANHATTAN
Removal Request. at 2044 STRAUSS STREET in BROOKLYN.,Garbage / Waste,40.66404147342074,-73.91512824477662,BROOKLYN
Loud Music/Party. at 3803 10 AVENUE in MANHATTAN.,Pollution,40.86226785788603,-73.92051506823228,MANHATTAN
Vehicle Idling Odor. at 640 8 AVENUE in MANHATTAN.,Pollution,40.75666417742652,-73.99019293432467,MANHATTAN
Catch Basin Clogged/Flooding (Use Comments) (SC). at 17 VAIL AVENUE in STATEN ISLAND.,Drainage / Flooding,40.516564544166016,-74.21150288761572,STATEN ISLAND
Vehicle Idling Odor. at 505 EAST 68 STREET in MANHATTAN.,Pollution,40.76421498965411,-73.95541015327446,MANHATTAN
Vehicle Idling Odor. at 18 MILBANK ROAD in STATEN ISLAND.,Pollution,40.561154772543695,-74.10267465976658,STATEN ISLAND
Sewer Backup (Use Comments) (SA). at 242 WALLABOUT STREET in BROOKLYN.,Drainage / Flooding,40.700159797427006,-73.95326748060461,BROOKLYN
Lamppost Knocked Down. in QUEENS.,Broken Streetlight,40.74016492850793,-73.89524155975099,QUEENS
Hitting Building. at 93-02 208 STREET in QUEENS.,Fallen Tree / Vegetation,40.71676206636074,-73.75400665174888,QUEENS
Post. in BROOKLYN.,Broken Streetlight,40.64204135404551,-74.02039478809735,BROOKLYN
Branch or Limb Has Fallen Down. at 1575 GUN HILL ROAD in BRONX.,Fallen Tree / Vegetation,40.86700888613587,-73.83956891565084,BRONX
Catch Basin Clogged/Flooding (Use Comments) (SC). at 1921 GLEASON AVENUE in BRONX.,Drainage / Flooding,40.83072307058256,-73.86006208508235,BRONX
Branch Cracked and Will Fall. at 214 STREET in QUEENS.,Fallen Tree / Vegetation,40.72283183191531,-73.74815780857023,QUEENS
Loud Music/Party. at 662 WASHINGTON AVENUE in BROOKLYN.,Pollution,40.67831249819486,-73.96387149622204,BROOKLYN
Removal Request. at 95-02 97 STREET in QUEENS.,Garbage / Waste,40.6874806939383,-73.84541674421402,QUEENS
Vehicle Idling Odor. at 640 8 AVENUE in MANHATTAN.,Pollution,40.75666417742652,-73.99019293432467,MANHATTAN
Dead Branches in Tree. at 42 MONTEREY AVENUE in STATEN ISLAND.,Fallen Tree / Vegetation,40.5555040713359,-74.17469669361981,STATEN ISLAND
Removal Request. at 26 WEST STREET in BROOKLYN.,Garbage / Waste,40.72706880793715,-73.95879397932465,BROOKLYN
Street Light Out. at 115 RUSSEK DRIVE in STATEN ISLAND.,Broken Streetlight,40.54867846534584,-74.1995070699243,STATEN ISLAND
Street Light Lamp Missing. at 2611 MILL AVENUE in BROOKLYN.,Broken Streetlight,40.60942585308442,-73.91171496945717,BROOKLYN
Manhole Cover Missing (Emergency) (SA3). at 1015 CASTLE HILL AVENUE in BRONX.,Drainage / Flooding,40.82796038056856,-73.8501274526584,BRONX
Other Air Problem. at 88-61 75 AVENUE in QUEENS.,Pollution,40.70835309889248,-73.86141908603219,QUEENS
Street Light Out. at 357 NEW DORP LANE in STATEN ISLAND.,Broken Streetlight,40.57097100872653,-74.11067701277466,STATEN ISLAND
Branch or Limb Has Fallen Down. at 237 GARFIELD PLACE in BROOKLYN.,Fallen Tree / Vegetation,40.67179681891013,-73.9759623465818,BROOKLYN
Veh Signal Lamp. in BROOKLYN.,Broken Streetlight,40.60460969195782,-73.9982533698945,BROOKLYN
Asbestos Disturbance. at 1679 BEDFORD AVENUE in BROOKLYN.,Pollution,40.665566104686754,-73.95690712189989,BROOKLYN
Hitting Building. at 46 IRVING PLACE in BROOKLYN.,Fallen Tree / Vegetation,40.68375134516822,-73.9599637133437,BROOKLYN
Catch Basin Clogged/Flooding (Use Comments) (SC). at 450 5 AVENUE in BROOKLYN.,Drainage / Flooding,40.66896867226126,-73.98648930651743,BROOKLYN
Street Light Out. in STATEN ISLAND.,Broken Streetlight,40.556453294989566,-74.14977811126191,STATEN ISLAND
Hydrant Running Full (WA4). in BRONX.,Water Leakage / Sanitation,40.885207552443305,-73.83855577523677,BRONX
Removal Request. at 131 WEST 25 STREET in MANHATTAN.,Garbage / Waste,40.74462865846639,-73.99289774803496,MANHATTAN
Chronic Dumping. at 233 LANDING ROAD in BRONX.,Garbage / Waste,40.86240645467484,-73.91109714827905,BRONX
Tree Alive - in Poor Condition. at 1132 PARK PLACE in BROOKLYN.,Fallen Tree / Vegetation,40.67286794740436,-73.94014643142143,BROOKLYN
Controller. in MANHATTAN.,Broken Streetlight,40.789949627890586,-73.94292662318264,MANHATTAN
Hitting Building. at 62-27 DIETERLE CRESCENT in QUEENS.,Fallen Tree / Vegetation,40.72475571839173,-73.86364345783485,QUEENS
Street Light Out. at 1953 WEST    9 STREET in BROOKLYN.,Broken Streetlight,40.59959064442036,-73.98099017053146,BROOKLYN
Possible Water Main Break (Use Comments) (WA1). at 39 EAST   56 STREET in BROOKLYN.,Water Leakage / Sanitation,40.6563547473608,-73.92505288665066,BROOKLYN
Removal Request. at 1422 76 STREET in BROOKLYN.,Garbage / Waste,40.6179547781794,-74.0051833055977,BROOKLYN
Hitting Building. at 21-18 23 STREET in QUEENS.,Fallen Tree / Vegetation,40.781154101873575,-73.91411958947542,QUEENS
Hydrant Defective (WC2). in BROOKLYN.,Water Leakage / Sanitation,40.68536792256833,-73.91088608166217,BROOKLYN
Removal Request. at 33 EAGLE STREET in BROOKLYN.,Garbage / Waste,40.73471328560736,-73.95973824305426,BROOKLYN
Hydrant Running Full (WA4). in BRONX.,Water Leakage / Sanitation,40.83190020023402,-73.92856270428858,BRONX
Blocking Street. at 64-46 83 STREET in QUEENS.,Fallen Tree / Vegetation,40.71979572658298,-73.87059809578528,QUEENS
Branch or Limb Has Fallen Down. at 85-30 COMMONWEALTH BOULEVARD in QUEENS.,Fallen Tree / Vegetation,40.73204328896686,-73.720787249842,QUEENS
Vehicle Idling Odor. at 454 VAN SICKLEN STREET in BROOKLYN.,Pollution,40.59318874532464,-73.97554775982502,BROOKLYN
Hydrant Defective (WC2). at 410 40 STREET in BROOKLYN.,Water Leakage / Sanitation,40.65173208214095,-74.00620581732497,BROOKLYN
Pedestrian Signal. in MANHATTAN.,Broken Streetlight,40.7229781473266,-74.00505798904624,MANHATTAN
Vehicle Signal. in BROOKLYN.,Broken Streetlight,40.693249270666016,-73.97286058984527,BROOKLYN
Branch Cracked and Will Fall. at 42 ORBIT LANE in STATEN ISLAND.,Fallen Tree / Vegetation,40.59614599273347,-74.15993511844825,STATEN ISLAND
Pothole. in BROOKLYN.,Pothole / Road Damage,40.68415763212501,-73.96906038687393,BROOKLYN
Hitting Building. at 83-16 PETTIT AVENUE in QUEENS.,Fallen Tree / Vegetation,40.74538681245773,-73.88243614729961,QUEENS
Vehicle Idling Odor. at 640 8 AVENUE in MANHATTAN.,Pollution,40.75666417742652,-73.99019293432467,MANHATTAN
Hydrant Running (WC3). in BROOKLYN.,Water Leakage / Sanitation,40.688774933300735,-73.94789193251222,BROOKLYN
Vehicle Idling Odor. at 640 8 AVENUE in MANHATTAN.,Pollution,40.75666417742652,-73.99019293432467,MANHATTAN
Blocking Street. at 31-65 32 STREET in QUEENS.,Fallen Tree / Vegetation,40.76252414220225,-73.92382519942845,QUEENS
Fixture/Luminaire Hanging. at FDR DR in MANHATTAN.,Broken Streetlight,,,MANHATTAN
Catch Basin Search (SC2). at 3030 3 AVENUE in BRONX.,Drainage / Flooding,40.81985687356105,-73.91326756784316,BRONX
Hydrant Running Full (WA4). at 1669 WOODBINE STREET in QUEENS.,Water Leakage / Sanitation,40.700618941511735,-73.90875590050254,QUEENS
Street Light Out. at 42-28 79 STREET in QUEENS.,Broken Streetlight,40.74337863246973,-73.88614232310135,QUEENS
Loud Music/Party. at 79-11 NORTHERN BOULEVARD in QUEENS.,Pollution,40.75529536774556,-73.88795194472522,QUEENS
Sewer Backup (Use Comments) (SA). at 22 EAST   60 STREET in MANHATTAN.,Drainage / Flooding,40.76409088575159,-73.97068381949168,MANHATTAN
Hitting Building. at 96-18 149 AVENUE in QUEENS.,Fallen Tree / Vegetation,40.67111604777666,-73.8392037829171,QUEENS
Dust from Construction. at 3 HUDSON RIVER ROAD in BRONX.,Pollution,40.9034358441506,-73.90984487551954,BRONX
Sewer Backup (Use Comments) (SA). at 34-02 30 STREET in QUEENS.,Drainage / Flooding,40.75979871634373,-73.9282646266739,QUEENS
Street Light Out. in QUEENS.,Broken Streetlight,40.69834653290496,-73.8901970501422,QUEENS
Removal Request. at 638 WEST 227 STREET in BRONX.,Garbage / Waste,40.88097566723513,-73.91658351413474,BRONX
Tree Leaning/Uprooted. at 89-21 70 AVENUE in QUEENS.,Fallen Tree / Vegetation,40.709727364163165,-73.85405798351387,QUEENS
Branch Cracked and Will Fall. at 3123 ARNOW PLACE in BRONX.,Fallen Tree / Vegetation,40.850232403807546,-73.82941258174569,BRONX
Pedestrian Signal. in BROOKLYN.,Broken Streetlight,40.620720681959554,-74.02919917789595,BROOKLYN
Entire Tree Has Fallen Down. at 109-04 109 AVENUE in QUEENS.,Fallen Tree / Vegetation,40.67984040174799,-73.83064523511962,QUEENS
Asbestos Disturbance. at 49 AVENUE T in BROOKLYN.,Pollution,40.598166471855215,-73.98342842032922,BROOKLYN
Loud Music/Party. at 1861 CROPSEY AVENUE in BROOKLYN.,Pollution,40.60172478341943,-74.00568620571462,BROOKLYN
Dead Branches in Tree. at 40-04 247 STREET in QUEENS.,Fallen Tree / Vegetation,40.77195063966472,-73.74378042427873,QUEENS
Fixture/Luminaire Out Of Position. at 79 BRIDGE STREET in BROOKLYN.,Broken Streetlight,40.7020566683554,-73.98471177821122,BROOKLYN
Loud Talking. at 1329 FULTON STREET in BROOKLYN.,Pollution,40.68032944479324,-73.94828070283964,BROOKLYN
Removal Request. at 17 GRANITE STREET in BROOKLYN.,Garbage / Waste,40.68232994517095,-73.90801655924989,BROOKLYN
Hitting Building. at 157-15 16 ROAD in QUEENS.,Fallen Tree / Vegetation,40.78411649276357,-73.804590132114,QUEENS
Vehicle Exhaust Smoke. at KNICKERBOCKER AVENUE in BROOKLYN.,Pollution,,,BROOKLYN
Catch Basin Clogged/Flooding (Use Comments) (SC). in BRONX.,Drainage / Flooding,40.845203270506886,-73.88674512138692,BRONX
Dust. at GLENWOOD ROAD in BROOKLYN.,Pollution,40.63482761641837,-73.9343942431712,BROOKLYN
Hydrant Leaking (WC1). in BROOKLYN.,Water Leakage / Sanitation,40.67417161211275,-73.97882390470171,BROOKLYN
Removal Request. at 1655 PUTNAM AVENUE in QUEENS.,Garbage / Waste,40.69932806239275,-73.90770459328262,QUEENS
Removal Request. at 325 WEST 51 STREET in MANHATTAN.,Garbage / Waste,40.76331158107386,-73.98656763579649,MANHATTAN
Loud Music/Party. at 414 CITY ISLAND AVENUE in BRONX.,Pollution,40.8501028172881,-73.78771128496356,BRONX
Branch Cracked and Will Fall. at 89-12 146 STREET in QUEENS.,Fallen Tree / Vegetation,40.703159908894456,-73.80951245173163,QUEENS
Pothole. in BRONX.,Pothole / Road Damage,40.8364441837319,-73.81939418964446,BRONX
Veh Signal Lamp. in STATEN ISLAND.,Broken Streetlight,40.59702082755506,-74.09338189502466,STATEN ISLAND
Branch or Limb Has Fallen Down. at 614 BAINBRIDGE STREET in BROOKLYN.,Fallen Tree / Vegetation,40.68307465189857,-73.91265946566006,BROOKLYN
Controller. in STATEN ISLAND.,Broken Streetlight,40.611352660598655,-74.09846948564861,STATEN ISLAND
Hydrant Running Full (WA4). at 1085 BEACH AVENUE in BRONX.,Water Leakage / Sanitation,40.827364319404005,-73.86533020042144,BRONX
Cave-in. at 230 AVENUE B in MANHATTAN.,Pothole / Road Damage,40.72923698114627,-73.97817860826756,MANHATTAN
Pothole. at FILLMORE AVENUE in BROOKLYN.,Pothole / Road Damage,,,BROOKLYN
Pothole. at NEPTUNE AVENUE in BROOKLYN.,Pothole / Road Damage,,,BROOKLYN
Sewer Backup (Use Comments) (SA). at 25-04 86 STREET in QUEENS.,Drainage / Flooding,40.76314313165322,-73.88296794572715,QUEENS
Hydrant Running (WC3). in BROOKLYN.,Water Leakage / Sanitation,40.62757180142643,-73.96184551661086,BROOKLYN
Loud Music/Party. at 1065 PACIFIC STREET in BROOKLYN.,Pollution,40.67893080980579,-73.95796205328756,BROOKLYN
Ver Mesage Sign RTPI. in QUEENS.,Broken Streetlight,40.7465563091608,-73.82619899862298,QUEENS
Banging/Pounding. at 420 TROUTMAN STREET in BROOKLYN.,Pollution,40.707070877854704,-73.92234484179741,BROOKLYN
Hitting Building. at 170-31 PIDGEON MEADOW ROAD in QUEENS.,Fallen Tree / Vegetation,40.74877446561316,-73.79629181114015,QUEENS
Hydrant Running Full (WA4). in MANHATTAN.,Water Leakage / Sanitation,40.77855182275575,-73.95124823993245,MANHATTAN
Tree Leaning/Uprooted. at 56 BAY 7 STREET in BROOKLYN.,Fallen Tree / Vegetation,40.61125147714944,-74.0120583493004,BROOKLYN
Street Light Out. at 238 SHERMAN AVENUE in MANHATTAN.,Broken Streetlight,40.86597800798226,-73.91953084539068,MANHATTAN
Loud Talking. at 6 PLATT STREET in MANHATTAN.,Pollution,40.707651326155535,-74.0065753166599,MANHATTAN
"Rough, Pitted or Cracked Roads. at AVENUE W in BROOKLYN.",Pothole / Road Damage,40.59550294061592,-73.94481401252055,BROOKLYN
Pothole. in BROOKLYN.,Pothole / Road Damage,40.630632712877855,-74.0092229208232,BROOKLYN
Street Light Dayburning. at 54-14 65 PLACE in QUEENS.,Broken Streetlight,40.72818030820221,-73.90027909942724,QUEENS
Street Light Out. in BROOKLYN.,Broken Streetlight,40.70194486606545,-73.95572229507718,BROOKLYN
Vehicle Idling Odor. at TOMPKINS AVENUE in BROOKLYN.,Pollution,,,BROOKLYN
Street Light Out. in BROOKLYN.,Broken Streetlight,40.57910472246974,-74.00838062297578,BROOKLYN
Removal Request. at 23 ALABAMA AVENUE in BROOKLYN.,Garbage / Waste,40.67625719438394,-73.89987364506827,BROOKLYN
Removal Request. at 29 TRANTOR PLACE in STATEN ISLAND.,Garbage / Waste,40.63294030582229,-74.14304314426084,STATEN ISLAND
Vehicle Idling Odor. at 640 8 AVENUE in MANHATTAN.,Pollution,40.75666417742652,-73.99019293432467,MANHATTAN
Hydrant Running Full (WA4). in BRONX.,Water Leakage / Sanitation,40.88040026285712,-73.90050281894527,BRONX
Tree Alive - in Poor Condition. at 30 SUMMIT PLACE in STATEN ISLAND.,Fallen Tree / Vegetation,40.5382589253927,-74.17614467265712,STATEN ISLAND
Loud Music/Party. at 134 EAST 170 STREET in BRONX.,Pollution,40.83911220271634,-73.91481455225497,BRONX
Hydrant Running (WC3). at 271 VAN SICLEN AVENUE in BROOKLYN.,Water Leakage / Sanitation,40.67338582995605,-73.89047607545501,BROOKLYN
Dead Branches in Tree. at 93-02 90 AVENUE in QUEENS.,Fallen Tree / Vegetation,40.69068431750623,-73.84992036492024,QUEENS
Hydrant Running Full (WA4). at 3923 CARPENTER AVENUE in BRONX.,Water Leakage / Sanitation,40.88741970287771,-73.86406930615193,BRONX
Vehicle Idling Odor. at 81 BEDFORD STREET in MANHATTAN.,Pollution,40.73168726044357,-74.00503339294247,MANHATTAN
Removal Request. at 130 WATKINS STREET in BROOKLYN.,Garbage / Waste,40.66967366409752,-73.90786819205894,BROOKLYN
Sewer Backup (Use Comments) (SA). at 153-10 HILLSIDE AVENUE in QUEENS.,Drainage / Flooding,40.70729291337505,-73.80423463251647,QUEENS
Hitting Building. at 314 10 STREET in BROOKLYN.,Fallen Tree / Vegetation,40.66932020709701,-73.98834930858175,BROOKLYN
Loud Music/Party. at 911 BROADWAY in BROOKLYN.,Pollution,40.69768421605444,-73.93648897419392,BROOKLYN
Hydrant Defective (WC2). at 1369 EAST   46 STREET in BROOKLYN.,Water Leakage / Sanitation,40.62735471343079,-73.93167087309524,BROOKLYN
Loud Talking. at 122-14 116 AVENUE in QUEENS.,Pollution,40.67605476860137,-73.81596740814614,QUEENS
Removal Request. at WEST 169 STREET in MANHATTAN.,Garbage / Waste,40.84168028474755,-73.93933316300689,MANHATTAN
Hitting Building. at 416 SOUTH 4 STREET in BROOKLYN.,Fallen Tree / Vegetation,40.70759998116196,-73.95115946306049,BROOKLYN
Entire Tree Has Fallen Down. at 53-11 SPRINGFIELD BOULEVARD in QUEENS.,Fallen Tree / Vegetation,40.75420089104253,-73.76063602056774,QUEENS
Branch or Limb Has Fallen Down. at 3741 RICHMOND AVENUE in STATEN ISLAND.,Fallen Tree / Vegetation,40.54659076404303,-74.16604855569922,STATEN ISLAND
APS. in BRONX.,Broken Streetlight,40.84317496421008,-73.91194689088798,BRONX
Cave-in. at RALPH AVENUE in BROOKLYN.,Pothole / Road Damage,40.684146980770855,-73.92295924955722,BROOKLYN
Banging/Pounding. at 11 PELL STREET in MANHATTAN.,Pollution,40.71473846692861,-73.99768053858439,MANHATTAN
Restaurant Odor. at 775 COLUMBUS AVENUE in MANHATTAN.,Pollution,40.7940485808299,-73.9666437522384,MANHATTAN
Hitting Building. at 4039 DEREIMER AVENUE in BRONX.,Fallen Tree / Vegetation,40.89164345988766,-73.84224380417527,BRONX
Hitting Building. at 1651 WEST 11 STREET in BROOKLYN.,Fallen Tree / Vegetation,40.60644214048354,-73.98418265975344,BROOKLYN
No Water (WNW). at 646 LORIMER STREET in BROOKLYN.,Water Leakage / Sanitation,40.716237124785366,-73.9497102015009,BROOKLYN
Hitting Power Lines. at 768 EAST 220 STREET in BRONX.,Fallen Tree / Vegetation,40.8836937671865,-73.86060154355741,BRONX
Loud Music/Party. at 980 BRONX PARK SOUTH in BRONX.,Pollution,40.84488207653463,-73.87858817070433,BRONX
Branch Cracked and Will Fall. at 47-09 39 AVENUE in QUEENS.,Fallen Tree / Vegetation,40.74919568495183,-73.91597617447667,QUEENS
Street Flooding (SJ). at 47-18 73 STREET in QUEENS.,Drainage / Flooding,40.73876372453538,-73.89080163422426,QUEENS
Branch or Limb Has Fallen Down. at 1845 BEDFORD AVENUE in BROOKLYN.,Fallen Tree / Vegetation,40.66055412575779,-73.95687431642908,BROOKLYN
Hydrant Running Full (WA4). at 1160 LEBANON STREET in BRONX.,Water Leakage / Sanitation,40.840659078544576,-73.8744975101599,BRONX
Leak (Use Comments) (WA2). at 56 WEST  124 STREET in MANHATTAN.,Water Leakage / Sanitation,40.80655885707441,-73.94472933116118,MANHATTAN
Removal Request. at 94-20 SUTPHIN BOULEVARD in QUEENS.,Garbage / Waste,40.69883514943057,-73.80682001029942,QUEENS
Loud Music/Party. at 2719 ATLANTIC AVENUE in BROOKLYN.,Pollution,40.676043184780085,-73.8938425353388,BROOKLYN
Catch Basin Sunken/Damaged/Raised (SC1). at 595 PINE STREET in BROOKLYN.,Drainage / Flooding,40.67069359828768,-73.86978132861053,BROOKLYN
Loud Music/Party. at 1038 NOSTRAND AVENUE in BROOKLYN.,Pollution,40.66291223364454,-73.9508822004126,BROOKLYN
Loud Music/Party. at BRYANT AVENUE in BRONX.,Pollution,40.82102008247351,-73.88724513198409,BRONX
Branch or Limb Has Fallen Down. at 187-05 UNION TURNPIKE in QUEENS.,Fallen Tree / Vegetation,40.728980352405394,-73.7819021566088,QUEENS
Pothole. in BROOKLYN.,Pothole / Road Damage,40.690468637693705,-73.9878912652697,BROOKLYN
Removal Request. at 104-12 38 AVENUE in QUEENS.,Garbage / Waste,40.75157284205484,-73.86206185344726,QUEENS
Branch or Limb Has Fallen Down. at 909 EAST 15 STREET in BROOKLYN.,Fallen Tree / Vegetation,40.62707770460595,-73.9617413262306,BROOKLYN
Hydrant Running Full (WA4). at 951 EAST  179 STREET in BRONX.,Water Leakage / Sanitation,40.84302718582266,-73.88174314658023,BRONX
Asbestos Disturbance. at 5000 BROADWAY in MANHATTAN.,Pollution,40.8685352762629,-73.91840691672459,MANHATTAN
Sewer Backup (Use Comments) (SA). at 1737 PILGRIM AVENUE in BRONX.,Drainage / Flooding,40.846324392706855,-73.8334815656199,BRONX
Defective Hardware. at IRVING PLACE in STATEN ISLAND.,Pothole / Road Damage,40.61739931796815,-74.08485927689463,STATEN ISLAND
Vehicle Idling Odor. at 640 8 AVENUE in MANHATTAN.,Pollution,40.75666417742652,-73.99019293432467,MANHATTAN
Hitting Power Lines. at 104-30 120 STREET in QUEENS.,Fallen Tree / Vegetation,40.68626014661823,-73.8231542813986,QUEENS
Vehicle Signal. in BROOKLYN.,Broken Streetlight,40.66255454397066,-73.90891970492359,BROOKLYN
Removal Request. at 39 WEST 131 STREET in MANHATTAN.,Garbage / Waste,40.81077280891717,-73.94081354278876,MANHATTAN
Asbestos Disturbance. at 1185 CARROLL STREET in BROOKLYN.,Pollution,40.66712768077816,-73.94964990195497,BROOKLYN
Controller. in QUEENS.,Broken Streetlight,40.76573170049462,-73.92643878999671,QUEENS
Manhole Overflow (Use Comments) (SA1). at 1425 KINGS HIGHWAY in BROOKLYN.,Drainage / Flooding,40.608508194435615,-73.9588815646739,BROOKLYN
Street Flooding (SJ). in QUEENS.,Drainage / Flooding,40.72135304835364,-73.78650879224409,QUEENS
Street Light Out. in BROOKLYN.,Broken Streetlight,40.703073443192544,-73.95698386204676,BROOKLYN
Branch Cracked and Will Fall. at 7104 FORT HAMILTON PARKWAY in BROOKLYN.,Fallen Tree / Vegetation,40.62764868021087,-74.01370407119272,BROOKLYN
Vehicle Idling Odor. at 377 AMSTERDAM AVENUE in MANHATTAN.,Pollution,40.78256474284612,-73.97873887933065,MANHATTAN
Chronic Dumping. at 544 MARCY AVENUE in BROOKLYN.,Garbage / Waste,40.69617549543867,-73.94937913424717,BROOKLYN
Catch Basin Clogged/Flooding (Use Comments) (SC). at 108 FORSYTH STREET in MANHATTAN.,Drainage / Flooding,40.71870718104598,-73.99268045496936,MANHATTAN
Chronic Dumping. at 117-09 115 AVENUE in QUEENS.,Garbage / Waste,40.67664462753885,-73.82101666111353,QUEENS
Vehicle Idling Odor. at 640 8 AVENUE in MANHATTAN.,Pollution,40.75666417742652,-73.99019293432467,MANHATTAN
Branch or Limb Has Fallen Down. at 198-18 30 AVENUE in QUEENS.,Fallen Tree / Vegetation,40.76977164947375,-73.79159564646997,QUEENS
Catch Basin Search (SC2). in BROOKLYN.,Drainage / Flooding,40.69401168468217,-73.96109348268013,BROOKLYN
Hydrant Running Full (WA4). at FT WASHINGTON AVENUE in MANHATTAN.,Water Leakage / Sanitation,,,MANHATTAN
Pothole. in BROOKLYN.,Pothole / Road Damage,40.66797515538532,-73.98730056986984,BROOKLYN
Veh Signal Head. in BRONX.,Broken Streetlight,,,BRONX
Branch or Limb Has Fallen Down. at 6 HURON PLACE in STATEN ISLAND.,Fallen Tree / Vegetation,40.62869263231026,-74.10345585124682,STATEN ISLAND
Entire Tree Has Fallen Down. at 4451 MATILDA AVENUE in BRONX.,Fallen Tree / Vegetation,40.900034894115336,-73.85553559229076,BRONX
"Rough, Pitted or Cracked Roads. at 117-09 SUTTER AVENUE in QUEENS.",Pothole / Road Damage,40.67448236021249,-73.82141541762049,QUEENS
Traffic Sign or Signal Blocked. at VICTORY BOULEVARD in STATEN ISLAND.,Fallen Tree / Vegetation,40.60696788639071,-74.1644340228627,STATEN ISLAND
Branch or Limb Has Fallen Down. at 1953 RICHMOND AVENUE in STATEN ISLAND.,Fallen Tree / Vegetation,40.59997364809507,-74.16284673762597,STATEN ISLAND
Removal Request. at 715 ROSEWOOD STREET in BRONX.,Garbage / Waste,40.87322170503649,-73.86667643315054,BRONX
Chronic Dumping. at 105-25 75 STREET in QUEENS.,Garbage / Waste,40.678575990340725,-73.86218760164753,QUEENS
Hitting Power Lines. at 41-33 248 STREET in QUEENS.,Fallen Tree / Vegetation,40.77133477166315,-73.74208232804166,QUEENS
Sewer Backup (Use Comments) (SA). at 2822 AVENUE D in BROOKLYN.,Drainage / Flooding,40.64083562285651,-73.95013095766939,BROOKLYN
Branch or Limb Has Fallen Down. at 90-12 178 STREET in QUEENS.,Fallen Tree / Vegetation,40.70973006491805,-73.78416179840038,QUEENS
Pothole. in QUEENS.,Pothole / Road Damage,40.72911765570433,-73.75986379768885,QUEENS
Pothole. at FRANCIS LEWIS BOULEVARD in QUEENS.,Pothole / Road Damage,,,QUEENS
Sewer Backup (Use Comments) (SA). at 1250 EAST  222 STREET in BRONX.,Drainage / Flooding,40.88023876515104,-73.8459341106753,BRONX
Blocking Street. at 214-20 113 AVENUE in QUEENS.,Fallen Tree / Vegetation,40.7042328668808,-73.74179011942708,QUEENS
Hydrant Leaking (WC1). at 114 WEST   24 STREET in MANHATTAN.,Water Leakage / Sanitation,40.743860136862565,-73.99303496535896,MANHATTAN
Vehicle Idling Odor. at 1 WEST 40 STREET in MANHATTAN.,Pollution,40.75230728695433,-73.98206546840244,MANHATTAN
No Water (WNW). at 41-22 52 STREET in QUEENS.,Water Leakage / Sanitation,40.74560547894721,-73.91219855168086,QUEENS
Branch Cracked and Will Fall. at 6 JACKSON PLACE in BROOKLYN.,Fallen Tree / Vegetation,40.662814835753466,-73.98611569100827,BROOKLYN
Cave-in. at EAST 16 STREET in BROOKLYN.,Pothole / Road Damage,40.58370651555226,-73.95259293272548,BROOKLYN
Entire Tree Has Fallen Down. at 120-11 109 AVENUE in QUEENS.,Fallen Tree / Vegetation,40.68256526508143,-73.82111254112209,QUEENS
Lamppost Missing. in QUEENS.,Broken Streetlight,40.74868529796035,-73.87398144406941,QUEENS
Loud Music/Party. at 4441 BROADWAY in MANHATTAN.,Pollution,40.85688767546475,-73.93255208623478,MANHATTAN
Hitting Building. at 16 FURMAN AVENUE in BROOKLYN.,Fallen Tree / Vegetation,40.681854518188025,-73.90729251502097,BROOKLYN
Pedestrian Signal. in BROOKLYN.,Broken Streetlight,40.62432182804097,-73.9849637376358,BROOKLYN
Street Light Out. at 149 LINCOLN AVENUE in BRONX.,Broken Streetlight,40.808584030012,-73.9289128400736,BRONX
Removal Request. at 133-23 ROCKAWAY BOULEVARD in QUEENS.,Garbage / Waste,40.67463597325506,-73.80447469462996,QUEENS
Pothole. at 45 AVENUE in QUEENS.,Pothole / Road Damage,,,QUEENS
"Rough, Pitted or Cracked Roads. at 232-16 87 AVENUE in QUEENS.",Pothole / Road Damage,40.73138714340748,-73.73704840424669,QUEENS
Vehicle Idling Odor. at 640 8 AVENUE in MANHATTAN.,Pollution,40.75666417742652,-73.99019293432467,MANHATTAN
Sewer Odor (SA2). at 420 CARROLL STREET in BROOKLYN.,Drainage / Flooding,40.67791685749424,-73.98848841180947,BROOKLYN
Cave-in. at 73 PLACE in QUEENS.,Pothole / Road Damage,40.71116167673269,-73.87906980500689,QUEENS
Sewer Backup (Use Comments) (SA). at 23-94 23 STREET in QUEENS.,Drainage / Flooding,40.77602594352589,-73.92038693328539,QUEENS
Dust. at 2735 SAMPSON AVENUE in BRONX.,Pollution,40.81848972084433,-73.82391205018938,BRONX
Controller. in BROOKLYN.,Broken Streetlight,40.693249270666016,-73.97286058984527,BROOKLYN
Catch Basin Clogged/Flooding (Use Comments) (SC). at 83-27 COMMONWEALTH BOULEVARD in QUEENS.,Drainage / Flooding,40.73563427663634,-73.7222660793398,QUEENS
APS. in MANHATTAN.,Broken Streetlight,40.77138740575629,-73.95647761547139,MANHATTAN
Vehicle Idling Odor. at 640 8 AVENUE in MANHATTAN.,Pollution,40.75666417742652,-73.99019293432467,MANHATTAN
Dust from Construction. at 56 MESEROLE STREET in BROOKLYN.,Pollution,40.70762600406089,-73.94790965845478,BROOKLYN
Removal Request. at 1069 MORRIS AVENUE in BRONX.,Garbage / Waste,40.82999240822301,-73.91602229653515,BRONX
Street Light Out. at CROCHERON PARK in QUEENS.,Broken Streetlight,40.77212078590735,-73.76704139503545,QUEENS
Catch Basin Sunken/Damaged/Raised (SC1). at 201 WEST  125 STREET in MANHATTAN.,Drainage / Flooding,40.80909952058253,-73.94860690053973,MANHATTAN
Defective/Missing Curb Piece (SC4). at 782 8 AVENUE in MANHATTAN.,Drainage / Flooding,40.76079197705971,-73.98718180034282,MANHATTAN
Catch Basin Clogged/Flooding (Use Comments) (SC). at 410 BERGEN STREET in BROOKLYN.,Drainage / Flooding,40.681859571316295,-73.97801023240706,BROOKLYN
Branch Cracked and Will Fall. at 175 3 STREET in STATEN ISLAND.,Fallen Tree / Vegetation,40.573553030561015,-74.11972715590191,STATEN ISLAND
Hydrant Running Full (WA4). at 1350 COMMERCE AVENUE in BRONX.,Water Leakage / Sanitation,40.83699430033237,-73.84067847883712,BRONX
Controller. in BROOKLYN.,Broken Streetlight,40.694471381557854,-73.9570867780522,BROOKLYN
Sewer Backup (Use Comments) (SA). at 2297 CONEY ISLAND AVENUE in BROOKLYN.,Drainage / Flooding,40.60106792118769,-73.96138891716215,BROOKLYN
Multiple Street Lights Out. at FLUSHING MEADOWS PARK in QUEENS.,Broken Streetlight,40.74237706499928,-73.84215697754966,QUEENS
Controller. in MANHATTAN.,Broken Streetlight,40.805729562606615,-73.9385423529129,MANHATTAN
Controller. in QUEENS.,Broken Streetlight,,,QUEENS
Loud Music/Party. at 2147 CRUGER AVENUE in BRONX.,Pollution,40.85495848107572,-73.86668773837751,BRONX
APS. in BROOKLYN.,Broken Streetlight,40.683127874733,-73.97918522009685,BROOKLYN
Removal Request. at MANOR ROAD in STATEN ISLAND.,Garbage / Waste,40.60936284518915,-74.1212716186953,STATEN ISLAND
Blocking Street. at 94-61 218 STREET in QUEENS.,Fallen Tree / Vegetation,40.71888871111885,-73.73759554865677,QUEENS
Wireless. in BRONX.,Broken Streetlight,40.86203226292979,-73.80213781465784,BRONX
Hitting Building. at 45 CLINTON AVENUE in BROOKLYN.,Fallen Tree / Vegetation,40.696564102973184,-73.96947656266303,BROOKLYN
Sewer Odor (SA2). in BROOKLYN.,Drainage / Flooding,40.700107869592266,-73.95381930513304,BROOKLYN
Underground. in BRONX.,Broken Streetlight,40.81935825335032,-73.91828295359788,BRONX
Hydrant Running (WC3). at 3986 WHITE PLAINS ROAD in BRONX.,Water Leakage / Sanitation,40.88815347028255,-73.8602558421546,BRONX
Removal Request. at 467 RUTLAND ROAD in BROOKLYN.,Garbage / Waste,40.65975848087426,-73.94482573279457,BROOKLYN
Blocking Street. at 357 WOOLLEY AVENUE in STATEN ISLAND.,Fallen Tree / Vegetation,40.61529760580412,-74.14013463942631,STATEN ISLAND
Vehicle Idling Odor. at 75 1 PLACE in BROOKLYN.,Pollution,40.68067866063144,-73.99815403155965,BROOKLYN
Entire Tree Has Fallen Down. at 2935 BROADWAY in MANHATTAN.,Fallen Tree / Vegetation,40.80719518414979,-73.96450593014042,MANHATTAN
Ped Lamp. in MANHATTAN.,Broken Streetlight,40.7583736636452,-73.97099315286859,MANHATTAN
Hydrant Running (WC3). at 233 6 AVENUE in BROOKLYN.,Water Leakage / Sanitation,40.67445428593463,-73.97861832591728,BROOKLYN
Sewer Backup (Use Comments) (SA). at 118-31 199 STREET in QUEENS.,Drainage / Flooding,40.69251446377858,-73.7526068084515,QUEENS
Hitting Building. at 2178 PAULDING AVENUE in BRONX.,Fallen Tree / Vegetation,40.855997186450125,-73.86073912108658,BRONX
Branch or Limb Has Fallen Down. at 24-41 81 STREET in QUEENS.,Fallen Tree / Vegetation,40.76398512127727,-73.88783624799748,QUEENS
Branch or Limb Has Fallen Down. at 248 STREET in QUEENS.,Fallen Tree / Vegetation,40.77057291226897,-73.74138488245325,QUEENS
Pothole. in QUEENS.,Pothole / Road Damage,40.590164444928455,-73.79785941742364,QUEENS
Entire Tree Has Fallen Down. at 40-67 95 STREET in QUEENS.,Fallen Tree / Vegetation,40.747416192413,-73.87057692728602,QUEENS
Sewer Backup (Use Comments) (SA). at 138-14 63 AVENUE in QUEENS.,Drainage / Flooding,40.739896852665005,-73.82757321077052,QUEENS
Vehicle Idling Odor. at 640 8 AVENUE in MANHATTAN.,Pollution,40.75666417742652,-73.99019293432467,MANHATTAN
Pothole. at TOTTEN STREET in QUEENS.,Pothole / Road Damage,,,QUEENS
Street Light Out. at 141-36 UNION TURNPIKE in QUEENS.,Broken Streetlight,40.717435880810456,-73.81826650067447,QUEENS
Removal Request. at 35-31 160 STREET in QUEENS.,Garbage / Waste,40.76459704145654,-73.80528275454124,QUEENS
Pothole. at NETHERLAND AVENUE in BRONX.,Pothole / Road Damage,,,BRONX
Sewer Backup (Use Comments) (SA). at 1266 BLAKE AVENUE in BROOKLYN.,Drainage / Flooding,40.67143240261661,-73.8701872411357,BROOKLYN
Branch Cracked and Will Fall. at 155 CROMWELL AVENUE in STATEN ISLAND.,Fallen Tree / Vegetation,40.59035123209375,-74.09637901283935,STATEN ISLAND
Hydrant Knocked Over/Missing (WC). at 245 ECHO PLACE in BRONX.,Water Leakage / Sanitation,40.84966835017253,-73.90431155502161,BRONX
Pothole. at LORIMER STREET in BROOKLYN.,Pothole / Road Damage,,,BROOKLYN
Removal Request. at 33-00 NORTHERN BOULEVARD in QUEENS.,Garbage / Waste,40.75198615407519,-73.9310990962687,QUEENS
Tree Leaning/Uprooted. at 295 BERRIMAN STREET in BROOKLYN.,Fallen Tree / Vegetation,40.67120332856754,-73.87910981101275,BROOKLYN
Street Flooding (SJ). in MANHATTAN.,Drainage / Flooding,40.85932698382485,-73.93131325067326,MANHATTAN
Loud Music/Party. at 72 ORCHARD STREET in MANHATTAN.,Pollution,40.71751305406181,-73.99053418330956,MANHATTAN
Hydrant Running Full (WA4). in MANHATTAN.,Water Leakage / Sanitation,40.73786581060514,-74.00018403357991,MANHATTAN
Removal Request. at 210 EAST 170 STREET in BRONX.,Garbage / Waste,40.838471437786175,-73.91314210916714,BRONX
Cave-in. at 24-01 93 STREET in QUEENS.,Pothole / Road Damage,40.76567556009777,-73.87677232566529,QUEENS
Vehicle Idling Odor. at 104-22 107 STREET in QUEENS.,Pollution,40.68298322248991,-73.83445191303512,QUEENS
Controller. in BROOKLYN.,Broken Streetlight,,,BROOKLYN
Hydrant Knocked Over/Missing (WC). at 5517 7 AVENUE in BROOKLYN.,Water Leakage / Sanitation,40.6394901621204,-74.00896831915763,BROOKLYN
Loud Music/Party. at 397 GREENE AVENUE in BROOKLYN.,Pollution,40.68794632861221,-73.95515826830517,BROOKLYN
Chronic Dumping. at 31-08 ULMER STREET in QUEENS.,Garbage / Waste,40.76882158833356,-73.83545517190004,QUEENS
Catch Basin Clogged/Flooding (Use Comments) (SC). at 4153 BROADWAY in MANHATTAN.,Drainage / Flooding,40.84663669328632,-73.93832745308652,MANHATTAN
Branch or Limb Has Fallen Down. at 216-19 137 AVENUE in QUEENS.,Fallen Tree / Vegetation,40.67644036948283,-73.75486920825371,QUEENS
Catch Basin Clogged/Flooding (Use Comments) (SC). at 51-02 27 STREET in QUEENS.,Drainage / Flooding,40.73970157241886,-73.94280727884316,QUEENS
Branch or Limb Has Fallen Down. at 529 EGAN STREET in BROOKLYN.,Fallen Tree / Vegetation,40.65642775896104,-73.87361870910809,BROOKLYN
Branch or Limb Has Fallen Down. at EGAN STREET in BROOKLYN.,Fallen Tree / Vegetation,40.65666319470243,-73.87305962557764,BROOKLYN
Hitting Building. at 147-49 HOOVER AVENUE in QUEENS.,Fallen Tree / Vegetation,40.71427002828771,-73.81242420200248,QUEENS
Cave-in. at 364 HALSEY STREET in BROOKLYN.,Pothole / Road Damage,40.68299033359423,-73.9394919555954,BROOKLYN
Asbestos Disturbance. at 88 COFFEY STREET in BROOKLYN.,Pollution,40.67566320711589,-74.01328132097363,BROOKLYN
Possible Water Main Break (Use Comments) (WA1). at 558 WEST  113 STREET in MANHATTAN.,Water Leakage / Sanitation,40.80570752599113,-73.96444892856718,MANHATTAN
Hydrant Running (WC3). at 1104 EAST   48 STREET in BROOKLYN.,Water Leakage / Sanitation,40.634364199718206,-73.93049275159925,BROOKLYN
Street Light Out. at 714 EAST   83 STREET in BROOKLYN.,Broken Streetlight,40.637961119023664,-73.91224650689983,BROOKLYN
Loud Music/Party. at 1388 JESUP AVENUE in BRONX.,Pollution,40.84091437504712,-73.92097788675667,BRONX
Entire Tree Has Fallen Down. at CRESCENT STREET in QUEENS.,Fallen Tree / Vegetation,40.7787746563719,-73.91444401240206,QUEENS
Street Light Out. in BROOKLYN.,Broken Streetlight,40.626190146876304,-73.92183733619378,BROOKLYN
Reflector/Louvre. in QUEENS.,Broken Streetlight,40.72647881325986,-73.89440800474755,QUEENS
Clear Street Light. at 249-25 VAN ZANDT AVENUE in QUEENS.,Fallen Tree / Vegetation,40.76380076983589,-73.73378702105352,QUEENS
Clear Street Light. at 1348 EAST 19 STREET in BROOKLYN.,Fallen Tree / Vegetation,40.61737557736591,-73.9560521435271,BROOKLYN
Vehicle Idling Odor. at 116-06 229 STREET in QUEENS.,Pollution,40.69408127538187,-73.73158076099357,QUEENS
RAIN GARDEN PLANTING (GIRGP). in QUEENS.,Drainage / Flooding,40.74849490810585,-73.89791722527721,QUEENS
Hitting Power Lines. at 37-39 101 STREET in QUEENS.,Fallen Tree / Vegetation,40.75239273782197,-73.86604842428113,QUEENS
Street Light Out. at 425 TARRYTOWN AVENUE in STATEN ISLAND.,Broken Streetlight,40.56061355048576,-74.11750861913653,STATEN ISLAND
Street Flooding (SJ). at 115-43 122 STREET in QUEENS.,Drainage / Flooding,40.67654123199308,-73.8163662420075,QUEENS
Hitting Building. at 97-10 CRESSKILL PLACE in QUEENS.,Fallen Tree / Vegetation,40.69572759964232,-73.80983660977431,QUEENS
Leak (Use Comments) (WA2). in BROOKLYN.,Water Leakage / Sanitation,40.67920428144961,-73.95529393829852,BROOKLYN
Lamppost Leaning. in BROOKLYN.,Broken Streetlight,40.65539704500218,-73.92976084145636,BROOKLYN
Hydrant Running (WC3). in MANHATTAN.,Water Leakage / Sanitation,40.82450977848781,-73.9518504924377,MANHATTAN
Cave-in. at ROGERS AVENUE in BROOKLYN.,Pothole / Road Damage,40.6599379648719,-73.95346145535886,BROOKLYN
Dirty Water (WE). at 1740 MULFORD AVENUE in BRONX.,Water Leakage / Sanitation,40.84638450215681,-73.83520186706808,BRONX
Hydrant Leaking (WC1). in BROOKLYN.,Water Leakage / Sanitation,40.67417161211275,-73.97882390470171,BROOKLYN
Loud Music/Party. at 74 WYTHE AVENUE in BROOKLYN.,Pollution,40.72221013840036,-73.95755955795875,BROOKLYN
Pedestrian Signal. in MANHATTAN.,Broken Streetlight,40.86260529099492,-73.92027605701978,MANHATTAN
Street Light Out. at 163-47 88 STREET in QUEENS.,Broken Streetlight,40.651188291766594,-73.84272228949413,QUEENS
Pothole. at 87 STREET in QUEENS.,Pothole / Road Damage,,,QUEENS
Hitting Power Lines. at 3008 AVENUE U in BROOKLYN.,Fallen Tree / Vegetation,40.600780783511766,-73.93860496615235,BROOKLYN
No Water (WNW). at 69-31 61 ROAD in QUEENS.,Water Leakage / Sanitation,40.71922555770695,-73.88977304255027,QUEENS
Removal Request. at 170 WEST 25 STREET in MANHATTAN.,Garbage / Waste,40.74495807623183,-73.9937205388615,MANHATTAN
Tree Leaning/Uprooted. at 2747 WESTERVELT AVENUE in BRONX.,Fallen Tree / Vegetation,40.86607598740198,-73.83978447868542,BRONX
Catch Basin Clogged/Flooding (Use Comments) (SC). at 24 BEDFORD AVENUE in BROOKLYN.,Drainage / Flooding,40.723058879394166,-73.9521186053874,BROOKLYN
Vehicle Idling Odor. at 640 8 AVENUE in MANHATTAN.,Pollution,40.75666417742652,-73.99019293432467,MANHATTAN
Street Light Out. at 718 SHAD CREEK ROAD in QUEENS.,Broken Streetlight,40.60825059799293,-73.81968739442081,QUEENS
Blocking Street. at 217-67 54 AVENUE in QUEENS.,Fallen Tree / Vegetation,40.75256864506844,-73.7623887923841,QUEENS
Controller. in QUEENS.,Broken Streetlight,40.72785359232886,-73.81394460925917,QUEENS
Chronic Dumping. at 9246 SEVENTH AVENUE in BROOKLYN.,Garbage / Waste,40.61161191282919,-74.02401958376025,BROOKLYN
Entire Tree Has Fallen Down. at 454 DOANE AVENUE in STATEN ISLAND.,Fallen Tree / Vegetation,40.56107857097526,-74.15777816793958,STATEN ISLAND
Vehicle Idling Odor. at 640 8 AVENUE in MANHATTAN.,Pollution,40.75666417742652,-73.99019293432467,MANHATTAN
Culvert Blocked/Needs Cleaning (SE). at 444 EAST FORDHAM ROAD in BRONX.,Drainage / Flooding,40.860941789723626,-73.88997559886448,BRONX
Removal Request. at 24-02 HOYT AVENUE SOUTH in QUEENS.,Garbage / Waste,40.77345801048933,-73.92205802269196,QUEENS
Traffic Signal Light. in QUEENS.,Broken Streetlight,40.752440943476266,-73.95089559206652,QUEENS
Controller. in STATEN ISLAND.,Broken Streetlight,40.60709952165978,-74.0609902811645,STATEN ISLAND
Tree Alive - in Poor Condition.,Fallen Tree / Vegetation,,,Unspecified
Hydrant Leaking (WC1). at 2022 MILL AVENUE in BROOKLYN.,Water Leakage / Sanitation,40.61655941445765,-73.91514539279186,BROOKLYN
Entire Tree Has Fallen Down. at 39 AVENUE in QUEENS.,Fallen Tree / Vegetation,40.74924823401599,-73.91652469440243,QUEENS
Vehicle Idling Odor. at 640 8 AVENUE in MANHATTAN.,Pollution,40.75666417742652,-73.99019293432467,MANHATTAN
Street Light Out. at FLUSHING MEADOWS PARK in QUEENS.,Broken Streetlight,40.74237706499928,-73.84215697754966,QUEENS
Possible Water Main Break (Use Comments) (WA1). in BROOKLYN.,Water Leakage / Sanitation,40.69182361576746,-73.92222917735744,BROOKLYN
Street Light Out. at 333 EAST  181 STREET in BRONX.,Broken Streetlight,40.85397840556349,-73.8988939938161,BRONX
Controller. in BROOKLYN.,Broken Streetlight,40.69083144904631,-73.92439030313433,BROOKLYN
Catch Basin Clogged/Flooding (Use Comments) (SC). in QUEENS.,Drainage / Flooding,40.70064142750434,-73.80210108639619,QUEENS
Pedestrian Signal. in QUEENS.,Broken Streetlight,40.757471703125454,-73.90278721072147,QUEENS
Street Light Out. in STATEN ISLAND.,Broken Streetlight,40.59936316034833,-74.07301781406825,STATEN ISLAND
Street Light Out. in BROOKLYN.,Broken Streetlight,40.7036390988914,-73.957614660677,BROOKLYN
Vehicle Exhaust Smoke. at 78-15 PARSONS BOULEVARD in QUEENS.,Pollution,40.72195913199264,-73.80969682426189,QUEENS
Defective Hardware. at 36-26 201 STREET in QUEENS.,Pothole / Road Damage,40.7640401535928,-73.78536479148089,QUEENS
Hydrant Running (WC3). at 252 SOUTH    3 STREET in BROOKLYN.,Water Leakage / Sanitation,40.710676635177,-73.95750918885847,BROOKLYN
Controller. in QUEENS.,Broken Streetlight,40.74029842145184,-73.89414793317358,QUEENS
Hydrant Running (WC3). at 372 PEARL STREET in MANHATTAN.,Water Leakage / Sanitation,40.71036882529243,-74.0009775005258,MANHATTAN
Street Light Dayburning. in QUEENS.,Broken Streetlight,40.73626943330202,-73.77286083936565,QUEENS
Street Light Out. in BRONX.,Broken Streetlight,40.90384526037696,-73.90038451757867,BRONX
Hitting Power Lines. at 2083 BROWN STREET in BROOKLYN.,Fallen Tree / Vegetation,40.60103131295767,-73.94003077416939,BROOKLYN
Street Light Out. at -999 ROWLAND STREET in BRONX.,Broken Streetlight,,,BRONX
Blocking Street. at 234 WEST 13 STREET in MANHATTAN.,Fallen Tree / Vegetation,40.73837358119592,-74.00141815192326,MANHATTAN
Asbestos Disturbance. at 2501 86 STREET in BROOKLYN.,Pollution,40.59786501220483,-73.98707624276909,BROOKLYN
Branch Cracked and Will Fall. at 185 ELLERY STREET in BROOKLYN.,Fallen Tree / Vegetation,40.69886886811279,-73.945042206645,BROOKLYN
Dust from Construction. at 466 WEST 166 STREET in MANHATTAN.,Pollution,40.8382401008262,-73.93734501544776,MANHATTAN
Removal Request. at 138-32 95 AVENUE in QUEENS.,Garbage / Waste,40.6969374027558,-73.8111133937286,QUEENS
Removal Request. at 402 NETHERLAND AVENUE in STATEN ISLAND.,Garbage / Waste,40.62892352009755,-74.16250307546828,STATEN ISLAND
Hydrant Running Full (WA4). at 38-63 58 STREET in QUEENS.,Water Leakage / Sanitation,40.74813884987881,-73.90522972703833,QUEENS
Sewer Backup (Use Comments) (SA). at 66-89 FOREST AVENUE in QUEENS.,Drainage / Flooding,40.7049528811056,-73.90201982507807,QUEENS
Cave-in. at 420 BRONX PARK AVENUE in BRONX.,Pothole / Road Damage,40.84042113198765,-73.87527498367541,BRONX
Loud Music/Party. at 1841 CARTER AVENUE in BRONX.,Pollution,40.84664473813887,-73.9022954522807,BRONX
Defective Hardware. at 8635 21 AVENUE in BROOKLYN.,Pothole / Road Damage,40.60252361616561,-73.99682735454735,BROOKLYN
Street Light Out. in BRONX.,Broken Streetlight,40.85095071181031,-73.82886854304576,BRONX
Manhole Overflow (Use Comments) (SA1). at 1425 KINGS HIGHWAY in BROOKLYN.,Drainage / Flooding,40.608508194435615,-73.9588815646739,BROOKLYN
Branch Cracked and Will Fall. at 355 WEST 19 STREET in MANHATTAN.,Fallen Tree / Vegetation,40.74348704747823,-74.00179357659499,MANHATTAN
Tree Leaning/Uprooted. at 1846 EAST 34 STREET in BROOKLYN.,Fallen Tree / Vegetation,40.611258740898194,-73.93554472480531,BROOKLYN
Street Light Cycling. in BRONX.,Broken Streetlight,40.83538923508725,-73.88782066935879,BRONX
Manhole Cover Missing (Emergency) (SA3). at ERICSSON PLACE in MANHATTAN.,Drainage / Flooding,,,MANHATTAN
Pothole. at QUEENS BOULEVARD in QUEENS.,Pothole / Road Damage,40.741280237793646,-73.90256544457489,QUEENS
Hitting Building. at 217-17 50 AVENUE in QUEENS.,Fallen Tree / Vegetation,40.75476004519433,-73.76291517113224,QUEENS
Vehicle Idling Odor. at 640 8 AVENUE in MANHATTAN.,Pollution,40.75666417742652,-73.99019293432467,MANHATTAN
Vehicle Idling Odor. at 640 8 AVENUE in MANHATTAN.,Pollution,40.75666417742652,-73.99019293432467,MANHATTAN
Branch or Limb Has Fallen Down. at 220-55 46 AVENUE in QUEENS.,Fallen Tree / Vegetation,40.76012674225072,-73.75928273785192,QUEENS
Dead Branches in Tree. at HICKMAN PLAYGROUND in BROOKLYN.,Fallen Tree / Vegetation,40.62017481967567,-73.91217263269192,BROOKLYN
Leak (Use Comments) (WA2). at 41-35 52 STREET in QUEENS.,Water Leakage / Sanitation,40.74558899670191,-73.9121805287945,QUEENS
Street Light Out. at 299 PARK PLACE in BROOKLYN.,Broken Streetlight,40.676515852242105,-73.96785259081423,BROOKLYN
Branch or Limb Has Fallen Down. at 321 BEACH 22 STREET in QUEENS.,Fallen Tree / Vegetation,40.59797498125508,-73.75751950238116,QUEENS
Hitting Power Lines. at 3321 CORSA AVENUE in BRONX.,Fallen Tree / Vegetation,40.87509586390954,-73.84642694927587,BRONX
Clear Street Light. at 28-31 36 STREET in QUEENS.,Fallen Tree / Vegetation,40.76633412242104,-73.91631194709029,QUEENS
Blocking Street. at 3319 AVENUE T in BROOKLYN.,Fallen Tree / Vegetation,40.60684826023952,-73.93150098574661,BROOKLYN
Tree Alive - in Poor Condition. at 570 77 STREET in BROOKLYN.,Fallen Tree / Vegetation,40.62703810002194,-74.02173033693629,BROOKLYN
Street Light Out. at 19 SPARTAN AVENUE in STATEN ISLAND.,Broken Streetlight,40.6254895953646,-74.16263520950548,STATEN ISLAND
Street Light Out. at 1083 VICTORY BOULEVARD in STATEN ISLAND.,Broken Streetlight,40.61849796066674,-74.10094382916924,STATEN ISLAND
Street Light Out. at 631 59 STREET in BROOKLYN.,Broken Streetlight,40.63825741798139,-74.01254964990919,BROOKLYN
Pothole. at 41 AVENUE in QUEENS.,Pothole / Road Damage,,,QUEENS
Pothole. in BROOKLYN.,Pothole / Road Damage,40.70148562709231,-73.9114235496619,BROOKLYN
Removal Request. at 3203 PARSIFAL PLACE in BRONX.,Garbage / Waste,40.83923277291051,-73.82112857081471,BRONX
Banging/Pounding. at 127-48 WILLETS POINT BOULEVARD in QUEENS.,Pollution,40.75981584069158,-73.84115547265326,QUEENS
Banging/Pounding. at 32 BRONX SHORE ROAD in MANHATTAN.,Pollution,40.799945575803086,-73.92337784761392,MANHATTAN
Blocking Street. at 158 MERRYMOUNT STREET in STATEN ISLAND.,Fallen Tree / Vegetation,40.58986373827118,-74.15950241325675,STATEN ISLAND
Hydrant Running Full (WA4). at 2600 ADAM CLAYTON POWELL JR BOULEVARD in MANHATTAN.,Water Leakage / Sanitation,40.82490868908109,-73.9367252542273,MANHATTAN
Vehicle Idling Odor. at 640 8 AVENUE in MANHATTAN.,Pollution,40.75666417742652,-73.99019293432467,MANHATTAN
Veh Sgnl Mult Lamps. in BROOKLYN.,Broken Streetlight,40.62908818067213,-73.97684956320424,BROOKLYN
Loud Music/Party. at 1470 OUTLOOK AVENUE in BRONX.,Pollution,40.84474056330526,-73.81536339866841,BRONX
Hitting Building. at 1982 EAST 29 STREET in BROOKLYN.,Fallen Tree / Vegetation,40.603135552237845,-73.943432037465,BROOKLYN
Lamppost Missing. at 21 CANTON COURT in BROOKLYN.,Broken Streetlight,40.58697147589089,-73.92035669052694,BROOKLYN
Hydrant Running (WC3). at 228 6 AVENUE in BROOKLYN.,Water Leakage / Sanitation,40.67445977950239,-73.9786399545822,BROOKLYN
RAIN GARDEN DEBRIS (GIRGD). at 97-12 95 AVENUE in QUEENS.,Drainage / Flooding,40.6877384256996,-73.84521061643451,QUEENS
Street Light Out. in STATEN ISLAND.,Broken Streetlight,40.646612087682406,-74.08109106320407,STATEN ISLAND
Traffic Signal Light. in MANHATTAN.,Broken Streetlight,40.7553005625042,-73.97534387376678,MANHATTAN
Hitting Building. at 202 CUBA AVENUE in STATEN ISLAND.,Fallen Tree / Vegetation,40.56295493852586,-74.10909454390065,STATEN ISLAND
Hydrant Running Full (WA4). at 690 WESTCHESTER AVENUE in BRONX.,Water Leakage / Sanitation,40.816583497436255,-73.90758533128489,BRONX
Hydrant Running (WC3). in BROOKLYN.,Water Leakage / Sanitation,40.59651130968669,-73.90787551923017,BROOKLYN
No Water (WNW). at 112-27 FARMERS BOULEVARD in QUEENS.,Water Leakage / Sanitation,40.70016271043263,-73.76367194266535,QUEENS
Vehicle Idling Odor. at 640 8 AVENUE in MANHATTAN.,Pollution,40.75666417742652,-73.99019293432467,MANHATTAN
Branch or Limb Has Fallen Down. at 1211 46 STREET in BROOKLYN.,Fallen Tree / Vegetation,40.63774455474088,-73.99207681079625,BROOKLYN
Loud Music/Party. at 12 PARK STREET in BROOKLYN.,Pollution,40.699398062262304,-73.93853578828099,BROOKLYN
Branch Cracked and Will Fall. at 183-04 145 AVENUE in QUEENS.,Fallen Tree / Vegetation,40.66499589797067,-73.76201948456901,QUEENS
Veh Sgnl Mult Lamps. in QUEENS.,Broken Streetlight,40.7402725268642,-73.89585124979992,QUEENS
Vehicle Idling Odor. at 202 WEST 93 STREET in MANHATTAN.,Pollution,40.79217533396455,-73.97191017831028,MANHATTAN
Pothole. in QUEENS.,Pothole / Road Damage,40.74416744233457,-73.9124783278851,QUEENS
Possible Water Main Break (Use Comments) (WA1). at 305 8 AVENUE in BROOKLYN.,Water Leakage / Sanitation,40.66926071150516,-73.97628048209764,BROOKLYN
Vehicle Idling Odor. at 2262 LINDEN BOULEVARD in BROOKLYN.,Pollution,40.66330164730175,-73.87962515290106,BROOKLYN
Street Light Out. at BKLYN QUEENS EXPY in BROOKLYN.,Broken Streetlight,40.70138689395573,-73.96115048946955,BROOKLYN
Branch or Limb Has Fallen Down. at 102-26 90 STREET in QUEENS.,Fallen Tree / Vegetation,40.6816014124215,-73.84958026009662,QUEENS
Branch or Limb Has Fallen Down. at 9401 RIDGE BOULEVARD in BROOKLYN.,Fallen Tree / Vegetation,40.61852291777424,-74.03600609116238,BROOKLYN
Ped Lamp. in BROOKLYN.,Broken Streetlight,40.67988917609246,-73.94032760874937,BROOKLYN
Clear Street Light. at 19 SPARTAN AVENUE in STATEN ISLAND.,Fallen Tree / Vegetation,40.6254895953646,-74.16263520950548,STATEN ISLAND
Loud Music/Party. at 175 HIMROD STREET in BROOKLYN.,Pollution,40.69805399996578,-73.92187209378284,BROOKLYN
Removal Request. at 413 NEWPORT STREET in BROOKLYN.,Garbage / Waste,40.66078718220986,-73.89937063248387,BROOKLYN
Leak (Use Comments) (WA2). in MANHATTAN.,Water Leakage / Sanitation,40.80574270990699,-73.94275414524256,MANHATTAN
Asbestos Disturbance. at 135 CONSELYEA STREET in BROOKLYN.,Pollution,40.71513185284064,-73.94558070966801,BROOKLYN
Vehicle Idling Odor. at TOMPKINS AVENUE in BROOKLYN.,Pollution,,,BROOKLYN
Hitting Building. at 2019 CHATTERTON AVENUE in BRONX.,Fallen Tree / Vegetation,40.82763506495424,-73.85545068671571,BRONX
Removal Request. at WEMPLE STREET in STATEN ISLAND.,Garbage / Waste,,,STATEN ISLAND
Loud Music/Party. at 1384 CROTONA AVENUE in BRONX.,Pollution,40.83306845126738,-73.89802957976048,BRONX
Controller. in MANHATTAN.,Broken Streetlight,40.75141872258455,-73.98764558611884,MANHATTAN
RAIN GARDEN DEBRIS (GIRGD). in BROOKLYN.,Drainage / Flooding,40.67921082417085,-73.91373891422165,BROOKLYN
Pothole. at 210 STREET in QUEENS.,Pothole / Road Damage,,,QUEENS
Controller. in MANHATTAN.,Broken Streetlight,40.75940563142294,-73.98510289805732,MANHATTAN
Loud Music/Party. at 1401 JESUP AVENUE in BRONX.,Pollution,40.8412600444931,-73.92073894480015,BRONX
Street Light Out. at 300 MASPETH AVENUE in BROOKLYN.,Broken Streetlight,40.71778456928968,-73.9324475523355,BROOKLYN
Controller. in STATEN ISLAND.,Broken Streetlight,40.55634561636988,-74.20369726760958,STATEN ISLAND
Vehicle Idling Odor. at 640 8 AVENUE in MANHATTAN.,Pollution,40.75666417742652,-73.99019293432467,MANHATTAN
Plate Condition - Shifted. at 222 WEST 14 STREET in MANHATTAN.,Pothole / Road Damage,40.73891430473274,-74.00055932654452,MANHATTAN
Sewer Backup (Use Comments) (SA). at 38 WEST   28 STREET in MANHATTAN.,Drainage / Flooding,40.74551493383965,-73.98929234657658,MANHATTAN
Cave-in. at 460 WILLOUGHBY AVENUE in BROOKLYN.,Pothole / Road Damage,40.69364557103487,-73.95111919951603,BROOKLYN
Street Light Out. at 400 ST MARKS PLACE in STATEN ISLAND.,Broken Streetlight,40.63982671669408,-74.07748682243356,STATEN ISLAND
Manhole Cover Missing (Emergency) (SA3). at 191 STREET in QUEENS.,Drainage / Flooding,,,QUEENS
Removal Request. at 70-89 PARK DRIVE EAST in QUEENS.,Garbage / Waste,40.72582196222997,-73.82957590952758,QUEENS
Loud Music/Party. at 61 2 AVENUE in MANHATTAN.,Pollution,40.72592017187683,-73.9896346333224,MANHATTAN
Loud Music/Party. at 2021 LEXINGTON AVENUE in MANHATTAN.,Pollution,40.80297379959426,-73.93843292428943,MANHATTAN
Controller. in QUEENS.,Broken Streetlight,40.76840134809592,-73.73753765133831,QUEENS
Chronic Dumping. at NEW JERSEY AVENUE in BROOKLYN.,Garbage / Waste,40.66644432990006,-73.89344688321187,BROOKLYN
Branch or Limb Has Fallen Down. at 115 NELSON STREET in BROOKLYN.,Fallen Tree / Vegetation,40.67715987047288,-74.00109959114795,BROOKLYN
Cave-in. at MORRIS AVENUE in BRONX.,Pothole / Road Damage,40.84884818030441,-73.90830316966321,BRONX
Pothole. at EAST    7 STREET in BROOKLYN.,Pothole / Road Damage,,,BROOKLYN
Hitting Power Lines. at 2206 EAST 21 STREET in BROOKLYN.,Fallen Tree / Vegetation,40.5986701655063,-73.95022726790995,BROOKLYN
Blocking Street. at 73-04 188 STREET in QUEENS.,Fallen Tree / Vegetation,40.73284137518783,-73.7828998266641,QUEENS
Hydrant Running (WC3). in BROOKLYN.,Water Leakage / Sanitation,40.67417161211275,-73.97882390470171,BROOKLYN
Traffic Sign or Signal Blocked. at 356 CLINTON STREET in BROOKLYN.,Fallen Tree / Vegetation,40.68489734998018,-73.99694963261561,BROOKLYN
Branch or Limb Has Fallen Down. at 25-67 41 STREET in QUEENS.,Fallen Tree / Vegetation,40.76715099251336,-73.91122430376878,QUEENS
Pothole. in QUEENS.,Pothole / Road Damage,40.68592366683622,-73.84691671769552,QUEENS
Street Light Out. at 3831 WALDO AVENUE in BRONX.,Broken Streetlight,40.88789584257869,-73.90354043421966,BRONX
Hitting Building. at 56-44 212 STREET in QUEENS.,Fallen Tree / Vegetation,40.749379052004166,-73.766323302277,QUEENS
Loud Talking. at 98-11 ALSTYNE AVENUE in QUEENS.,Pollution,40.74323954234848,-73.86417581776057,QUEENS
Loud Music/Party. at 18-28 ASTORIA BOULEVARD in QUEENS.,Pollution,40.77225367529494,-73.92717893156177,QUEENS
Removal Request. at 145 CENTRAL PARK NORTH in MANHATTAN.,Garbage / Waste,40.79886118848897,-73.95390249264929,MANHATTAN
Tree Leaning/Uprooted. at 64-38 82 PLACE in QUEENS.,Fallen Tree / Vegetation,40.71961014964706,-73.87155084060113,QUEENS
Removal Request. at 142 AVENUE in QUEENS.,Garbage / Waste,40.66280155528576,-73.73747015739364,QUEENS
Vehicle Idling Odor. at 640 8 AVENUE in MANHATTAN.,Pollution,40.75666417742652,-73.99019293432467,MANHATTAN
Leak (Use Comments) (WA2). at 131-22 225 STREET in QUEENS.,Water Leakage / Sanitation,40.68029620904942,-73.74327448614562,QUEENS
Removal Request. at 1315 SURF AVENUE in BROOKLYN.,Garbage / Waste,40.57555181785813,-73.98184294932445,BROOKLYN
Hydrant Running (WC3). at 105 MADISON AVENUE in MANHATTAN.,Water Leakage / Sanitation,40.74486121210273,-73.98505923481636,MANHATTAN
Entire Tree Has Fallen Down. at 376 ST ANN'S AVENUE in BRONX.,Fallen Tree / Vegetation,40.81145351317999,-73.91457540384035,BRONX
Dead Branches in Tree. at 188-04 RIO DRIVE in QUEENS.,Fallen Tree / Vegetation,40.71847109705757,-73.77500660996701,QUEENS
Asbestos Disturbance. at 2163 72 STREET in BROOKLYN.,Pollution,40.61044159628626,-73.98644712724705,BROOKLYN
Street Light Out. at 195 WEST   10 STREET in MANHATTAN.,Broken Streetlight,40.73419053522424,-74.00343149571009,MANHATTAN
Pedestrian Signal. in BRONX.,Broken Streetlight,40.8397690727509,-73.90538470475575,BRONX
RAIN GARDEN PLANTING (GIRGP). in BROOKLYN.,Drainage / Flooding,40.69406851306072,-73.9140550620167,BROOKLYN
Pothole. at 52 AVENUE in QUEENS.,Pothole / Road Damage,,,QUEENS
Hydrant Running (WC3). at 396 EAST FOURTH STREET in BROOKLYN.,Water Leakage / Sanitation,40.64229872293943,-73.97626484314613,BROOKLYN
Hitting Power Lines. at 4590 BEDFORD AVENUE in BROOKLYN.,Fallen Tree / Vegetation,40.58964548111593,-73.94469643636046,BROOKLYN
Loud Music/Party. at 2918 BRUCKNER BOULEVARD in BRONX.,Pollution,40.83325085108711,-73.82755893872277,BRONX
Loud Music/Party. at 1086 FULTON STREET in BROOKLYN.,Pollution,40.68152172443774,-73.95754939836452,BROOKLYN
Branch or Limb Has Fallen Down. at 64-48 ALDERTON STREET in QUEENS.,Fallen Tree / Vegetation,40.7221871956861,-73.85955402217617,QUEENS
Dead Branches in Tree. at 107-37 GUY R BREWER BOULEVARD in QUEENS.,Fallen Tree / Vegetation,40.69750815753898,-73.7919225134785,QUEENS
Veh Signal Lamp. in QUEENS.,Broken Streetlight,40.71616552649031,-73.74475602253723,QUEENS
Hitting Power Lines. at 1206 EAST 38 STREET in BROOKLYN.,Fallen Tree / Vegetation,40.62587949834315,-73.93919789692951,BROOKLYN
Street Light Out. at 112-12 201 STREET in QUEENS.,Broken Streetlight,40.702614600594885,-73.7548703426281,QUEENS
Controller. in QUEENS.,Broken Streetlight,40.7278033676069,-73.80515213824464,QUEENS
Removal Request. at 14 AVENUE in QUEENS.,Garbage / Waste,40.78576582514336,-73.85236742705574,QUEENS
Vehicle Idling Odor. at 640 8 AVENUE in MANHATTAN.,Pollution,40.75666417742652,-73.99019293432467,MANHATTAN
Pothole. at QUENTIN ROAD in BROOKLYN.,Pothole / Road Damage,,,BROOKLYN
Removal Request. at 601 PELHAM PARKWAY NORTH in BRONX.,Garbage / Waste,40.85736461420961,-73.87065578846372,BRONX
Culvert Blocked/Needs Cleaning (SE). at 119-14 155 STREET in QUEENS.,Drainage / Flooding,40.679623089960856,-73.78736706176787,QUEENS
Dust. at 766 FULTON STREET in BROOKLYN.,Pollution,40.684852521710106,-73.9708304302586,BROOKLYN
Street Flooding (SJ). at 331 EAST  132 STREET in BRONX.,Drainage / Flooding,40.80598940555794,-73.92753214008152,BRONX
Pedestrian Signal. in BROOKLYN.,Broken Streetlight,40.6569208436631,-73.9260902384976,BROOKLYN
Street Light Out. at CARROLL PARK in BROOKLYN.,Broken Streetlight,40.68106014649009,-73.99652797309054,BROOKLYN
Hitting Power Lines.,Fallen Tree / Vegetation,,,Unspecified
Tree Alive - in Poor Condition. at 55-24 138 STREET in QUEENS.,Fallen Tree / Vegetation,40.74895071449983,-73.82684960968764,QUEENS
Hydrant Running (WC3). at 319 EAST  204 STREET in BRONX.,Water Leakage / Sanitation,40.87267733589702,-73.8782626162935,BRONX
Street Light Out. at 1114 ATLANTIC AVENUE in BROOKLYN.,Broken Streetlight,40.67944627623773,-73.95647993324127,BROOKLYN
Loud Music/Party. at 2205 EAST TREMONT AVENUE in BRONX.,Pollution,40.84204960499701,-73.85708910648162,BRONX
Loud Music/Party. at 48 SOUTH 4 STREET in BROOKLYN.,Pollution,40.71299887749037,-73.96633081126946,BROOKLYN
Restaurant Odor. at 4-85 47 ROAD in QUEENS.,Pollution,40.74533414924066,-73.95610848241337,QUEENS
Vehicle Idling Odor. at 640 8 AVENUE in MANHATTAN.,Pollution,40.75666417742652,-73.99019293432467,MANHATTAN
Street Light Out. at 217-03 132 AVENUE in QUEENS.,Broken Streetlight,40.68293758606293,-73.75117848690924,QUEENS
Street Flooding (SJ). at 52-89 70 STREET in QUEENS.,Drainage / Flooding,40.73146006705401,-73.8938841449092,QUEENS
Loud Music/Party. at MURDOCK AVENUE in QUEENS.,Pollution,,,QUEENS
Loud Talking. at 1329 FULTON STREET in BROOKLYN.,Pollution,40.68032944479324,-73.94828070283964,BROOKLYN
Sewer Backup (Use Comments) (SA). at 139 WINDSOR PLACE in BROOKLYN.,Drainage / Flooding,40.65962733333416,-73.98050811123821,BROOKLYN
Branch or Limb Has Fallen Down. at 248 MADISON STREET in BROOKLYN.,Fallen Tree / Vegetation,40.68490798850171,-73.94886847609091,BROOKLYN
Hitting Power Lines. at 1862 SCHENECTADY AVENUE in BROOKLYN.,Fallen Tree / Vegetation,40.6270110217641,-73.93068053497439,BROOKLYN
Street Light Out. at 40 LARKIN STREET in STATEN ISLAND.,Broken Streetlight,40.63945985016411,-74.13569941698222,STATEN ISLAND
Cave-in. at WEST 182 STREET in BRONX.,Pothole / Road Damage,40.8581963206732,-73.90789985757472,BRONX
Sewer Backup (Use Comments) (SA). at 51-05 BELL BOULEVARD in QUEENS.,Drainage / Flooding,40.75301927860279,-73.76530713743996,QUEENS
Dead Branches in Tree. at 255 EAST 28 STREET in BROOKLYN.,Fallen Tree / Vegetation,40.643846911176105,-73.9507304777877,BROOKLYN
Ped Multiple Lamps. in QUEENS.,Broken Streetlight,40.70649338997625,-73.90283991246594,QUEENS
Sewer Odor (SA2). at 397 1 STREET in BROOKLYN.,Drainage / Flooding,40.672571495992784,-73.97930747858638,BROOKLYN
Hydrant Running (WC3). at 763 OCEAN PARKWAY in BROOKLYN.,Water Leakage / Sanitation,40.62972377180972,-73.97150660606046,BROOKLYN
Veh Signal Lamp. in BROOKLYN.,Broken Streetlight,40.60915116279212,-73.96996672254515,BROOKLYN
Hydrant Running Full (WA4). in MANHATTAN.,Water Leakage / Sanitation,40.79883297182533,-73.95201714895177,MANHATTAN
APS. in QUEENS.,Broken Streetlight,40.757523240224,-73.82913384300858,QUEENS
Street Light Out. in BROOKLYN.,Broken Streetlight,40.57908823174038,-74.00867581459921,BROOKLYN
Cave-in. at SOUTH 8 STREET in BROOKLYN.,Pothole / Road Damage,,,BROOKLYN
Pothole. at 81 STREET in QUEENS.,Pothole / Road Damage,,,QUEENS
Vehicle Idling Odor. at 640 8 AVENUE in MANHATTAN.,Pollution,40.75666417742652,-73.99019293432467,MANHATTAN
Street Light Out. at 1555 LONGFELLOW AVENUE in BRONX.,Broken Streetlight,40.83339197773325,-73.88593407934917,BRONX
Veh Signal Lamp. in QUEENS.,Broken Streetlight,40.660365136423394,-73.77552337696503,QUEENS
Dumpster - Construction Waste. at 869 LIBERTY AVENUE in BROOKLYN.,Pothole / Road Damage,40.67722082939252,-73.87741165841697,BROOKLYN
Removal Request. at BRUCKNER BOULEVARD in BRONX.,Garbage / Waste,40.82018074974581,-73.89066803482967,BRONX
Sewer Backup (Use Comments) (SA). at 115-39 146 STREET in QUEENS.,Drainage / Flooding,40.68250393830119,-73.79581281090225,QUEENS
Street Light Out. in MANHATTAN.,Broken Streetlight,40.78263322355763,-73.95119830954191,MANHATTAN
Controller. in BROOKLYN.,Broken Streetlight,40.669147417052834,-73.98972276139789,BROOKLYN
Cave-in. at CHRISTOPHER AVENUE in BROOKLYN.,Pothole / Road Damage,40.65864116012545,-73.90302854711184,BROOKLYN
Removal Request. at 514 EAST 85 STREET in BROOKLYN.,Garbage / Waste,40.64260181147529,-73.91491048715397,BROOKLYN
Loud Music/Party. at 1368 FLATBUSH AVENUE in BROOKLYN.,Pollution,40.63700748291944,-73.9521010827831,BROOKLYN
Branch Cracked and Will Fall. at 1123 EAST 85 STREET in BROOKLYN.,Fallen Tree / Vegetation,40.63408278360766,-73.90538809821298,BROOKLYN
Loud Talking. at 1108 BEDFORD AVENUE in BROOKLYN.,Pollution,40.68681526835744,-73.95461095653465,BROOKLYN
Ped Lamp. in MANHATTAN.,Broken Streetlight,40.79993106753115,-73.9406642603565,MANHATTAN
Removal Request. at 110-46 MERRICK BOULEVARD in QUEENS.,Garbage / Waste,40.69499188529521,-73.7819159718858,QUEENS
Lamppost Wire Exposed. at 25-44 CORNAGA AVENUE in QUEENS.,Broken Streetlight,40.60258751657637,-73.76339071837235,QUEENS
Leak (Use Comments) (WA2). at 450 GRAHAM AVENUE in BROOKLYN.,Water Leakage / Sanitation,40.71852686015223,-73.94502960443285,BROOKLYN
Leak (Use Comments) (WA2). in QUEENS.,Water Leakage / Sanitation,40.764179855937805,-73.88219359891191,QUEENS
Branch or Limb Has Fallen Down. at 8 JACKSON PLACE in BROOKLYN.,Fallen Tree / Vegetation,40.66277092363723,-73.98615174454075,BROOKLYN
Loud Music/Party. at 105-06 JAMAICA AVENUE in QUEENS.,Pollution,40.695224304607805,-73.84182144045994,QUEENS
Removal Request. at 149 NEWEL STREET in BROOKLYN.,Garbage / Waste,40.727399688451584,-73.94886834461381,BROOKLYN
Vehicle Idling Odor. at 640 8 AVENUE in MANHATTAN.,Pollution,40.75666417742652,-73.99019293432467,MANHATTAN
Removal Request. at DUNKIRK STREET in QUEENS.,Garbage / Waste,40.70331238554888,-73.77394331829944,QUEENS
Branch Cracked and Will Fall. at 480 EASTERN PARKWAY in BROOKLYN.,Fallen Tree / Vegetation,40.669961514725614,-73.95252802055411,BROOKLYN
Entire Tree Has Fallen Down. at BROADWAY in MANHATTAN.,Fallen Tree / Vegetation,40.807337874126645,-73.96439026146395,MANHATTAN
Street Light Out. at 3893 VICTORY BOULEVARD in STATEN ISLAND.,Broken Streetlight,40.59518641963964,-74.18481433386326,STATEN ISLAND
Loud Music/Party. at 68-17 FOREST AVENUE in QUEENS.,Pollution,40.70314344425539,-73.90127591325967,QUEENS
Blocked - Construction. at 49 STREET in QUEENS.,Pothole / Road Damage,40.76880814492219,-73.90033379127904,QUEENS
Cave-in. at 126 JUSTIN AVENUE in STATEN ISLAND.,Pothole / Road Damage,40.55516359824909,-74.13392681516275,STATEN ISLAND
Restaurant Odor. at 5924 AVENUE N in BROOKLYN.,Pollution,40.61948748621951,-73.91807018063585,BROOKLYN
Underground. in MANHATTAN.,Broken Streetlight,40.723010314091134,-73.98575320366534,MANHATTAN
Blocking Street. at 259-01 86 AVENUE in QUEENS.,Fallen Tree / Vegetation,40.733333695299066,-73.70766215357727,QUEENS
Removal Request. at 3 UNION SQUARE WEST in MANHATTAN.,Garbage / Waste,40.735386992529534,-73.99159972085522,MANHATTAN
Removal Request. at 81 OLIVE STREET in BROOKLYN.,Garbage / Waste,40.71543034606061,-73.93875187032022,BROOKLYN
Street Light Out. at 1752 WEST    6 STREET in BROOKLYN.,Broken Streetlight,40.604577601979294,-73.9790440499073,BROOKLYN
Blocking Street. at 691 PROSPECT PLACE in BROOKLYN.,Fallen Tree / Vegetation,40.674600837324085,-73.95413258356756,BROOKLYN
Loud Music/Party. at 708 ROGERS AVENUE in BROOKLYN.,Pollution,40.65424504696277,-73.95286716612556,BROOKLYN
Vehicle Signal. in QUEENS.,Broken Streetlight,40.74855066375679,-73.8958130445512,QUEENS
Hitting Power Lines. at 270 MC KINLEY AVENUE in BROOKLYN.,Fallen Tree / Vegetation,40.68060620330818,-73.8660556138014,BROOKLYN
Cave-in. at 104-02 103 AVENUE in QUEENS.,Pothole / Road Damage,40.68427546639124,-73.83792451091843,QUEENS
RAIN GARDEN PLANTING (GIRGP). at 40-44 74 STREET in QUEENS.,Drainage / Flooding,40.74563422303761,-73.89120539930539,QUEENS
Loud Music/Party. at 2157 1 AVENUE in MANHATTAN.,Pollution,40.79319381399591,-73.93747047491523,MANHATTAN
Cave-in. at HALSEY STREET in BROOKLYN.,Pothole / Road Damage,40.68299582692899,-73.93949916167742,BROOKLYN
Street Light Out. at 67 MOTT STREET in MANHATTAN.,Broken Streetlight,40.716124580423646,-73.99819994507563,MANHATTAN
Branch or Limb Has Fallen Down. at 141 MANHATTAN STREET in STATEN ISLAND.,Fallen Tree / Vegetation,40.50678220019376,-74.24325736008058,STATEN ISLAND
Defective Hardware. at 1061 FIRST AVENUE in MANHATTAN.,Pothole / Road Damage,40.75883509127173,-73.96255361866574,MANHATTAN
Catch Basin Clogged/Flooding (Use Comments) (SC). in BROOKLYN.,Drainage / Flooding,40.687089857287326,-73.96254703454233,BROOKLYN
Hydrant Leaking (WC1). at 355 WEST  255 STREET in BRONX.,Water Leakage / Sanitation,40.9024447815621,-73.90279221373356,BRONX
Catch Basin Clogged/Flooding (Use Comments) (SC). at 1034 3 AVENUE in MANHATTAN.,Drainage / Flooding,40.762999799329805,-73.96554024422097,MANHATTAN
Manhole Overflow (Use Comments) (SA1). at 1425 KINGS HIGHWAY in BROOKLYN.,Drainage / Flooding,40.608508194435615,-73.9588815646739,BROOKLYN
Tree Leaning/Uprooted. at 35-34 BELL BOULEVARD in QUEENS.,Fallen Tree / Vegetation,40.7685985928271,-73.77358452965741,QUEENS
Fixture/Luminaire Out Of Position. at 12 WEST   74 STREET in MANHATTAN.,Broken Streetlight,40.77778828864744,-73.97563523240738,MANHATTAN
Veh Signal Lamp. in BROOKLYN.,Broken Streetlight,40.609556375910735,-73.96630014578295,BROOKLYN
Hydrant Running Full (WA4). in MANHATTAN.,Water Leakage / Sanitation,40.77855182275575,-73.95124823993245,MANHATTAN
Clear Street Light. at 77-02 KNEELAND AVENUE in QUEENS.,Fallen Tree / Vegetation,40.73566083139575,-73.8865957339817,QUEENS
Removal Request. at 654 PUTNAM AVENUE in BROOKLYN.,Garbage / Waste,40.68573822949586,-73.93514822148285,BROOKLYN
Removal Request. at 402 EAST GUN HILL ROAD in BRONX.,Garbage / Waste,40.87862052207749,-73.87151847346084,BRONX
Tree Alive - in Poor Condition. at 188 HOLDEN BOULEVARD in STATEN ISLAND.,Fallen Tree / Vegetation,40.60415473632835,-74.12747796490787,STATEN ISLAND
Street Light Out. in MANHATTAN.,Broken Streetlight,40.71317922159415,-73.99250070375787,MANHATTAN
Branch or Limb Has Fallen Down. at 94-02 69 AVENUE in QUEENS.,Fallen Tree / Vegetation,40.71561897786984,-73.85295928519646,QUEENS
Traffic Sign or Signal Blocked. at BRYANT AVENUE in BRONX.,Fallen Tree / Vegetation,40.828781102019605,-73.88899894988005,BRONX
Sewer Backup (Use Comments) (SA). at 80 BRUCKNER BOULEVARD in BRONX.,Drainage / Flooding,40.806199762400574,-73.92597866184836,BRONX
Loud Music/Party. at 10 HOPE STREET in BROOKLYN.,Pollution,40.71377820117416,-73.95746753247961,BROOKLYN
Catch Basin Sunken/Damaged/Raised (SC1). at 3585 GREYSTONE AVENUE in BRONX.,Drainage / Flooding,40.88498627782988,-73.90664037050843,BRONX
Branch or Limb Has Fallen Down. at 101 SOUTH AVENUE in STATEN ISLAND.,Fallen Tree / Vegetation,40.63776209384963,-74.16610607543934,STATEN ISLAND
Defective Hardware. at WEST 86 STREET in MANHATTAN.,Pothole / Road Damage,40.78648556883817,-73.97217258063515,MANHATTAN
Vehicle Idling Odor. at 70 ROAD in QUEENS.,Pollution,40.72363789910337,-73.83966512132642,QUEENS
Removal Request. at 111-01 134 STREET in QUEENS.,Garbage / Waste,40.683780536978674,-73.80875294852409,QUEENS
Hitting Building. at 408 CLASSON AVENUE in BROOKLYN.,Fallen Tree / Vegetation,40.68618578813543,-73.95947908717721,BROOKLYN
Blocking Street. at 65 POND STREET in STATEN ISLAND.,Fallen Tree / Vegetation,40.55211294026776,-74.21138511061403,STATEN ISLAND
Hydrant Leaking (WC1). in BROOKLYN.,Water Leakage / Sanitation,40.67417161211275,-73.97882390470171,BROOKLYN
Failed Street Repair. at 3 AVENUE in MANHATTAN.,Pothole / Road Damage,40.77496666502283,-73.95679661179162,MANHATTAN
Hydrant Running (WC3). at 2566 AMSTERDAM AVENUE in MANHATTAN.,Water Leakage / Sanitation,40.85226002249918,-73.92787573103983,MANHATTAN
Branch or Limb Has Fallen Down. at 1229 BAY RIDGE PARKWAY in BROOKLYN.,Fallen Tree / Vegetation,40.62117419530656,-74.00885058800114,BROOKLYN
Controller. in QUEENS.,Broken Streetlight,,,QUEENS
Pedestrian Signal. in QUEENS.,Broken Streetlight,40.745941419306114,-73.90005402230014,QUEENS
Pothole. at JACKSON STREET in BROOKLYN.,Pothole / Road Damage,,,BROOKLYN
Vehicle Idling Odor. at 387 POWERS AVENUE in BRONX.,Pollution,40.80895909293577,-73.91164175851603,BRONX
Hydrant Leaking (WC1). at 839 EMPIRE BOULEVARD in BROOKLYN.,Water Leakage / Sanitation,40.66361494904496,-73.93446325113432,BROOKLYN
Vehicle Idling Odor. at AVENUE Y in BROOKLYN.,Pollution,40.59018749225065,-73.95382331079212,BROOKLYN
Cave-in. at 32-36 203 STREET in QUEENS.,Pothole / Road Damage,40.76979496527523,-73.78634267127121,QUEENS
Ped Lamp. in BROOKLYN.,Broken Streetlight,40.67611959905872,-74.00128704234979,BROOKLYN
Removal Request. at 169-15 SAYRES AVENUE in QUEENS.,Garbage / Waste,40.692408238472325,-73.78148809022116,QUEENS
Loud Music/Party. at 52-10 CENTER BOULEVARD in QUEENS.,Pollution,40.7418964757084,-73.96023551436888,QUEENS
Removal Request. at 351 HINSDALE STREET in BROOKLYN.,Garbage / Waste,40.66643586026078,-73.89927920388821,BROOKLYN
Removal Request. at BEACH 9 STREET in QUEENS.,Garbage / Waste,40.59787003547431,-73.74455286172892,QUEENS
Pothole. at WEST   43 STREET in MANHATTAN.,Pothole / Road Damage,,,MANHATTAN
Cave-in. at 115 ROAD in QUEENS.,Pothole / Road Damage,40.69661904188504,-73.73226295078122,QUEENS
Possible Water Main Break (Use Comments) (WA1). at FRANCIS LEWIS BOULEVARD in QUEENS.,Water Leakage / Sanitation,,,QUEENS
Removal Request. at 2928 SAMPSON AVENUE in BRONX.,Garbage / Waste,40.82062089904103,-73.81766676579545,BRONX
Loud Music/Party. at 280 KNICKERBOCKER AVENUE in BROOKLYN.,Pollution,40.7021260447239,-73.92419716479755,BROOKLYN
Hydrant Running (WC3). at 2161 POWELL AVENUE in BRONX.,Water Leakage / Sanitation,40.83113773488446,-73.85145370117881,BRONX
Cave-in. at 9720 FOSTER AVENUE in BROOKLYN.,Pothole / Road Damage,40.64860534346271,-73.90525579048837,BROOKLYN
Veh Signal Lamp. in QUEENS.,Broken Streetlight,40.73607316905106,-73.77355071597772,QUEENS
Controller. in BRONX.,Broken Streetlight,40.86514556191867,-73.8398047973616,BRONX
Hitting Building. at 1512 NEEDHAM AVENUE in BRONX.,Fallen Tree / Vegetation,40.88046307345747,-73.84743071693636,BRONX
Hitting Building. at 45-61 196 STREET in QUEENS.,Fallen Tree / Vegetation,40.7545239798865,-73.78530160918963,QUEENS
Underground. in MANHATTAN.,Broken Streetlight,,,MANHATTAN
Removal Request. at 871 EAST 179 STREET in BRONX.,Garbage / Waste,40.84422902089226,-73.88410474554894,BRONX
Blocking Street. at 39 PARK STREET in STATEN ISLAND.,Fallen Tree / Vegetation,40.568933728113706,-74.12719478759671,STATEN ISLAND
Asbestos Disturbance. at 94A COFFEY STREET in BROOKLYN.,Pollution,40.67575925749034,-74.01342554574973,BROOKLYN
Hydrant Leaking (WC1). at 215 EAST   44 STREET in MANHATTAN.,Water Leakage / Sanitation,40.75183615241764,-73.9729377806273,MANHATTAN
Tree Trunk Split. at 7915 16 AVENUE in BROOKLYN.,Fallen Tree / Vegetation,40.61388980833696,-74.00333166484698,BROOKLYN
Controller. in MANHATTAN.,Broken Streetlight,40.78324786504036,-73.94472340476307,MANHATTAN
Hydrant Running (WC3). at 95-36 147 PLACE in QUEENS.,Water Leakage / Sanitation,40.69849271023812,-73.80558040806918,QUEENS
Cave-in. at 72 DRIVE in QUEENS.,Pothole / Road Damage,40.72592399671601,-73.81909480890491,QUEENS
Street Light Out. at 324 POWERS AVENUE in BRONX.,Broken Streetlight,40.80751593710988,-73.91238780389276,BRONX
Loud Music/Party. at 134 EAST 170 STREET in BRONX.,Pollution,40.83911220271634,-73.91481455225497,BRONX
Vehicle Signal. in BROOKLYN.,Broken Streetlight,40.64188378149681,-74.00649676957691,BROOKLYN
Tree Leaning/Uprooted. at 3007 OLINVILLE AVENUE in BRONX.,Fallen Tree / Vegetation,40.86989967475254,-73.86824144781546,BRONX
APS. in QUEENS.,Broken Streetlight,40.73699349160567,-73.8104838310263,QUEENS
Street Flooding (SJ). at 875 MORRISON AVENUE in BRONX.,Drainage / Flooding,40.82160892988045,-73.87283530666447,BRONX
Veh Signal Lamp. in BROOKLYN.,Broken Streetlight,40.69767958665467,-73.9163656696426,BROOKLYN
Controller. in BROOKLYN.,Broken Streetlight,40.68479855463378,-73.95640432752157,BROOKLYN
Hitting Building. at 89-07 185 STREET in QUEENS.,Fallen Tree / Vegetation,40.7126239233569,-73.7759966696212,QUEENS
Vehicle Exhaust Smoke. at 78-15 PARSONS BOULEVARD in QUEENS.,Pollution,40.72195913199264,-73.80969682426189,QUEENS
Hydrant Running Full (WA4). at 1540 BRYANT AVENUE in BRONX.,Water Leakage / Sanitation,40.833631618434666,-73.8867973424585,BRONX
APS. in QUEENS.,Broken Streetlight,40.753902194423326,-73.90121512412604,QUEENS
Street Light Out. in QUEENS.,Broken Streetlight,40.73038097020154,-73.71670622094426,QUEENS
Controller. in BROOKLYN.,Broken Streetlight,40.694471381557854,-73.9570867780522,BROOKLYN
Catch Basin Clogged/Flooding (Use Comments) (SC). at 127 3 PLACE in BROOKLYN.,Drainage / Flooding,40.67842516994581,-73.99672640096483,BROOKLYN
Loud Music/Party. at 40-46 24 STREET in QUEENS.,Pollution,40.75329999967202,-73.93927649865398,QUEENS
Loud Music/Party. at 1285 ST NICHOLAS AVENUE in MANHATTAN.,Pollution,40.84498910186428,-73.93690855540984,MANHATTAN
Chronic Dumping. at 198-06 118 AVENUE in QUEENS.,Garbage / Waste,40.69292828178993,-73.75358612780013,QUEENS
Hydrant Running Full (WA4). at 201 MAUJER STREET in BROOKLYN.,Water Leakage / Sanitation,40.71105153037518,-73.94228358951368,BROOKLYN
Blocked - Construction. at LIBERTY AVENUE in BROOKLYN.,Pothole / Road Damage,40.67357469898414,-73.90207673770824,BROOKLYN
Blocking Street. at 738 4 AVENUE in BROOKLYN.,Fallen Tree / Vegetation,40.661179753466286,-73.99729313073028,BROOKLYN
Branch Cracked and Will Fall. at 83 AVENUE in QUEENS.,Fallen Tree / Vegetation,40.735845082770425,-73.72432560284092,QUEENS
Sewer Backup (Use Comments) (SA). at 200-15 38 AVENUE in QUEENS.,Drainage / Flooding,40.76267575837495,-73.78522840389516,QUEENS
Vehicle Idling Odor. at 640 8 AVENUE in MANHATTAN.,Pollution,40.75666417742652,-73.99019293432467,MANHATTAN
Loud Music/Party. at 743 9 AVENUE in MANHATTAN.,Pollution,40.76363844881447,-73.98884902536795,MANHATTAN
Loud Music/Party. at 67 EAST 11 STREET in MANHATTAN.,Pollution,40.732834412142914,-73.99217735930414,MANHATTAN
No Water (WNW). at 111-34 127 STREET in QUEENS.,Water Leakage / Sanitation,40.68222214310462,-73.81416927169819,QUEENS
Hitting Building. at 95-36 111 STREET in QUEENS.,Fallen Tree / Vegetation,40.69015994907742,-73.83385354042913,QUEENS
Loud Music/Party. at AMSTERDAM AVENUE in MANHATTAN.,Pollution,40.847428742993856,-73.93139421118656,MANHATTAN
Leak (Use Comments) (WA2). in BROOKLYN.,Water Leakage / Sanitation,40.57301414313908,-73.99382669336302,BROOKLYN
Sewer Backup (Use Comments) (SA). at 145-31 115 AVENUE in QUEENS.,Drainage / Flooding,40.68340653620088,-73.79711886700251,QUEENS
Traffic Sign or Signal Blocked. at VICTORY BOULEVARD in STATEN ISLAND.,Fallen Tree / Vegetation,40.60696788639071,-74.1644340228627,STATEN ISLAND
Branch or Limb Has Fallen Down. at 97-15 109 AVENUE in QUEENS.,Fallen Tree / Vegetation,40.67825464191018,-73.84076207922159,QUEENS
Hydrant Running Full (WA4). at 909 EAST   15 STREET in BROOKLYN.,Water Leakage / Sanitation,40.62707770460595,-73.9617413262306,BROOKLYN
Hydrant Running Full (WA4). at 122-17 7 AVENUE in QUEENS.,Water Leakage / Sanitation,40.79083151357525,-73.84525622522867,QUEENS
Sewer Odor (SA2). at 45-57 DAVIS STREET in QUEENS.,Drainage / Flooding,40.74425874322234,-73.94461500871317,QUEENS
Pedestrian Signal. in STATEN ISLAND.,Broken Streetlight,40.62170050979133,-74.12402452137293,STATEN ISLAND
Vehicle Idling Odor. at 640 8 AVENUE in MANHATTAN.,Pollution,40.75666417742652,-73.99019293432467,MANHATTAN
Hitting Building. at 254-17 40 AVENUE in QUEENS.,Fallen Tree / Vegetation,40.77426957771127,-73.73993716175926,QUEENS
Loud Music/Party. at 370 TOMPKINS AVENUE in BROOKLYN.,Pollution,40.68481525027431,-73.94421728264615,BROOKLYN
Controller. in BROOKLYN.,Broken Streetlight,40.68531591818159,-73.9147009390438,BROOKLYN
Defective Hardware. at 550 VANDERBILT AVENUE in BROOKLYN.,Pothole / Road Damage,40.680309149413695,-73.96792286996539,BROOKLYN
Removal Request. at 86-19 115 STREET in QUEENS.,Garbage / Waste,40.69942709092899,-73.83440026098033,QUEENS
Blocking Street. at 264-19 82 AVENUE in QUEENS.,Fallen Tree / Vegetation,40.74204365029922,-73.70582317071475,QUEENS
Loud Music/Party. at 256 EAST GUNHILL ROAD in BRONX.,Pollution,40.87976696779728,-73.87576891726542,BRONX
Removal Request. at 89-12 199 STREET in QUEENS.,Garbage / Waste,40.71744084627931,-73.76223625495146,QUEENS
Branch Cracked and Will Fall. at 93-49 213 STREET in QUEENS.,Fallen Tree / Vegetation,40.71850138689732,-73.74602412074191,QUEENS
Removal Request. at 1403 AVENUE J in BROOKLYN.,Garbage / Waste,40.62510434139692,-73.96216754123927,BROOKLYN
Leak (Use Comments) (WA2). at 1425 KINGS HIGHWAY in BROOKLYN.,Water Leakage / Sanitation,40.608508194435615,-73.9588815646739,BROOKLYN
Catch Basin Sunken/Damaged/Raised (SC1). at 5915 FORT HAMILTON PARKWAY in BROOKLYN.,Drainage / Flooding,40.63344912687361,-74.005000763416,BROOKLYN
Street Light Out. in BROOKLYN.,Broken Streetlight,40.605719813107655,-73.9812189123153,BROOKLYN
Asbestos Disturbance. at 2501 86 STREET in BROOKLYN.,Pollution,40.59786501220483,-73.98707624276909,BROOKLYN
Hydrant Running Full (WA4). at 85-15 88 STREET in QUEENS.,Water Leakage / Sanitation,40.69513168343944,-73.85704340510185,QUEENS
Vehicle Idling Odor. at 640 8 AVENUE in MANHATTAN.,Pollution,40.75666417742652,-73.99019293432467,MANHATTAN
Entire Tree Has Fallen Down. at 16 LEYDEN AVENUE in STATEN ISLAND.,Fallen Tree / Vegetation,40.632842911349705,-74.15869722362085,STATEN ISLAND
Controller. in BRONX.,Broken Streetlight,40.82408344966783,-73.84289897999196,BRONX
Street Light Out. at 115 RUSTIC PLACE in STATEN ISLAND.,Broken Streetlight,40.546988138624776,-74.14846514208801,STATEN ISLAND
Chronic Dumping. at 103 CLIFTON PLACE in BROOKLYN.,Garbage / Waste,40.68810740906216,-73.96028562067102,BROOKLYN
Hydrant Running Full (WA4). at 1061 HANCOCK STREET in BROOKLYN.,Water Leakage / Sanitation,40.68862338953397,-73.91472916052079,BROOKLYN
Loud Music/Party. at 2284 ADAM CLAYTON POWELL JR BOULEVARD in MANHATTAN.,Pollution,40.8148421030144,-73.94405049426405,MANHATTAN
Hydrant Running (WC3). at 999 COLUMBUS AVENUE in MANHATTAN.,Water Leakage / Sanitation,40.80126283185941,-73.96139199036973,MANHATTAN
"Rough, Pitted or Cracked Roads. at 116 AVENUE in QUEENS.",Pothole / Road Damage,40.67700726337055,-73.81260111253626,QUEENS
Cave-in. at 93-01 25 AVENUE in QUEENS.,Pothole / Road Damage,40.76415452604648,-73.87635638804203,QUEENS
Vehicle Idling Odor. at 95-12 104 STREET in QUEENS.,Pollution,40.68890658981628,-73.8403796610302,QUEENS
Hitting Building. at 202 CUBA AVENUE in STATEN ISLAND.,Fallen Tree / Vegetation,40.56295493852586,-74.10909454390065,STATEN ISLAND
Controller. in BROOKLYN.,Broken Streetlight,40.71407069266012,-73.95433989147485,BROOKLYN
Hydrant Running (WC3). at 3972 WHITE PLAINS ROAD in BRONX.,Water Leakage / Sanitation,40.887692661199054,-73.86050274226632,BRONX
Hydrant Running (WC3). at 27 ARGYLE ROAD in BROOKLYN.,Water Leakage / Sanitation,40.648829237411725,-73.96775061313772,BROOKLYN
Removal Request. at 186-05 JAMAICA AVENUE in QUEENS.,Garbage / Waste,40.709969343573306,-73.77299734957792,QUEENS
Entire Tree Has Fallen Down. at 2248 LAFAYETTE AVENUE in BRONX.,Fallen Tree / Vegetation,40.82345560531893,-73.84750722666443,BRONX
Hitting Building. at 1820 CONEY ISLAND AVENUE in BROOKLYN.,Fallen Tree / Vegetation,40.61326358033144,-73.963006259849,BROOKLYN
Street Flooding (SJ). at 493A CENTRAL AVENUE in BROOKLYN.,Drainage / Flooding,40.69103731013362,-73.91275721436878,BROOKLYN
Hydrant Running Full (WA4). in QUEENS.,Water Leakage / Sanitation,40.747891920593744,-73.90534917685362,QUEENS
Removal Request. at 8 CLINTON PLACE in BRONX.,Garbage / Waste,40.856525549235776,-73.90543678111086,BRONX
Hydrant Running Full (WA4). at 2504 BRONX PARK EAST in BRONX.,Water Leakage / Sanitation,40.8636112787934,-73.87040864262848,BRONX
Blocking Street. at 109-01 210 STREET in QUEENS.,Fallen Tree / Vegetation,40.709621298990335,-73.74818247086047,QUEENS
Street Light Out. at 585 EAST   13 STREET in BROOKLYN.,Broken Streetlight,40.635068867200346,-73.96514512914456,BROOKLYN
Hydrant Running (WC3). at 121 MADISON AVENUE in MANHATTAN.,Water Leakage / Sanitation,40.74540462033191,-73.98466213285583,MANHATTAN
Street Light Out. at 3895 HYLAN BOULEVARD in STATEN ISLAND.,Broken Streetlight,40.544482407789474,-74.1439296127089,STATEN ISLAND
Hydrant Running (WC3). at 105 ELLWOOD STREET in MANHATTAN.,Water Leakage / Sanitation,40.86169721771338,-73.92934773728363,MANHATTAN
Street Light Out. at 159-11 29 AVENUE in QUEENS.,Broken Streetlight,40.7710771502887,-73.8051410570549,QUEENS
LED Pedestrian Unit. in MANHATTAN.,Broken Streetlight,40.8101754051869,-73.93740755930494,MANHATTAN
Cave-in. at DUMONT AVENUE in BROOKLYN.,Pothole / Road Damage,40.66671709340213,-73.89161167800597,BROOKLYN
Vehicle Idling Odor. at 640 8 AVENUE in MANHATTAN.,Pollution,40.75666417742652,-73.99019293432467,MANHATTAN
Removal Request. at 46 BERRY STREET in BROOKLYN.,Garbage / Waste,40.72098832242637,-73.95649248990635,BROOKLYN
Street Light Out. in QUEENS.,Broken Streetlight,40.68521139557088,-73.76611188172505,QUEENS
Pothole. at 53 AVENUE in QUEENS.,Pothole / Road Damage,,,QUEENS
Removal Request. at 9405 SKIDMORE AVENUE in BROOKLYN.,Garbage / Waste,40.63154120980112,-73.89007278735431,BROOKLYN
Hydrant Running (WC3). at 93-17 71 DRIVE in QUEENS.,Water Leakage / Sanitation,40.709026890401496,-73.84936327400385,QUEENS
Pedestrian Signal. in BRONX.,Broken Streetlight,,,BRONX
Removal Request. at 35-58 12 STREET in QUEENS.,Garbage / Waste,40.76136655235084,-73.93879626389315,QUEENS
Sewer Backup (Use Comments) (SA). at 667 WEST   30 STREET in MANHATTAN.,Drainage / Flooding,40.75401029111439,-74.00557287674494,MANHATTAN
Entire Tree Has Fallen Down. at 219 MACON STREET in BROOKLYN.,Fallen Tree / Vegetation,40.68191316039561,-73.94246023863272,BROOKLYN
Vehicle Idling Odor. at 640 8 AVENUE in MANHATTAN.,Pollution,40.75666417742652,-73.99019293432467,MANHATTAN
Sewer Backup (Use Comments) (SA). at 90-38 170 STREET in QUEENS.,Drainage / Flooding,40.70814675509626,-73.79033112297238,QUEENS
Cave-in. at 26-50 BROOKLYN QUEENS EXPRESSWAY in QUEENS.,Pothole / Road Damage,40.7616596448761,-73.90214938453447,QUEENS
Pedestrian Signal. in MANHATTAN.,Broken Streetlight,40.84930917579156,-73.93191638121132,MANHATTAN
Street Light Out. at 190 LINCOLN AVENUE in BRONX.,Broken Streetlight,40.80991733902902,-73.92790355385135,BRONX
Removal Request. at 2144 CORTELYOU ROAD in BROOKLYN.,Garbage / Waste,40.644030752473554,-73.95745794089854,BROOKLYN
Tree Alive - in Poor Condition. at 81-43 248 STREET in QUEENS.,Fallen Tree / Vegetation,40.73982529796919,-73.72103250226853,QUEENS
Hitting Power Lines. at 2439 EAST 1 STREET in BROOKLYN.,Fallen Tree / Vegetation,40.58975619762334,-73.96911852668718,BROOKLYN
Street Flooding (SJ). at 55 EAST   96 STREET in MANHATTAN.,Drainage / Flooding,40.7869955948189,-73.95359292546154,MANHATTAN
Controller. in BROOKLYN.,Broken Streetlight,40.68861604521455,-73.98916806775289,BROOKLYN
Hydrant Running (WC3). at 2775 EAST   12 STREET in BROOKLYN.,Water Leakage / Sanitation,40.58351622059898,-73.95728767934483,BROOKLYN
Entire Tree Has Fallen Down. at 13 AVENUE in BROOKLYN.,Fallen Tree / Vegetation,40.61405370301212,-74.01390658335957,BROOKLYN
Controller. in QUEENS.,Broken Streetlight,40.688445937332204,-73.81847532259053,QUEENS
Hydrant Running (WC3). at 331 CLIFTON PLACE in BROOKLYN.,Water Leakage / Sanitation,40.689267276700654,-73.95021733527129,BROOKLYN
Loud Music/Party. at 76-19 ROOSEVELT AVENUE in QUEENS.,Pollution,40.747073423764526,-73.88932275837657,QUEENS
Catch Basin Clogged/Flooding (Use Comments) (SC). at 119-18 155 STREET in QUEENS.,Drainage / Flooding,40.67949403268875,-73.78733863043246,QUEENS
Veh Signal Lamp. in BRONX.,Broken Streetlight,40.81653506001072,-73.92821792098728,BRONX
Loud Music/Party. at 370 TOMPKINS AVENUE in BROOKLYN.,Pollution,40.68481525027431,-73.94421728264615,BROOKLYN
Removal Request. at 481 VAN SINDEREN AVENUE in BROOKLYN.,Garbage / Waste,40.66489454319545,-73.90071614466544,BROOKLYN
Dead Branches in Tree. at 114 KREISCHER STREET in STATEN ISLAND.,Fallen Tree / Vegetation,40.53581392680676,-74.23948481022114,STATEN ISLAND
Loud Music/Party. at 303 LEXINGTON AVENUE in MANHATTAN.,Pollution,40.7486066822413,-73.97810369101492,MANHATTAN
Removal Request. at 41-07 56 STREET in QUEENS.,Garbage / Waste,40.74485342374801,-73.90867727405143,QUEENS
Street Light Out. at 7701 BAY PARKWAY in BROOKLYN.,Broken Streetlight,40.606610130658325,-73.98895448441043,BROOKLYN
Veh Signal Lamp. in BROOKLYN.,Broken Streetlight,40.65160586028889,-73.93329659317037,BROOKLYN
Removal Request. at 246 STREET in QUEENS.,Garbage / Waste,40.66435658534168,-73.73452633602315,QUEENS
Pedestrian Signal. in QUEENS.,Broken Streetlight,40.73549748344107,-73.86970159179167,QUEENS
Loud Music/Party. at 37 BOX STREET in BROOKLYN.,Pollution,40.737351899055135,-73.95478221362193,BROOKLYN
Vehicle Idling Odor. at 640 8 AVENUE in MANHATTAN.,Pollution,40.75666417742652,-73.99019293432467,MANHATTAN
Veh Signal Head. in BROOKLYN.,Broken Streetlight,40.61604500383232,-73.94482944709631,BROOKLYN
Dust from Construction. at 444 EAST 87 STREET in MANHATTAN.,Pollution,40.777106599232766,-73.94784086459615,MANHATTAN
Cave-in. at 67 AVENUE in QUEENS.,Pothole / Road Damage,40.73561068949124,-73.7902230524361,QUEENS
Removal Request. at 3077 CROSS BRONX EXPRESSWAY in BRONX.,Garbage / Waste,40.82208295482525,-73.81710995906256,BRONX
Loud Music/Party. at 500 WEST 213 STREET in MANHATTAN.,Pollution,40.86833893783111,-73.91636073752241,MANHATTAN
Plate Condition - Noisy. at 247 BAY 11 STREET in BROOKLYN.,Pothole / Road Damage,40.60531158421842,-74.0134653992733,BROOKLYN
Controller. in BROOKLYN.,Broken Streetlight,40.68693828355353,-73.87322194168321,BROOKLYN
Removal Request. at BOERUM STREET in BROOKLYN.,Garbage / Waste,40.70573884725338,-73.94468668683048,BROOKLYN
Controller. in MANHATTAN.,Broken Streetlight,40.7242353361815,-73.99778483319649,MANHATTAN
Catch Basin Clogged/Flooding (Use Comments) (SC). at 4051 PAULDING AVENUE in BRONX.,Drainage / Flooding,40.887304252297895,-73.85060487378955,BRONX
Hydrant Leaking (WC1). at 240 EAST   56 STREET in MANHATTAN.,Water Leakage / Sanitation,40.75916583987701,-73.96706911211506,MANHATTAN
Loud Music/Party. at 1285 NOSTRAND AVENUE in BROOKLYN.,Pollution,40.65567664879958,-73.95008382310712,BROOKLYN
Hydrant Running (WC3). at 5 EAST  115 STREET in MANHATTAN.,Water Leakage / Sanitation,40.79960162047468,-73.9460895510738,MANHATTAN
Street Light Out. at -999 TRANTOR PL in STATEN ISLAND.,Broken Streetlight,40.62762136559151,-74.14486183757265,STATEN ISLAND
Pothole. at JEFFERSON AVENUE in BROOKLYN.,Pothole / Road Damage,,,BROOKLYN
Hitting Building. at 222 14 STREET in BROOKLYN.,Fallen Tree / Vegetation,40.666778707240105,-73.99009801056872,BROOKLYN
Cable. in BROOKLYN.,Broken Streetlight,40.69254945562125,-73.99097045325652,BROOKLYN
Banging/Pounding. at 40 AVENUE in QUEENS.,Pollution,40.76426566610473,-73.77132860459679,QUEENS
Street Light Out. in STATEN ISLAND.,Broken Streetlight,40.59319200036264,-74.08239445066128,STATEN ISLAND
"Rough, Pitted or Cracked Roads. at WEST 261 STREET in BRONX.",Pothole / Road Damage,40.91013023416746,-73.90321511472008,BRONX
Pedestrian Signal. in BROOKLYN.,Broken Streetlight,40.65829633485246,-73.9310841338467,BROOKLYN
Controller. in STATEN ISLAND.,Broken Streetlight,40.62981010307637,-74.07466872016943,STATEN ISLAND
RAIN GARDEN PLANTING (GIRGP). at 155-16 81 STREET in QUEENS.,Drainage / Flooding,40.66380555163022,-73.85269863357522,QUEENS
Branch Cracked and Will Fall. at 17 AVENUE in QUEENS.,Fallen Tree / Vegetation,40.78299583727564,-73.79933225724385,QUEENS
LED Pedestrian Unit. in QUEENS.,Broken Streetlight,40.77816105875716,-73.77769348479363,QUEENS
Loud Music/Party. at 1160 GERARD AVENUE in BRONX.,Pollution,40.83435721112315,-73.92090617270485,BRONX
Entire Tree Has Fallen Down. at 2753 EAST 21 STREET in BROOKLYN.,Fallen Tree / Vegetation,40.58507402044116,-73.94763802306478,BROOKLYN
Loud Music/Party. at 2082 FREDRICK DOUGLASS BOULEVARD in MANHATTAN.,Pollution,40.80225484364876,-73.95693421623459,MANHATTAN
Dead Branches in Tree. at 91-46 110 STREET in QUEENS.,Fallen Tree / Vegetation,40.69332026506024,-73.8365249953453,QUEENS
Flood Light Lamp Out. in QUEENS.,Broken Streetlight,40.67779904773782,-73.82384008579925,QUEENS
Hydrant Running (WC3). at 2927 FREDERICK DOUGLASS BOULEVARD in MANHATTAN.,Water Leakage / Sanitation,40.82932243239428,-73.93716551277303,MANHATTAN
Street Light Out. in BROOKLYN.,Broken Streetlight,40.67370137425993,-74.00443058178125,BROOKLYN
Branch or Limb Has Fallen Down. at 871 54 STREET in BROOKLYN.,Fallen Tree / Vegetation,40.638019214314575,-74.0046011615503,BROOKLYN
Removal Request. at ADELPHI STREET in BROOKLYN.,Garbage / Waste,40.69321060665914,-73.9718725383069,BROOKLYN
Removal Request. at 328 JUNIUS STREET in BROOKLYN.,Garbage / Waste,40.66650698363643,-73.90218083443051,BROOKLYN
Restaurant Odor. at 975 NOSTRAND AVENUE in BROOKLYN.,Pollution,40.66478970490299,-73.9509817452796,BROOKLYN
Street Light Out. in MANHATTAN.,Broken Streetlight,40.83923235901528,-73.94554424821676,MANHATTAN
Ped Multiple Lamps. in BROOKLYN.,Broken Streetlight,40.57997233445759,-73.97465260582312,BROOKLYN
Removal Request. at 83 SPARTAN AVENUE in STATEN ISLAND.,Garbage / Waste,40.6257227547848,-74.16466755646425,STATEN ISLAND
APS. in BRONX.,Broken Streetlight,40.87295923039616,-73.8749391464994,BRONX
Fixture/Luminaire Hanging. in BRONX.,Broken Streetlight,40.81938091931912,-73.86153110632338,BRONX
Pedestrian Signal. in MANHATTAN.,Broken Streetlight,40.71654175858807,-73.99698425784368,MANHATTAN
Ped Multiple Lamps. in QUEENS.,Broken Streetlight,40.72096620537131,-73.84289312884077,QUEENS
Sewer Backup (Use Comments) (SA). at 94-27 77 STREET in QUEENS.,Drainage / Flooding,40.68347814428045,-73.86217386510708,QUEENS
Street Flooding (SJ). at 1146 ATLANTIC AVENUE in BROOKLYN.,Drainage / Flooding,40.679165799908056,-73.95515335638952,BROOKLYN
Cave-in. at 1730 77 STREET in BROOKLYN.,Pothole / Road Damage,40.6131350310886,-73.99870696847967,BROOKLYN
Pedestrian Signal. in MANHATTAN.,Broken Streetlight,40.73831255299433,-73.9877418379482,MANHATTAN
Removal Request. at VERONICA PLACE in BROOKLYN.,Garbage / Waste,40.649644798421406,-73.9528848308646,BROOKLYN
Removal Request. at 4125 CARPENTER AVENUE in BRONX.,Garbage / Waste,40.892151194761134,-73.86146632694674,BRONX
Street Light Out. at LAKE AVENUE in STATEN ISLAND.,Broken Streetlight,,,STATEN ISLAND
Controller. in BROOKLYN.,Broken Streetlight,40.59567167397475,-73.98506020966923,BROOKLYN
Manhole Overflow (Use Comments) (SA1). in BROOKLYN.,Drainage / Flooding,40.60874677483663,-73.95827996342706,BROOKLYN
Branch or Limb Has Fallen Down. at 1488 EAST 19 STREET in BROOKLYN.,Fallen Tree / Vegetation,40.61415295502749,-73.9554419566877,BROOKLYN
Excessive Water In Basement (WEFB). at 221 WESTMINSTER ROAD in BROOKLYN.,Water Leakage / Sanitation,40.643314938181504,-73.96765238342759,BROOKLYN
Removal Request. at 131-01 109 AVENUE in QUEENS.,Garbage / Waste,40.68535094223868,-73.81232526737647,QUEENS
Hydrant Running (WC3). at 517 MYRTLE AVENUE in BROOKLYN.,Water Leakage / Sanitation,40.693620189457626,-73.96419496336601,BROOKLYN
Possible Water Main Break (Use Comments) (WA1). at 221-28 112 ROAD in QUEENS.,Water Leakage / Sanitation,40.70472706803188,-73.73580465044931,QUEENS
Controller. in BRONX.,Broken Streetlight,40.846869604369374,-73.90875408479297,BRONX
Cave-in. at 99 STREET in QUEENS.,Pothole / Road Damage,40.654956960496754,-73.83304020651478,QUEENS
Branch Cracked and Will Fall. at 79 BUFFALO STREET in STATEN ISLAND.,Fallen Tree / Vegetation,40.55930998975379,-74.13243800068031,STATEN ISLAND
Loud Music/Party. at 862 4 AVENUE in BROOKLYN.,Pollution,40.65702966667553,-74.00160744153185,BROOKLYN
Removal Request. at 3001 SHORE PARKWAY in BROOKLYN.,Garbage / Waste,40.58496951098667,-73.96091219204058,BROOKLYN
Branch Cracked and Will Fall. at 235 EAST 83 STREET in MANHATTAN.,Fallen Tree / Vegetation,40.77650284381804,-73.95452455040912,MANHATTAN
Controller. in STATEN ISLAND.,Broken Streetlight,40.60940248051937,-74.09010738879118,STATEN ISLAND
Asbestos Disturbance. at 1362 GRAND CONCOURSE in BRONX.,Pollution,40.837819201762,-73.91448734071129,BRONX
Defective Hardware. at 150-62 116 AVENUE in QUEENS.,Pothole / Road Damage,40.682755446109134,-73.79218127272416,QUEENS
Hitting Building. at 527 EAST 78 STREET in MANHATTAN.,Fallen Tree / Vegetation,40.77008626836281,-73.9494348720922,MANHATTAN
Pothole. in STATEN ISLAND.,Pothole / Road Damage,40.53535394443217,-74.15593304175295,STATEN ISLAND
Hydrant Leaking (WC1). at 101-10 QUEENS BOULEVARD in QUEENS.,Water Leakage / Sanitation,40.72639958075378,-73.85231494189411,QUEENS
Controller. in MANHATTAN.,Broken Streetlight,40.75652720236339,-73.99401903776727,MANHATTAN
Sewer Backup (Use Comments) (SA). at 8 FOUNTAIN AVENUE in BROOKLYN.,Drainage / Flooding,40.679775227998825,-73.87648759556762,BROOKLYN
Street Light Out. at FLUSHING MEADOWS PARK in QUEENS.,Broken Streetlight,40.74237706499928,-73.84215697754966,QUEENS
Lamppost Missing. in QUEENS.,Broken Streetlight,40.72585125138924,-73.72542044186562,QUEENS
Street Light Out. in BRONX.,Broken Streetlight,40.89290519150942,-73.8436550269186,BRONX
Possible Water Main Break (Use Comments) (WA1). at 666 WASHINGTON AVENUE in BROOKLYN.,Water Leakage / Sanitation,40.67820544523195,-73.96384992257471,BROOKLYN
Street Light Out. at 26 MAGUIRE AVENUE in STATEN ISLAND.,Broken Streetlight,40.52605345991664,-74.20997537788473,STATEN ISLAND
Cave-in. at HICKS STREET in BROOKLYN.,Pothole / Road Damage,40.69455617208386,-73.99617386684177,BROOKLYN
Asbestos Disturbance. at 1185 CARROLL STREET in BROOKLYN.,Pollution,40.66712768077816,-73.94964990195497,BROOKLYN
Pothole. at SLOSSON AVENUE in STATEN ISLAND.,Pothole / Road Damage,,,STATEN ISLAND
Possible Water Main Break (Use Comments) (WA1). at 217 EAST   87 STREET in MANHATTAN.,Water Leakage / Sanitation,40.77906833694252,-73.95245384723898,MANHATTAN
LED Pedestrian Unit. in QUEENS.,Broken Streetlight,40.75502974129672,-73.87269170145485,QUEENS
Hitting Building. at 138 ROSS STREET in BROOKLYN.,Fallen Tree / Vegetation,40.70516647533456,-73.96126730896103,BROOKLYN
Branch or Limb Has Fallen Down. at 93-15 215 STREET in QUEENS.,Fallen Tree / Vegetation,40.719629931868646,-73.74251690893252,QUEENS
Hitting Power Lines. at 159 ASPINWALL STREET in STATEN ISLAND.,Fallen Tree / Vegetation,40.50442475541984,-74.24821474545382,STATEN ISLAND
Loud Music/Party. at 120-04 ROCKAWAY BOULEVARD in QUEENS.,Pollution,40.67593178919098,-73.81802989808206,QUEENS
Blocking Street. at 216 UTICA AVENUE in BROOKLYN.,Fallen Tree / Vegetation,40.67134215344243,-73.93089040877486,BROOKLYN
Tree Leaning/Uprooted. at 37-50 87 STREET in QUEENS.,Fallen Tree / Vegetation,40.748993068588085,-73.87944505118925,QUEENS
Street Flooding (SJ). at 1746 MELVILLE STREET in BRONX.,Drainage / Flooding,40.84233952301372,-73.87015371882852,BRONX
Street Light Out. at 35 VIRGINIA AVENUE in STATEN ISLAND.,Broken Streetlight,40.61515689809154,-74.06825901120384,STATEN ISLAND
Loud Talking. at 79 EAST 7 STREET in MANHATTAN.,Pollution,40.72729771351166,-73.98648830466516,MANHATTAN
Branch or Limb Has Fallen Down. at 158-52 80 STREET in QUEENS.,Fallen Tree / Vegetation,40.658216712664014,-73.85233974183475,QUEENS
Chronic Dumping. at 521 WEST 207 STREET in MANHATTAN.,Garbage / Waste,40.86519032575999,-73.919596875939,MANHATTAN
Chronic Dumping. at 181 BEDFORD AVENUE in BROOKLYN.,Garbage / Waste,40.71795851239095,-73.9575766949627,BROOKLYN
Vehicle Idling Odor. at 97-17 95 AVENUE in QUEENS.,Pollution,40.68776309464232,-73.84518531859803,QUEENS
Hydrant Defective (WC2). at 3192 FLATBUSH AVENUE in BROOKLYN.,Water Leakage / Sanitation,40.58894517129616,-73.89957250265853,BROOKLYN
Banging/Pounding. at 39 AVENUE in QUEENS.,Pollution,40.76532077404261,-73.77189536218215,QUEENS
Catch Basin Clogged/Flooding (Use Comments) (SC). at 2883 HARRINGTON AVENUE in BRONX.,Drainage / Flooding,40.83998329395249,-73.83291919016831,BRONX
Catch Basin Clogged/Flooding (Use Comments) (SC). at 352 BEACH   70 STREET in QUEENS.,Drainage / Flooding,40.59179407760032,-73.79897787701748,QUEENS
Manhole Overflow (Use Comments) (SA1). at 1656 EAST   15 STREET in BROOKLYN.,Drainage / Flooding,40.6092600905963,-73.95838768915253,BROOKLYN
Street Light Out. at 49 STEVENSON PLACE in STATEN ISLAND.,Broken Streetlight,40.51781193132482,-74.21083066694118,STATEN ISLAND
Branch Cracked and Will Fall. at 43-28 UTOPIA PARKWAY in QUEENS.,Fallen Tree / Vegetation,40.75689292716312,-73.79292093749697,QUEENS
Sewer Backup (Use Comments) (SA). at 239 DOUGLAS ROAD in STATEN ISLAND.,Drainage / Flooding,40.60801650268748,-74.09668543123118,STATEN ISLAND
Sewer Odor (SA2). at 344 EAST  112 STREET in MANHATTAN.,Drainage / Flooding,40.79374575245632,-73.93792862098367,MANHATTAN
Vehicle Idling Odor. at 640 8 AVENUE in MANHATTAN.,Pollution,40.75666417742652,-73.99019293432467,MANHATTAN
Branch or Limb Has Fallen Down. at 366 BRYSON AVENUE in STATEN ISLAND.,Fallen Tree / Vegetation,40.612352145825774,-74.144799889253,STATEN ISLAND
Cave-in. at 76 STREET in QUEENS.,Pothole / Road Damage,40.6815541389544,-73.86224273987214,QUEENS
Blocking Street. at 1326 MACE AVENUE in BRONX.,Fallen Tree / Vegetation,40.86284561814438,-73.84800619706206,BRONX
Branch or Limb Has Fallen Down. at 70-01 60 AVENUE in QUEENS.,Fallen Tree / Vegetation,40.72294445038004,-73.88950352983186,QUEENS
Pothole. in BROOKLYN.,Pothole / Road Damage,40.64446324583341,-73.94791212414326,BROOKLYN
Defective Hardware. at 6404 16 AVENUE in BROOKLYN.,Pothole / Road Damage,40.62249464485577,-73.99441288825983,BROOKLYN
Vehicle Idling Odor. at 640 8 AVENUE in MANHATTAN.,Pollution,40.75666417742652,-73.99019293432467,MANHATTAN
Pothole. at VAN DUZER STREET in STATEN ISLAND.,Pothole / Road Damage,,,STATEN ISLAND
Removal Request. at 1201 AVENUE J in BROOKLYN.,Garbage / Waste,40.62490182697108,-73.96403729873298,BROOKLYN
Chronic Dumping. at 174 MONROE STREET in BROOKLYN.,Garbage / Waste,40.68525806342442,-73.95233684803958,BROOKLYN
Controller. in BROOKLYN.,Broken Streetlight,40.656085324928256,-74.00584221040451,BROOKLYN
"Rough, Pitted or Cracked Roads. at EDGEWATER ROAD in BRONX.",Pothole / Road Damage,40.82254395696319,-73.88502772173827,BRONX
Branch or Limb Has Fallen Down. at 66 BAINBRIDGE STREET in BROOKLYN.,Fallen Tree / Vegetation,40.68052296008592,-73.93479275323519,BROOKLYN
Loud Music/Party. at 20 SEAMAN AVENUE in MANHATTAN.,Pollution,40.86669957350821,-73.92736836296487,MANHATTAN
Pothole. at FILLMORE AVENUE in BROOKLYN.,Pothole / Road Damage,,,BROOKLYN
Cave-in. at 53 AVENUE in QUEENS.,Pothole / Road Damage,40.74653869450368,-73.78635229431656,QUEENS
Tree Leaning/Uprooted. at 1846 EAST 34 STREET in BROOKLYN.,Fallen Tree / Vegetation,40.611258740898194,-73.93554472480531,BROOKLYN
Pothole. at 1401 MYRTLE AVENUE in BROOKLYN.,Pothole / Road Damage,40.69858286109524,-73.92058760387927,BROOKLYN
Hydrant Leaking (WC1). at 701 CARROLL STREET in BROOKLYN.,Water Leakage / Sanitation,40.67378440582189,-73.97780019783875,BROOKLYN
Hitting Building. at 74 SLEEPY HOLLOW ROAD in STATEN ISLAND.,Fallen Tree / Vegetation,40.59459085441559,-74.16683766109324,STATEN ISLAND
Cave-in. at 40-23 AUBURNDALE LANE in QUEENS.,Pothole / Road Damage,40.76037993505559,-73.79511203252468,QUEENS
Street Light Out. in BRONX.,Broken Streetlight,40.868039673800304,-73.87909545613223,BRONX
Hitting Building. at 51 AVENUE in QUEENS.,Fallen Tree / Vegetation,40.74056927706798,-73.86924780895977,QUEENS
Hitting Building. at 1732 65 STREET in BROOKLYN.,Fallen Tree / Vegetation,40.61998299030152,-73.99161064241481,BROOKLYN
Removal Request. at 801 LINDEN BOULEVARD in BROOKLYN.,Garbage / Waste,40.65395241004806,-73.9283351927054,BROOKLYN
Catch Basin Sunken/Damaged/Raised (SC1). at 944 VAN NEST AVENUE in BRONX.,Drainage / Flooding,40.84594982841558,-73.85708072731512,BRONX
Controller. in MANHATTAN.,Broken Streetlight,40.777874081223175,-73.95174339794139,MANHATTAN
Loud Music/Party. at 601 WEST 191 STREET in MANHATTAN.,Pollution,40.85564240936937,-73.92935055425096,MANHATTAN
Hydrant Running Full (WA4). at 50 NICHOLS AVENUE in BROOKLYN.,Water Leakage / Sanitation,40.68946244661,-73.86984203315279,BROOKLYN
Chronic Dumping. at EAST 149 STREET in BRONX.,Garbage / Waste,40.81212603460825,-73.90418129247784,BRONX
Street Light Out. at 2284 EAST   17 STREET in BROOKLYN.,Broken Streetlight,40.59496341493921,-73.95375159323362,BROOKLYN
Removal Request. at WILLOWBROOK ROAD in STATEN ISLAND.,Garbage / Waste,40.62499016105151,-74.14402397144681,STATEN ISLAND
Veh Sgnl Mult Lamps. in QUEENS.,Broken Streetlight,40.74861464350142,-73.8746312134739,QUEENS
Cave-in. at 435 45 STREET in BROOKLYN.,Pothole / Road Damage,40.64871540177533,-74.00873171632695,BROOKLYN
Pothole. at BRIGHTON STREET in STATEN ISLAND.,Pothole / Road Damage,,,STATEN ISLAND
Loud Music/Party. at 2155 GRAND CONCOURSE in BRONX.,Pollution,40.85473567166208,-73.90175579950744,BRONX
Loud Music/Party. at 2614 NEWKIRK AVENUE in BROOKLYN.,Pollution,40.63975498670418,-73.95203425303694,BROOKLYN
Warning Signal Lamp. in BROOKLYN.,Broken Streetlight,40.68176925926219,-73.96753277726584,BROOKLYN
Loud Music/Party. at 1282 SAINT NICHOLAS AVENUE in MANHATTAN.,Pollution,40.84493695838399,-73.93691944779661,MANHATTAN
Entire Tree Has Fallen Down. at 50 COLUMBIA STREET in BROOKLYN.,Fallen Tree / Vegetation,40.69001638736508,-74.0002884729616,BROOKLYN
Chronic Dumping. at 754 EAST GUN HILL ROAD in BRONX.,Garbage / Waste,40.8767350479126,-73.86443467398193,BRONX
Street Light Out. at 1053 FOREST AVENUE in STATEN ISLAND.,Broken Streetlight,40.62717850638543,-74.12458948927197,STATEN ISLAND
Fixture/Luminaire Hanging. at 2329 DEMEYER STREET in BRONX.,Broken Streetlight,40.85991732006285,-73.83237022274403,BRONX
Asbestos Disturbance. at 792 COLUMBUS AVENUE in MANHATTAN.,Pollution,40.79540999565012,-73.96674419547618,MANHATTAN
Removal Request. at 822 EAST 219 STREET in BRONX.,Garbage / Waste,40.88237444332806,-73.85906012857991,BRONX
Loud Music/Party. at 40-12 BELL BOULEVARD in QUEENS.,Pollution,40.76410632111882,-73.77125334303817,QUEENS
Hitting Building. at 517 16 STREET in BROOKLYN.,Fallen Tree / Vegetation,40.65951444436228,-73.9785257993862,BROOKLYN
Removal Request. at 546 CHAUNCEY STREET in BROOKLYN.,Garbage / Waste,40.68252715212903,-73.91097641009766,BROOKLYN
Hydrant Running (WC3). at 3125 HULL AVENUE in BRONX.,Water Leakage / Sanitation,40.872772857272416,-73.87774899408598,BRONX
Street Light Out. at 143-11 115 AVENUE in QUEENS.,Broken Streetlight,40.68266176316289,-73.79971711007282,QUEENS
Removal Request. at 116-20 194 STREET in QUEENS.,Garbage / Waste,40.69394596642623,-73.75846868432834,QUEENS
Branch Cracked and Will Fall. at 392 EAST 7 STREET in BROOKLYN.,Fallen Tree / Vegetation,40.64222377490336,-73.97249939055715,BROOKLYN
Loud Music/Party. at 236 EAST GUNHILL ROAD in BRONX.,Pollution,40.880110829880586,-73.87649151982836,BRONX
Cave-in. at WEST 187 STREET in MANHATTAN.,Pothole / Road Damage,40.85509784049095,-73.93689173668447,MANHATTAN
Vehicle Idling Odor. at 9 PENN PLAZA in MANHATTAN.,Pollution,40.75133411617699,-73.99352864858257,MANHATTAN
Catch Basin Sunken/Damaged/Raised (SC1). in QUEENS.,Drainage / Flooding,40.740415799441706,-73.71336163055362,QUEENS
Controller. in MANHATTAN.,Broken Streetlight,40.723450293161406,-74.00382779200886,MANHATTAN
Vehicle Idling Odor. at 601 WEST 136 STREET in MANHATTAN.,Pollution,40.82094840199287,-73.95498554661327,MANHATTAN
Street Light Out. at 76 5 AVENUE in BROOKLYN.,Broken Streetlight,40.68069021395264,-73.97757436364695,BROOKLYN
Removal Request. at 307 CUMBERLAND STREET in BROOKLYN.,Garbage / Waste,40.686431171891,-73.97248115867912,BROOKLYN
Hitting Building. at 236 EAST 49 STREET in BROOKLYN.,Fallen Tree / Vegetation,40.65634802422722,-73.93189706751576,BROOKLYN
Blocking Street. at 90 MELVIN AVENUE in STATEN ISLAND.,Fallen Tree / Vegetation,40.59219913053532,-74.19208295585885,STATEN ISLAND
Loud Music/Party. at 1010 EAST 14 STREET in BROOKLYN.,Pollution,40.62454991391493,-73.96222909588866,BROOKLYN
Branch Cracked and Will Fall. at 2909 CLARENDON ROAD in BROOKLYN.,Fallen Tree / Vegetation,40.64321775121724,-73.94934003631363,BROOKLYN
Street Light Out. at 774 LAFAYETTE AVENUE in BROOKLYN.,Broken Streetlight,40.69096235851304,-73.94183580965833,BROOKLYN
Sewer Backup (Use Comments) (SA). at 146-26 GEORGIA ROAD in QUEENS.,Drainage / Flooding,40.75451386075763,-73.8159275092578,QUEENS
Street Light Out. at 404 WEST  255 STREET in BRONX.,Broken Streetlight,40.90253579632841,-73.90331661001726,BRONX
Branch Cracked and Will Fall. at 175 3 STREET in STATEN ISLAND.,Fallen Tree / Vegetation,40.573553030561015,-74.11972715590191,STATEN ISLAND
Street Light Out. at 1446 WILLIAMSBRIDGE ROAD in BRONX.,Broken Streetlight,40.84324723441806,-73.8450583991611,BRONX
Tree Leaning/Uprooted. at 136-14 72 AVENUE in QUEENS.,Fallen Tree / Vegetation,40.7252630892542,-73.82660809784633,QUEENS
Branch or Limb Has Fallen Down. at 221 EDISON STREET in STATEN ISLAND.,Fallen Tree / Vegetation,40.57604121152463,-74.11010945236087,STATEN ISLAND
Street Flooding (SJ). at 162 AVENUE B in MANHATTAN.,Drainage / Flooding,40.7270661703141,-73.97977401836124,MANHATTAN
Lamppost Knocked Down. in BRONX.,Broken Streetlight,40.83572369515274,-73.90578436324381,BRONX
Loud Music/Party. at 1388 JESUP AVENUE in BRONX.,Pollution,40.84091437504712,-73.92097788675667,BRONX
Branch Cracked and Will Fall. at 832 POST AVENUE in STATEN ISLAND.,Fallen Tree / Vegetation,40.63105516675771,-74.1286534004759,STATEN ISLAND
Pothole. at 49 STREET in QUEENS.,Pothole / Road Damage,,,QUEENS
Dust from Construction. at 225 MACDONOUGH STREET in BROOKLYN.,Pollution,40.6818114044747,-73.9368466108752,BROOKLYN
Removal Request. at 187-44 MANGIN AVENUE in QUEENS.,Garbage / Waste,40.69839465317939,-73.76750818357769,QUEENS
Removal Request. at 1532 MYRTLE AVENUE in BROOKLYN.,Garbage / Waste,40.699400430649646,-73.91250464008209,BROOKLYN
Hydrant Leaking (WC1). at 449 STONEHAM STREET in STATEN ISLAND.,Water Leakage / Sanitation,40.55784441124501,-74.11441959291385,STATEN ISLAND
Street Light Out. in QUEENS.,Broken Streetlight,40.78723968066781,-73.80602182900677,QUEENS
Loud Music/Party. at 217 WEST 145 STREET in MANHATTAN.,Pollution,40.82198725248685,-73.93987862398805,MANHATTAN
Vehicle Idling Odor. at 85-04 ABINGDON ROAD in QUEENS.,Pollution,40.70624532378704,-73.82892263319238,QUEENS
Controller. in BRONX.,Broken Streetlight,40.874704503663416,-73.85802776597806,BRONX
Cave-in. at 159 AVENUE in QUEENS.,Pothole / Road Damage,40.65817111300545,-73.84685425649133,QUEENS
Street Light Out. in BROOKLYN.,Broken Streetlight,40.64316417468792,-74.01921322260426,BROOKLYN
Banging/Pounding. at 1904 AVENUE N in BROOKLYN.,Pollution,40.6160524018817,-73.95557035779359,BROOKLYN
Loud Music/Party. at 90-21 UNION TURNPIKE in QUEENS.,Pollution,40.70662723874903,-73.85521534482407,QUEENS
Hitting Building. at 45 ORCHARD STREET in MANHATTAN.,Fallen Tree / Vegetation,40.71634109106208,-73.99115841892062,MANHATTAN
Hydrant Leaking (WC1). at 1600 EAST   26 STREET in BROOKLYN.,Water Leakage / Sanitation,40.6118716169304,-73.94792674927002,BROOKLYN
Sewer Backup (Use Comments) (SA). at 179-24 UNION TURNPIKE in QUEENS.,Drainage / Flooding,40.72683778980221,-73.78837455284516,QUEENS
Street Light Out. in MANHATTAN.,Broken Streetlight,40.75830822067179,-73.96292570462641,MANHATTAN
Leak (Use Comments) (WA2). at 414 ETNA STREET in BROOKLYN.,Water Leakage / Sanitation,40.68803943685288,-73.86877027973077,BROOKLYN
Catch Basin Clogged/Flooding (Use Comments) (SC). in BROOKLYN.,Drainage / Flooding,40.67657273714097,-73.94430349103472,BROOKLYN
Street Light Out. in STATEN ISLAND.,Broken Streetlight,40.62156435072273,-74.16848285561319,STATEN ISLAND
Vehicle Idling Odor. at 526 BALTIC STREET in BROOKLYN.,Pollution,40.68194844762581,-73.98439910629774,BROOKLYN
Sewer Backup (Use Comments) (SA). at 34-02 30 STREET in QUEENS.,Drainage / Flooding,40.75979871634373,-73.9282646266739,QUEENS
Vehicle Idling Odor. at 130 LENOX AVENUE in MANHATTAN.,Pollution,40.80235883795086,-73.94942480453088,MANHATTAN
Hitting Building. at 309 MORGAN AVENUE in BROOKLYN.,Fallen Tree / Vegetation,40.71483842940772,-73.93546981144506,BROOKLYN
Street Light Out. at 368 ESSEX STREET in BROOKLYN.,Broken Streetlight,40.67491447047294,-73.88194750705323,BROOKLYN
Hydrant Leaking (WC1). at 1039 70 STREET in BROOKLYN.,Water Leakage / Sanitation,40.62657858104402,-74.0101481991372,BROOKLYN
Sewer Odor (SA2). at 2311 2 AVENUE in MANHATTAN.,Drainage / Flooding,40.798649851819455,-73.93658407131294,MANHATTAN
Vehicle Idling Odor. at 640 8 AVENUE in MANHATTAN.,Pollution,40.75666417742652,-73.99019293432467,MANHATTAN
Street Light Out. at 591 MAIN STREET in STATEN ISLAND.,Broken Streetlight,40.50026468846204,-74.24386289674814,STATEN ISLAND
Branch or Limb Has Fallen Down. at 464 OAKDALE STREET in STATEN ISLAND.,Fallen Tree / Vegetation,40.54012736861426,-74.16560075645474,STATEN ISLAND
Pothole. at 256 STREET in QUEENS.,Pothole / Road Damage,40.66318330014188,-73.79116451284423,QUEENS
Tree Trunk Split. at OCEAN PARKWAY in BROOKLYN.,Fallen Tree / Vegetation,40.6307476287109,-73.97171152338811,BROOKLYN
Loud Music/Party. at 2143 FLATBUSH AVENUE in BROOKLYN.,Pollution,40.61755833148517,-73.93130269123797,BROOKLYN
Hitting Power Lines. at 4005 AVENUE P in BROOKLYN.,Fallen Tree / Vegetation,40.61822781164384,-73.93561363806273,BROOKLYN
Loud Music/Party. at 267 TROY AVENUE in BROOKLYN.,Pollution,40.67016790333938,-73.93654761940525,BROOKLYN
Asbestos Disturbance. at COLUMBUS AVENUE in MANHATTAN.,Pollution,40.77422664785725,-73.98111362151931,MANHATTAN
Vehicle Idling Odor. at 2 CARLTON AVENUE in BROOKLYN.,Pollution,40.69770149308565,-73.97376035943782,BROOKLYN
Cave-in. at 14 EAST 95 STREET in MANHATTAN.,Pothole / Road Damage,40.78695797902298,-73.95565131444226,MANHATTAN
Blocking Street. at 5622 BEVERLEY ROAD in BROOKLYN.,Fallen Tree / Vegetation,40.64671662447793,-73.9232511156586,BROOKLYN
Hydrant Running Full (WA4). at 234 6 AVENUE in BROOKLYN.,Water Leakage / Sanitation,40.67427041404879,-73.97876979741896,BROOKLYN
Hitting Building. at 2083 BROWN STREET in BROOKLYN.,Fallen Tree / Vegetation,40.60103131295767,-73.94003077416939,BROOKLYN
Street Light Out. in MANHATTAN.,Broken Streetlight,40.78578702266814,-73.97853562883556,MANHATTAN
Pothole. at LEFFERTS BOULEVARD in QUEENS.,Pothole / Road Damage,,,QUEENS
Street Light Out. at JUNIPER VALLEY PARK in QUEENS.,Broken Streetlight,40.72035799944184,-73.88037709186514,QUEENS
Cave-in. at WINTHROP AVENUE in BROOKLYN.,Pothole / Road Damage,40.66120429536802,-73.92431935815138,BROOKLYN
Removal Request. at 17 AVENUE in BROOKLYN.,Garbage / Waste,40.62336988839489,-73.98948845527158,BROOKLYN
Asbestos Disturbance. at 240 WEST 4 STREET in MANHATTAN.,Pollution,40.73454187408116,-74.00306346500425,MANHATTAN
Entire Tree Has Fallen Down. at 1000 5 AVENUE in MANHATTAN.,Fallen Tree / Vegetation,40.77863290127972,-73.96254609596876,MANHATTAN
Sewer Backup (Use Comments) (SA). at 115-46 165 STREET in QUEENS.,Drainage / Flooding,40.68781365611634,-73.78303200772099,QUEENS
Pothole. at EAST  135 STREET in BRONX.,Pothole / Road Damage,,,BRONX
Asbestos Disturbance. at 9 MENAHAN STREET in BROOKLYN.,Pollution,40.69254574257044,-73.92260336428312,BROOKLYN
Hydrant Running Full (WA4). at 622 WEST  137 STREET in MANHATTAN.,Water Leakage / Sanitation,40.821667450043606,-73.95481163398917,MANHATTAN
Blocking Street. at 1427 EAST 4 STREET in BROOKLYN.,Fallen Tree / Vegetation,40.61572526103695,-73.97120281801594,BROOKLYN
Branch or Limb Has Fallen Down. at 163-68 25 AVENUE in QUEENS.,Fallen Tree / Vegetation,40.77463207242342,-73.80060669457835,QUEENS
Hydrant Defective (WC2). at 1 GRACE COURT in BROOKLYN.,Water Leakage / Sanitation,40.6944738803682,-73.99831953265728,BROOKLYN
Removal Request. at 142 8 AVENUE in MANHATTAN.,Garbage / Waste,40.74157670894545,-74.00118365443703,MANHATTAN
Street Light Out. at 1575 EAST   12 STREET in BROOKLYN.,Broken Streetlight,40.6109217816522,-73.96151647858643,BROOKLYN
Pothole. at MANOR ROAD in QUEENS.,Pothole / Road Damage,,,QUEENS
Tree Alive - in Poor Condition. at 1838 EAST 52 STREET in BROOKLYN.,Fallen Tree / Vegetation,40.614323408254286,-73.9244481465787,BROOKLYN
Cave-in. at 169-10 GOETHALS AVENUE in QUEENS.,Pothole / Road Damage,40.72039647858001,-73.79790454945179,QUEENS
Dust. at 475 EXTERIOR STREET in BRONX.,Pollution,40.81787876969193,-73.93073823482972,BRONX
Sewer Backup (Use Comments) (SA). at 34-02 30 STREET in QUEENS.,Drainage / Flooding,40.75979871634373,-73.9282646266739,QUEENS
Sewer Backup (Use Comments) (SA). at 147-23 35 AVENUE in QUEENS.,Drainage / Flooding,40.76636552021653,-73.8192882037036,QUEENS
Hydrant Running (WC3). at 125 WEST TREMONT AVENUE in BRONX.,Water Leakage / Sanitation,40.85004074060992,-73.91361858586654,BRONX
Cave-in. at WEST 183 STREET in BRONX.,Pothole / Road Damage,40.85960974212645,-73.9077749865182,BRONX
Controller. in QUEENS.,Broken Streetlight,40.75082357267726,-73.87408567530099,QUEENS
Vehicle Idling Odor. at 408 WEST 57 STREET in MANHATTAN.,Pollution,40.76815876369282,-73.9863067278738,MANHATTAN
Removal Request. at 110-38 SPRINGFIELD BOULEVARD in QUEENS.,Garbage / Waste,40.70721026356157,-73.73905180182082,QUEENS
Branch Cracked and Will Fall. at 331 EAST 8 STREET in MANHATTAN.,Fallen Tree / Vegetation,40.72499101237226,-73.97909277311462,MANHATTAN
Dead Branches in Tree. at 220-23 107 AVENUE in QUEENS.,Fallen Tree / Vegetation,40.70955679459144,-73.73533463487395,QUEENS
Plate Condition - Noisy. at 35 WEST 110 STREET in MANHATTAN.,Pothole / Road Damage,40.79770178009685,-73.95115114536263,MANHATTAN
Hydrant Leaking (WC1). at 214 8 AVENUE in BROOKLYN.,Water Leakage / Sanitation,40.67010596018399,-73.97559886755205,BROOKLYN
Hitting Building. at 597 LINDEN BOULEVARD in BROOKLYN.,Fallen Tree / Vegetation,40.653435785601935,-73.93665723568817,BROOKLYN
Hitting Building. at 1559 HOLLYWOOD AVENUE in BRONX.,Fallen Tree / Vegetation,40.84340499953612,-73.82853014547904,BRONX
Chronic Dumping. at 43-23 COLDEN STREET in QUEENS.,Garbage / Waste,40.752535283074295,-73.8249815011565,QUEENS
Street Light Out. at 3135 SEDGWICK AVENUE in BRONX.,Broken Streetlight,40.877610105856704,-73.89872064676143,BRONX
Post. in QUEENS.,Broken Streetlight,40.73967523256229,-73.9345760838295,QUEENS
Pothole. in BRONX.,Pothole / Road Damage,40.866589666784776,-73.86832754689578,BRONX
Cave-in. at 1632 8 AVENUE in BROOKLYN.,Pothole / Road Damage,40.66071747007705,-73.983438111624,BROOKLYN
Branch or Limb Has Fallen Down. at 97-19 109 AVENUE in QUEENS.,Fallen Tree / Vegetation,40.67826010150929,-73.84074043449155,QUEENS
Pothole. at FOREST AVENUE in STATEN ISLAND.,Pothole / Road Damage,,,STATEN ISLAND
Pothole. at GERARD AVENUE in BRONX.,Pothole / Road Damage,,,BRONX
Sewer Backup (Use Comments) (SA). at 159 REMSEN AVENUE in BROOKLYN.,Drainage / Flooding,40.660268116789,-73.92827794740914,BROOKLYN
Vehicle Exhaust Smoke. at 78-15 PARSONS BOULEVARD in QUEENS.,Pollution,40.72195913199264,-73.80969682426189,QUEENS
Hitting Phone/Cable Lines. at 420 BAY STREET in STATEN ISLAND.,Fallen Tree / Vegetation,40.6318678037349,-74.07602926728605,STATEN ISLAND
Restaurant Odor. at 108-22 QUEENS BOULEVARD in QUEENS.,Pollution,40.72112315790228,-73.84326073413891,QUEENS
Loud Music/Party. at 1981 HUGHES AVENUE in BRONX.,Pollution,40.84675337560064,-73.89178097149815,BRONX
Blocking Street. at 1711 OCEAN PARKWAY in BROOKLYN.,Fallen Tree / Vegetation,40.606814579017566,-73.96717667445162,BROOKLYN
Loud Music/Party. at 8-08 QUEENS PLAZA SOUTH in QUEENS.,Pollution,40.75413091394,-73.94906799836494,QUEENS
Street Light Out. at 80 in STATEN ISLAND.,Broken Streetlight,40.59906172404584,-74.08432822983256,STATEN ISLAND
Pothole. in BRONX.,Pothole / Road Damage,40.82539670614824,-73.88327759218794,BRONX
Catch Basin Clogged/Flooding (Use Comments) (SC). at 657 DE KALB AVENUE in BROOKLYN.,Drainage / Flooding,40.691559002442304,-73.94985502459039,BROOKLYN
Hydrant Running (WC3). at 2524 ALBEMARLE ROAD in BROOKLYN.,Water Leakage / Sanitation,40.64795971753323,-73.95341575581875,BROOKLYN
Hydrant Running Full (WA4). at 100 EAST  110 STREET in MANHATTAN.,Water Leakage / Sanitation,40.79536911854813,-73.94581127231439,MANHATTAN
Street Flooding (SJ). at 2604 WEST   13 STREET in BROOKLYN.,Drainage / Flooding,40.58464536668988,-73.98195568411975,BROOKLYN
Hitting Phone/Cable Lines. at 2244 EAST 22 STREET in BROOKLYN.,Fallen Tree / Vegetation,40.59631726196904,-73.94883549185852,BROOKLYN
Loud Music/Party. at 749 METROPOLITAN AVENUE in BROOKLYN.,Pollution,40.71457939477639,-73.94399397442777,BROOKLYN
Branch or Limb Has Fallen Down. at 1488 EAST 19 STREET in BROOKLYN.,Fallen Tree / Vegetation,40.61415295502749,-73.9554419566877,BROOKLYN
Loud Music/Party. at 4736 BROADWAY in MANHATTAN.,Pollution,40.86498195950459,-73.9282740890074,MANHATTAN
Controller. in BROOKLYN.,Broken Streetlight,40.65488243188168,-73.9618803533782,BROOKLYN
Leak (Use Comments) (WA2). at 305 8 AVENUE in BROOKLYN.,Water Leakage / Sanitation,40.66926071150516,-73.97628048209764,BROOKLYN
Dead Branches in Tree. at 120 AVENUE in QUEENS.,Fallen Tree / Vegetation,40.68756520112401,-73.73396157628049,QUEENS
Controller. in MANHATTAN.,Broken Streetlight,40.76285221680354,-73.96772789303769,MANHATTAN
Vehicle Idling Odor. at EAST 11 STREET in MANHATTAN.,Pollution,40.72592083673207,-73.97578407846922,MANHATTAN
Hydrant Leaking (WC1). at 601 WEST   57 STREET in MANHATTAN.,Water Leakage / Sanitation,40.77051976687385,-73.99186966991847,MANHATTAN
Controller. in MANHATTAN.,Broken Streetlight,40.72898889654943,-74.00934838211222,MANHATTAN
Hydrant Running Full (WA4). at 1039 SIMPSON STREET in BRONX.,Water Leakage / Sanitation,40.82453602352975,-73.89295887683481,BRONX
Controller. in QUEENS.,Broken Streetlight,40.72096620537131,-73.84289312884077,QUEENS
Chimney/Vent Smoke. at 25-04 33 AVENUE in QUEENS.,Pollution,40.76276892133812,-73.92889676159974,QUEENS
Controller. in BROOKLYN.,Broken Streetlight,40.64554798196312,-73.90565651805552,BROOKLYN
Catch Basin Clogged/Flooding (Use Comments) (SC). at 80 BRUCKNER BOULEVARD in BRONX.,Drainage / Flooding,40.806199762400574,-73.92597866184836,BRONX
Catch Basin Clogged/Flooding (Use Comments) (SC). at 955 EAST  229 STREET in BRONX.,Drainage / Flooding,40.88831558739477,-73.85160441952395,BRONX
Vehicle Idling Odor. at 640 8 AVENUE in MANHATTAN.,Pollution,40.75666417742652,-73.99019293432467,MANHATTAN
Branch or Limb Has Fallen Down. at 1512 EAST 24 STREET in BROOKLYN.,Fallen Tree / Vegetation,40.613552442321634,-73.95020896805336,BROOKLYN
Blocking Street. at 220 14 STREET in BROOKLYN.,Fallen Tree / Vegetation,40.66680341457072,-73.99014847210067,BROOKLYN
Hitting Building. at 1201 TINTON AVENUE in BRONX.,Fallen Tree / Vegetation,40.82924164763147,-73.90040226043398,BRONX
Sewer Odor (SA2). at 90-13 ROCKAWAY BOULEVARD in QUEENS.,Drainage / Flooding,40.68190587423918,-73.8494209322724,QUEENS
Street Light Out. at 25-12 148 STREET in QUEENS.,Broken Streetlight,40.776245748940994,-73.81874507681556,QUEENS
Failed Street Repair. at 30-18 75 STREET in QUEENS.,Pothole / Road Damage,40.759979780415726,-73.89280633368361,QUEENS
Controller. in BRONX.,Broken Streetlight,,,BRONX
Hitting Phone/Cable Lines. at 23-61 27 STREET in QUEENS.,Fallen Tree / Vegetation,40.77486227505507,-73.91664783831372,QUEENS
Street Light Out. at 532 BEACH  129 STREET in QUEENS.,Broken Streetlight,40.58043237246273,-73.85054611371379,QUEENS
Pothole. in QUEENS.,Pothole / Road Damage,40.73042687106589,-73.85288331297531,QUEENS
Street Light Out. in MANHATTAN.,Broken Streetlight,40.80129132561186,-73.94389573469208,MANHATTAN
Veh Signal Head. in BROOKLYN.,Broken Streetlight,40.61604500383232,-73.94482944709631,BROOKLYN
Possible Water Main Break (Use Comments) (WA1). at 131-22 225 STREET in QUEENS.,Water Leakage / Sanitation,40.68029620904942,-73.74327448614562,QUEENS
Street Light Out. at 2816 PHILIP AVENUE in BRONX.,Broken Streetlight,40.82646145839293,-73.82642388683185,BRONX
Loud Music/Party. at 236 EAST GUN HILL ROAD in BRONX.,Pollution,40.880110829880586,-73.87649151982836,BRONX
Dead Branches in Tree. at 546 BERGAN STREET in BROOKLYN.,Fallen Tree / Vegetation,40.68025263309874,-73.97224575291094,BROOKLYN
Loud Music/Party. at 1788 SHEEPSHEAD BAY ROAD in BROOKLYN.,Pollution,40.5841010008306,-73.95077095462739,BROOKLYN
Controller. in BROOKLYN.,Broken Streetlight,40.693249270666016,-73.97286058984527,BROOKLYN
Branch or Limb Has Fallen Down. at 119-52 167 STREET in QUEENS.,Fallen Tree / Vegetation,40.68275647866531,-73.77803677412979,QUEENS
Removal Request. at LIVONIA AVENUE in BROOKLYN.,Garbage / Waste,40.666469358702265,-73.8825067547414,BROOKLYN
Controller. in QUEENS.,Broken Streetlight,40.75502974129672,-73.87269170145485,QUEENS
Street Light Out. in BROOKLYN.,Broken Streetlight,40.681566106655815,-73.89431326931438,BROOKLYN
Loud Music/Party. at 52-10 CENTER BOULEVARD in QUEENS.,Pollution,40.7418964757084,-73.96023551436888,QUEENS
Loud Music/Party. at 1285 ST NICHOLAS AVENUE in MANHATTAN.,Pollution,40.84498910186428,-73.93690855540984,MANHATTAN
No Water (WNW). at 602 LORIMER STREET in BROOKLYN.,Water Leakage / Sanitation,40.71499640472199,-73.94950913084614,BROOKLYN
Traffic Signal Light. in QUEENS.,Broken Streetlight,40.7569397357592,-73.93463131754613,QUEENS
Removal Request. at 139 WEST 15 STREET in MANHATTAN.,Garbage / Waste,40.73865078816274,-73.99776270267023,MANHATTAN
Hydrant Running (WC3). at 230 6 AVENUE in BROOKLYN.,Water Leakage / Sanitation,40.67439665770128,-73.97868323560971,BROOKLYN
Vehicle Idling Odor. at 640 8 AVENUE in MANHATTAN.,Pollution,40.75666417742652,-73.99019293432467,MANHATTAN
Blocking Street. at 2977 AVENUE U in BROOKLYN.,Fallen Tree / Vegetation,40.6006552081163,-73.93990147285515,BROOKLYN
Removal Request. at 555 BERGEN AVENUE in BRONX.,Garbage / Waste,40.81595890656978,-73.91635431306804,BRONX
Hitting Building. at 179 ROSS STREET in BROOKLYN.,Fallen Tree / Vegetation,40.70607726136871,-73.95987816901543,BROOKLYN
Vehicle Idling Odor. at 1511 OLMSTEAD AVENUE in BRONX.,Pollution,40.8363354882511,-73.85518965559545,BRONX
Sewer Odor (SA2). at 177 MESEROLE AVENUE in BROOKLYN.,Drainage / Flooding,40.72818768033055,-73.9494269766019,BROOKLYN
Hydrant Running Full (WA4). at 104-66 108 STREET in QUEENS.,Water Leakage / Sanitation,40.68233629082688,-73.833130299375,QUEENS
Branch or Limb Has Fallen Down. at 166-17 33 AVENUE in QUEENS.,Fallen Tree / Vegetation,40.767654816358856,-73.79896331632618,QUEENS
Street Light Out. at CLASSON TRIANGLE in BROOKLYN.,Broken Streetlight,40.69948473095209,-73.96103258590688,BROOKLYN
Veh Signal Lamp. in BROOKLYN.,Broken Streetlight,40.693249270666016,-73.97286058984527,BROOKLYN
Branch or Limb Has Fallen Down. at 533 EGAN STREET in BROOKLYN.,Fallen Tree / Vegetation,40.65652358838513,-73.8734022812398,BROOKLYN
Controller. in BROOKLYN.,Broken Streetlight,40.69881941619579,-73.95796033174723,BROOKLYN
Hitting Building. at 2919 TIEMANN AVENUE in BRONX.,Fallen Tree / Vegetation,40.8690313559748,-73.83930009556889,BRONX
Street Light Out. at 355 GREELEY AVENUE in STATEN ISLAND.,Broken Streetlight,40.574834622653135,-74.10297646458316,STATEN ISLAND
Blocking Street. at 2375 84 STREET in BROOKLYN.,Fallen Tree / Vegetation,40.60084605173818,-73.98888701714702,BROOKLYN
Pothole. in QUEENS.,Pothole / Road Damage,40.66684164323722,-73.78940839883084,QUEENS
Possible Water Main Break (Use Comments) (WA1). at 56 WEST  124 STREET in MANHATTAN.,Water Leakage / Sanitation,40.80655885707441,-73.94472933116118,MANHATTAN
Controller. in MANHATTAN.,Broken Streetlight,40.771785031556,-73.96332617034822,MANHATTAN
Branch or Limb Has Fallen Down. at 140 CHARLES STREET in MANHATTAN.,Fallen Tree / Vegetation,40.73416286221032,-74.00798156190001,MANHATTAN
Hydrant Running Full (WA4). at 546 EAST   12 STREET in MANHATTAN.,Water Leakage / Sanitation,40.72861154511367,-73.9802173333813,MANHATTAN
Hydrant Defective (WC2). at 4101 4 AVENUE in BROOKLYN.,Water Leakage / Sanitation,40.65142459503456,-74.00741307050428,BROOKLYN
Removal Request. at 1477 LELAND AVENUE in BRONX.,Garbage / Waste,40.837052080158905,-73.8644035049952,BRONX
Failed Street Repair. at EAST 72 STREET in MANHATTAN.,Pothole / Road Damage,40.768797068314726,-73.95836382115831,MANHATTAN
Branch or Limb Has Fallen Down. at 25 AVENUE in QUEENS.,Fallen Tree / Vegetation,40.77444964956019,-73.79830013549984,QUEENS
Pedestrian Signal. in BROOKLYN.,Broken Streetlight,40.660030579976805,-73.92178687209726,BROOKLYN
Hydrant Running (WC3). in BROOKLYN.,Water Leakage / Sanitation,40.6496005657744,-73.96790880433315,BROOKLYN
Entire Tree Has Fallen Down. at 81 PAYSON AVENUE in MANHATTAN.,Fallen Tree / Vegetation,40.86766572202584,-73.92739261652989,MANHATTAN
Chronic Dumping. at 326 EAST 4 STREET in MANHATTAN.,Garbage / Waste,40.72182905599458,-73.97911901847648,MANHATTAN
Removal Request. at BEARD STREET in BROOKLYN.,Garbage / Waste,40.6760305684195,-74.01665221488285,BROOKLYN
Street Light Out. at 1875 STILLWELL AVENUE in BRONX.,Broken Streetlight,40.85939369693211,-73.83091104132573,BRONX
Hitting Building. at 16 WAIMER PLACE in STATEN ISLAND.,Fallen Tree / Vegetation,40.542541763725296,-74.16632273371434,STATEN ISLAND
Loud Music/Party. at 115-88 LEFFERTS BOULEVARD in QUEENS.,Pollution,40.67464422870562,-73.81960883486667,QUEENS
Street Light Out. in MANHATTAN.,Broken Streetlight,40.75700751230017,-73.96387212776169,MANHATTAN
Catch Basin Clogged/Flooding (Use Comments) (SC). at 400 OLMSTEAD AVENUE in BRONX.,Drainage / Flooding,40.814730885279936,-73.85017530846399,BRONX
Removal Request. at 87-11 QUEENS BOULEVARD in QUEENS.,Garbage / Waste,40.73533103763354,-73.87555469034923,QUEENS
Hydrant Running (WC3). at 2523 7 AVENUE in MANHATTAN.,Water Leakage / Sanitation,40.82245310905048,-73.93846548516149,MANHATTAN
Hydrant Running (WC3). at 580 GREENE AVENUE in BROOKLYN.,Water Leakage / Sanitation,40.68892252896219,-73.94653601624593,BROOKLYN
Pedestrian Signal. in QUEENS.,Broken Streetlight,40.772853215382064,-73.90606105192461,QUEENS
Branch or Limb Has Fallen Down. at 353 WEST 19 STREET in MANHATTAN.,Fallen Tree / Vegetation,40.74346783489286,-74.00175027041794,MANHATTAN
Hydrant Running (WC3). at 112 WEST  139 STREET in MANHATTAN.,Water Leakage / Sanitation,40.81707427190315,-73.94000589752606,MANHATTAN
Catch Basin Grating Missing (SA4). at 305 EAST   88 STREET in BROOKLYN.,Drainage / Flooding,40.64701625979728,-73.91604359177104,BROOKLYN
Manhole Overflow (Use Comments) (SA1). at 1425 KINGS HIGHWAY in BROOKLYN.,Drainage / Flooding,40.608508194435615,-73.9588815646739,BROOKLYN
Vehicle Idling Odor. at 160 IMLAY STREET in BROOKLYN.,Pollution,40.68065900995755,-74.01019969373112,BROOKLYN
Controller. in MANHATTAN.,Broken Streetlight,,,MANHATTAN
Branch or Limb Has Fallen Down. at 50 STREET in BROOKLYN.,Fallen Tree / Vegetation,40.6284936073475,-73.98281205269393,BROOKLYN
Loud Talking. at 217-10 JAMAICA AVENUE in QUEENS.,Pollution,40.71773908933855,-73.73778766106099,QUEENS
Cave-in. at BAY 7 STREET in BROOKLYN.,Pothole / Road Damage,40.611435399346085,-74.01185668914562,BROOKLYN
Catch Basin Search (SC2). at 344 WEST   87 STREET in MANHATTAN.,Drainage / Flooding,40.79004135602461,-73.97852703457953,MANHATTAN
Street Light Out. at 138 NICHOLAS AVENUE in STATEN ISLAND.,Broken Streetlight,40.63667679677959,-74.14013990182347,STATEN ISLAND
Catch Basin Clogged/Flooding (Use Comments) (SC). in BRONX.,Drainage / Flooding,40.88431935104054,-73.91373678710868,BRONX
Hydrant Running (WC3). at 1662 WOODBINE STREET in QUEENS.,Water Leakage / Sanitation,40.700490020437854,-73.90886066488419,QUEENS
Loud Music/Party. at 613 BUSHWICK AVENUE in BROOKLYN.,Pollution,40.698407560246245,-73.93421988036695,BROOKLYN
Lamppost Knocked Down. at GULF AVE.,Broken Streetlight,,,Unspecified
Street Light Out. in QUEENS.,Broken Streetlight,,,QUEENS
Entire Tree Has Fallen Down. at 1321 ELDER AVENUE in BRONX.,Fallen Tree / Vegetation,40.831739044126046,-73.87992027583547,BRONX
Controller. in MANHATTAN.,Broken Streetlight,40.71156995321304,-74.01578457344797,MANHATTAN
Loud Music/Party. at 2157 1 AVENUE in MANHATTAN.,Pollution,40.79319381399591,-73.93747047491523,MANHATTAN
Street Light Out. at 30 MILL ROAD in STATEN ISLAND.,Broken Streetlight,40.568067596613886,-74.10715565501782,STATEN ISLAND
Restaurant Odor. at 2015 BROADWAY in MANHATTAN.,Pollution,40.77610421457123,-73.98215654482006,MANHATTAN
Catch Basin Clogged/Flooding (Use Comments) (SC). at 655 MADISON AVENUE in MANHATTAN.,Drainage / Flooding,40.76419243108964,-73.97064406558574,MANHATTAN
Dust from Construction. at 141 EAST 44 STREET in MANHATTAN.,Pollution,40.75245405537966,-73.9744029021442,MANHATTAN
Veh Signal Lamp. in BRONX.,Broken Streetlight,40.81806080091984,-73.90500009055037,BRONX
Hydrant Running Full (WA4). at 2543 WEBSTER AVENUE in BRONX.,Water Leakage / Sanitation,40.86198574888058,-73.89100059962784,BRONX
Pothole. at EAST  165 STREET in BRONX.,Pothole / Road Damage,,,BRONX
Branch Cracked and Will Fall. at 62-12 69 PLACE in QUEENS.,Fallen Tree / Vegetation,40.71794195526456,-73.88791012628774,QUEENS
Chronic Dumping. at 39-01 104 STREET in QUEENS.,Garbage / Waste,40.75055451182662,-73.86203869767455,QUEENS
Controller. in BROOKLYN.,Broken Streetlight,40.661122143373326,-74.00060192646814,BROOKLYN
Hydrant Running (WC3). at 450 57 STREET in BROOKLYN.,Water Leakage / Sanitation,40.64183351602783,-74.0154870187059,BROOKLYN
Vehicle Idling Odor. at 315 EAST 72 STREET in MANHATTAN.,Pollution,40.7684536674536,-73.95751925856608,MANHATTAN
Controller. in MANHATTAN.,Broken Streetlight,40.74892228690117,-73.97788704124666,MANHATTAN
Dead Branches in Tree. at 2737 BROWN STREET in BROOKLYN.,Fallen Tree / Vegetation,40.58664436040502,-73.93730024103881,BROOKLYN
Car/Truck Music. at 15-30 PETRACCA PLACE in QUEENS.,Pollution,40.78339862101712,-73.8277422136079,QUEENS
Pothole. in QUEENS.,Pothole / Road Damage,40.59536023998758,-73.80093318309282,QUEENS
Catch Basin Clogged/Flooding (Use Comments) (SC). in QUEENS.,Drainage / Flooding,40.77948962205696,-73.92012642818592,QUEENS
Street Light Out. in STATEN ISLAND.,Broken Streetlight,40.55713044941813,-74.1147314608457,STATEN ISLAND
Loud Music/Party. at 3153 BROADWAY in MANHATTAN.,Pollution,40.81446694125773,-73.9591950613544,MANHATTAN
Street Light Out. in BRONX.,Broken Streetlight,40.84425329841935,-73.84825107766925,BRONX
Loud Music/Party. at 32 BRONX SHORE ROAD in MANHATTAN.,Pollution,40.799945575803086,-73.92337784761392,MANHATTAN
Sewer Backup (Use Comments) (SA). at 110-17 171 PLACE in QUEENS.,Drainage / Flooding,40.69599958766821,-73.78211101924695,QUEENS
Loud Music/Party. at 2157 1 AVENUE in MANHATTAN.,Pollution,40.79319381399591,-73.93747047491523,MANHATTAN
Street Light Out. in STATEN ISLAND.,Broken Streetlight,40.551361176580336,-74.14589478139408,STATEN ISLAND
Street Flooding (SJ). at 52-01 SKILLMAN AVENUE in QUEENS.,Drainage / Flooding,40.74592402085359,-73.91239662356028,QUEENS
Street Light Out. at 113 ELMIRA STREET in STATEN ISLAND.,Broken Streetlight,40.56153197209363,-74.12377246055891,STATEN ISLAND
Cave-in. at 60-01 30 AVENUE in QUEENS.,Pothole / Road Damage,40.75938232983942,-73.90312373112573,QUEENS
Blocking Street. at 33-61 167 STREET in QUEENS.,Fallen Tree / Vegetation,40.76711575083151,-73.79833678684713,QUEENS
Removal Request. at 315 EAST 4 STREET in MANHATTAN.,Garbage / Waste,40.7219526149964,-73.97936790692738,MANHATTAN
Loud Music/Party. at 2082 FREDERICK DOUGLAS BOULEVARD in MANHATTAN.,Pollution,40.80225484364876,-73.95693421623459,MANHATTAN
Vehicle Idling Odor. at 640 8 AVENUE in MANHATTAN.,Pollution,40.75666417742652,-73.99019293432467,MANHATTAN
Cave-in. at HENSHAW STREET in MANHATTAN.,Pothole / Road Damage,40.867257972282935,-73.92934182920582,MANHATTAN
Hydrant Running Full (WA4). at 486 LINCOLN PLACE in BROOKLYN.,Water Leakage / Sanitation,40.672053190083936,-73.9601726122386,BROOKLYN
Sewer Backup (Use Comments) (SA). at 51-35 69 STREET in QUEENS.,Drainage / Flooding,40.73420401024794,-73.89600145892138,QUEENS
Hitting Building. at 79-39 77 ROAD in QUEENS.,Fallen Tree / Vegetation,40.70579955164617,-73.87004818160496,QUEENS
Hitting Building. at 60-31 COOPER AVENUE in QUEENS.,Fallen Tree / Vegetation,40.69578729269246,-73.89488214744249,QUEENS
Vehicle Signal. in BROOKLYN.,Broken Streetlight,,,BROOKLYN
Loud Music/Party. at 112-49 ROOSEVELT AVENUE in QUEENS.,Pollution,40.7520736916229,-73.85420703192248,QUEENS
Asbestos Disturbance. at 39-01 MAIN STREET in QUEENS.,Pollution,40.76016833864922,-73.83042294583589,QUEENS
Removal Request. at 72 STREET in BROOKLYN.,Garbage / Waste,,,BROOKLYN
Branch or Limb Has Fallen Down. at 4422 6 AVENUE in BROOKLYN.,Fallen Tree / Vegetation,40.64696720549382,-74.00481078656874,BROOKLYN
Street Light Out. at ALLEY ATHLETIC PLAYGROUND in QUEENS.,Broken Streetlight,40.73948351493301,-73.73435690893945,QUEENS
Controller. in BRONX.,Broken Streetlight,,,BRONX
Branch or Limb Has Fallen Down. at 446 WASHINGTON AVENUE in BROOKLYN.,Fallen Tree / Vegetation,40.68560305619661,-73.96530620998176,BROOKLYN
Vehicle Idling Odor. at 16 FREDERICK STREET in STATEN ISLAND.,Pollution,40.61434995126726,-74.13381144003331,STATEN ISLAND
Chimney/Vent Smoke. at 2199 5 AVENUE in MANHATTAN.,Pollution,40.8118940546831,-73.93824765923902,MANHATTAN
Removal Request. at 883 GRAND STREET in BROOKLYN.,Garbage / Waste,40.7123865041923,-73.93893863052241,BROOKLYN
Dead Branches in Tree. at 67-17 HARROW STREET in QUEENS.,Fallen Tree / Vegetation,40.71815058901127,-73.85587211825828,QUEENS
Controller. in BRONX.,Broken Streetlight,40.85536437765752,-73.89877621081811,BRONX
Veh Signal Lamp. in BROOKLYN.,Broken Streetlight,40.69845465738383,-73.92175622042791,BROOKLYN
Street Flooding (SJ). at 448 WYONA STREET in BROOKLYN.,Drainage / Flooding,40.66761486223631,-73.89185173427687,BROOKLYN
Removal Request. at 1724 GATES AVENUE in QUEENS.,Garbage / Waste,40.70248024820875,-73.90920417646458,QUEENS
Chronic Dumping. at 41 NORTH 12 STREET in BROOKLYN.,Garbage / Waste,40.72376722760861,-73.95982061845632,BROOKLYN
Dust from Construction. at 73 MONROE STREET in BROOKLYN.,Pollution,40.68487244483048,-73.95583098335851,BROOKLYN
Dead Branches in Tree. at 31-40 34 STREET in QUEENS.,Fallen Tree / Vegetation,40.76217977592523,-73.92192321800835,QUEENS
Loud Music/Party. at 1285 ST NICHOLAS AVENUE in MANHATTAN.,Pollution,40.84498910186428,-73.93690855540984,MANHATTAN
Sewer Backup (Use Comments) (SA). at 97-28 57 AVENUE in QUEENS.,Drainage / Flooding,40.73745225429416,-73.86304011731356,QUEENS
Removal Request. at 264 WEST TREMONT AVENUE in BRONX.,Garbage / Waste,40.85316007980464,-73.9192788607764,BRONX
Loud Music/Party. at 213-10 41 AVENUE in QUEENS.,Pollution,40.76352258807342,-73.7717065858313,QUEENS
Loud Music/Party. at 11 AVENUE D in MANHATTAN.,Pollution,40.72037146753582,-73.97845929268045,MANHATTAN
Pothole. at HORACE HARDING EXPRESSWAY in QUEENS.,Pothole / Road Damage,,,QUEENS
Ped Multiple Lamps. in QUEENS.,Broken Streetlight,40.72096620537131,-73.84289312884077,QUEENS
Hitting Building. at 145-14 SUTTER AVENUE in QUEENS.,Fallen Tree / Vegetation,40.67186474662715,-73.79251081234857,QUEENS
Removal Request. at HENWOOD PLACE in BRONX.,Garbage / Waste,40.8472621656306,-73.90884029281708,BRONX
Restaurant Odor. at 8025 FLATLANDS AVENUE in BROOKLYN.,Pollution,40.635675312124654,-73.91303856480903,BROOKLYN
Branch or Limb Has Fallen Down. at 3642 BROADWAY in MANHATTAN.,Fallen Tree / Vegetation,40.82974503226619,-73.94802002328248,MANHATTAN
Loud Music/Party. at 107-18 CORONA AVENUE in QUEENS.,Pollution,40.74356690495258,-73.85575217624739,QUEENS
Street Light Out. at 67-02 GARFIELD AVENUE in QUEENS.,Broken Streetlight,40.73593467794936,-73.89764418785653,QUEENS
Vehicle Signal. in BROOKLYN.,Broken Streetlight,40.68856315543546,-73.87570687991574,BROOKLYN
Restaurant Odor. at 893 9 AVENUE in MANHATTAN.,Pollution,40.76843860861184,-73.9853427581144,MANHATTAN
Pothole. at BROADWAY in BROOKLYN.,Pothole / Road Damage,,,BROOKLYN
Loud Music/Party. at 63-01 FRESH POND ROAD in QUEENS.,Pollution,40.71181041913066,-73.90012323508752,QUEENS
Ped Flasher. in MANHATTAN.,Broken Streetlight,40.71156995321304,-74.01578457344797,MANHATTAN
Removal Request. at 356 BALTIC STREET in BROOKLYN.,Garbage / Waste,40.68446061071239,-73.99088501388276,BROOKLYN
Plate Condition - Anti-Skid. at 3 NORWICH STREET in STATEN ISLAND.,Pothole / Road Damage,40.59485896996132,-74.14083710679714,STATEN ISLAND
Controller. in BROOKLYN.,Broken Streetlight,40.60011142260301,-73.94474178338858,BROOKLYN
Sewer Backup (Use Comments) (SA). at 5 CENTER MARKET PLACE in MANHATTAN.,Drainage / Flooding,40.71994253474936,-73.99781744365671,MANHATTAN
Street Light Out. in BRONX.,Broken Streetlight,40.88349340500647,-73.9104035309877,BRONX
LED Pedestrian Unit. in MANHATTAN.,Broken Streetlight,40.82715318728578,-73.9462009224613,MANHATTAN
Possible Water Main Break (Use Comments) (WA1). at 88 MACDOUGAL STREET in MANHATTAN.,Water Leakage / Sanitation,40.72873400338217,-74.0015442270291,MANHATTAN
Banging/Pounding. at 918 ATLANTIC AVENUE in BROOKLYN.,Pollution,40.68098314768348,-73.96382317885221,BROOKLYN
Street Light Out. at 157-37 85 STREET in QUEENS.,Broken Streetlight,40.66077464261021,-73.84796562374216,QUEENS
Manhole Cover Missing (Emergency) (SA3). at ROCKAWAY BOULEVARD in QUEENS.,Drainage / Flooding,,,QUEENS
Removal Request. at 1499 EAST 15 STREET in BROOKLYN.,Garbage / Waste,40.61335833934197,-73.95914150650178,BROOKLYN
Loud Music/Party. at 749 METROPOLITAN AVENUE in BROOKLYN.,Pollution,40.71457939477639,-73.94399397442777,BROOKLYN
Vehicle Idling Odor. at 640 8 AVENUE in MANHATTAN.,Pollution,40.75666417742652,-73.99019293432467,MANHATTAN
Sewer Backup (Use Comments) (SA). at 186-16 UNION TURNPIKE in QUEENS.,Drainage / Flooding,40.72870462000898,-73.78268960666315,QUEENS
Branch or Limb Has Fallen Down. at 25-14 DITMARS BOULEVARD in QUEENS.,Fallen Tree / Vegetation,40.77848341891941,-73.91404720911335,QUEENS
Loud Music/Party. at 409 LEWIS AVENUE in BROOKLYN.,Pollution,40.68151105147117,-73.93474491616927,BROOKLYN
Vehicle Idling Odor. at 93-45 215 PLACE in QUEENS.,Pollution,40.71961649500638,-73.74142027198252,QUEENS
Street Light Out. at 8 DEVON PLACE in STATEN ISLAND.,Broken Streetlight,40.63952279127097,-74.10124947658957,STATEN ISLAND
Controller. in MANHATTAN.,Broken Streetlight,40.76491754539831,-73.9551569851782,MANHATTAN
Chronic Dumping. at 1916 81 STREET in BROOKLYN.,Garbage / Waste,40.60841669568078,-73.99692791661722,BROOKLYN
Banging/Pounding. at 3418 BAILEY AVENUE in BRONX.,Pollution,40.88119592548008,-73.90015808130087,BRONX
Other Air Problem. at 133-25 114 PLACE in QUEENS.,Pollution,40.67288489909137,-73.82498863823915,QUEENS
Removal Request. at 110-30 SPRINGFIELD BOULEVARD in QUEENS.,Garbage / Waste,40.70751459564824,-73.73890272861925,QUEENS
Loud Music/Party. at 595 WEST 207 STREET in MANHATTAN.,Pollution,40.867211318522806,-73.92089240470565,MANHATTAN
Street Light Out. at 1350 MANOR AVENUE in BRONX.,Broken Streetlight,40.83301535588357,-73.8773305878273,BRONX
Hitting Building. at 63-21 ALDERTON STREET in QUEENS.,Fallen Tree / Vegetation,40.72663328542616,-73.86611102594608,QUEENS
Hydrant Running Full (WA4). at 41-43 52 STREET in QUEENS.,Water Leakage / Sanitation,40.74558076245781,-73.91218053964873,QUEENS
Hydrant Running Full (WA4). at 39-30 21 STREET in QUEENS.,Water Leakage / Sanitation,40.75603714169068,-73.94048318152369,QUEENS
Loud Music/Party. at 1845 CARTER AVENUE in BRONX.,Pollution,40.846707835711165,-73.90225921552089,BRONX
Asbestos Disturbance. at 3569 DEKALB AVENUE in BRONX.,Pollution,40.88418384207384,-73.878979301389,BRONX
Support Bracket. in MANHATTAN.,Broken Streetlight,40.838666856468585,-73.93983463880987,MANHATTAN
Removal Request. at 431 CANTERBURY AVENUE in STATEN ISLAND.,Garbage / Waste,40.60797765495949,-74.15272807647976,STATEN ISLAND
Pothole. at 69 ROAD in QUEENS.,Pothole / Road Damage,,,QUEENS
Branch or Limb Has Fallen Down. at 66 SCRIBNER AVENUE in STATEN ISLAND.,Fallen Tree / Vegetation,40.638249454222176,-74.08389853773721,STATEN ISLAND
Hydrant Running Full (WA4). in MANHATTAN.,Water Leakage / Sanitation,40.816662031382485,-73.938991079402,MANHATTAN
Hitting Building. at 164-25 GRAND CENTRAL PARKWAY in QUEENS.,Fallen Tree / Vegetation,40.7165200408953,-73.80216937528269,QUEENS
Loud Talking. at 999 MANHATTAN AVENUE in BROOKLYN.,Pollution,40.73322652960307,-73.95477058008431,BROOKLYN
Fixture/Luminaire Hanging. at 16 WEST   74 STREET in MANHATTAN.,Broken Streetlight,40.77782398774844,-73.97571826468742,MANHATTAN
Removal Request. at WEST 236 STREET in BRONX.,Garbage / Waste,,,BRONX
Branch or Limb Has Fallen Down. at 462 WINANT AVENUE in STATEN ISLAND.,Fallen Tree / Vegetation,40.547255314033016,-74.21689660799423,STATEN ISLAND
Pedestrian Signal. in MANHATTAN.,Broken Streetlight,40.74892228690117,-73.97788704124666,MANHATTAN
Blocking Street. at 68 STERLING STREET in BROOKLYN.,Fallen Tree / Vegetation,40.66262713547399,-73.95878692951902,BROOKLYN
Tree Alive - in Poor Condition. at 75 BLEECKER STREET in MANHATTAN.,Fallen Tree / Vegetation,40.72659577770002,-73.99595916172984,MANHATTAN
Banging/Pounding. at 88 DIVISION STREET in MANHATTAN.,Pollution,40.71431014114397,-73.99380999966628,MANHATTAN
Blocking Street. at 3176 CHAFFEE AVENUE in BRONX.,Fallen Tree / Vegetation,40.81630854684932,-73.80404401201638,BRONX
Loud Talking. at 115-88 LEFFERTS BOULEVARD in QUEENS.,Pollution,40.67464422870562,-73.81960883486667,QUEENS
Vehicle Idling Odor. at 9 AVENUE in QUEENS.,Pollution,40.79197048325933,-73.82057660337242,QUEENS
Chronic Dumping. at 1109 IRVING AVENUE in QUEENS.,Garbage / Waste,40.69268204651833,-73.90323146263087,QUEENS
Hydrant Running Full (WA4). at 1082 SOUTHERN BOULEVARD in BRONX.,Water Leakage / Sanitation,40.825547848859024,-73.89191301724112,BRONX
Hydrant Running Full (WA4). at 4502 AVENUE K in BROOKLYN.,Water Leakage / Sanitation,40.62553527207828,-73.93227073905791,BROOKLYN
Dead Branches in Tree. at 50-37 208 STREET in QUEENS.,Fallen Tree / Vegetation,40.75205231795125,-73.77173506726335,QUEENS
Cable. in MANHATTAN.,Broken Streetlight,40.7515235264882,-73.99394730218468,MANHATTAN
"Rough, Pitted or Cracked Roads. at 35 STREET in BROOKLYN.",Pothole / Road Damage,,,BROOKLYN
Catch Basin Search (SC2). at 10 RIVER ROAD in MANHATTAN.,Drainage / Flooding,40.76499392963254,-73.94754711293618,MANHATTAN
Loud Music/Party. at 16 WEST MOUNT EDEN AVENUE in BRONX.,Pollution,40.84456081545205,-73.91530996138758,BRONX
Hitting Building. at 187-54 87 ROAD in QUEENS.,Fallen Tree / Vegetation,40.71635186014029,-73.77486586255844,QUEENS
Pedestrian Signal. in BROOKLYN.,Broken Streetlight,40.693249270666016,-73.97286058984527,BROOKLYN
Street Light Out. at 715 EAST   13 STREET in BROOKLYN.,Broken Streetlight,40.63149494624219,-73.96446967865862,BROOKLYN
Chimney/Vent Smoke. at 986 LEGGETT AVENUE in BRONX.,Pollution,40.81464481004734,-73.89991471920176,BRONX
Removal Request. at 1900 SEWARD AVENUE in BRONX.,Garbage / Waste,40.81976157915135,-73.8585640848092,BRONX
Loud Talking. at 122-14 116 AVENUE in QUEENS.,Pollution,40.67605476860137,-73.81596740814614,QUEENS
Dead Branches in Tree. at 902 51 STREET in BROOKLYN.,Fallen Tree / Vegetation,40.63899918205577,-74.00173311762465,BROOKLYN
Hydrant Running Full (WA4). in BROOKLYN.,Water Leakage / Sanitation,40.66344780354791,-73.9455363675378,BROOKLYN
Vehicle Idling Odor. at 43 CENTRAL AVENUE in BROOKLYN.,Pollution,40.701795857969664,-73.931663099534,BROOKLYN
Restaurant Odor. at 939 2 AVENUE in MANHATTAN.,Pollution,40.754747236044,-73.96863056436223,MANHATTAN
Catch Basin Clogged/Flooding (Use Comments) (SC). at 511 7 AVENUE in BROOKLYN.,Drainage / Flooding,40.66106097161786,-73.98653416028974,BROOKLYN
Hitting Building. at 64-46 83 STREET in QUEENS.,Fallen Tree / Vegetation,40.71979572658298,-73.87059809578528,QUEENS
Blocking Street. at DRUMGOOLE ROAD EAST in STATEN ISLAND.,Fallen Tree / Vegetation,40.53432593438857,-74.19301027347751,STATEN ISLAND
Veh Signal Lamp. in BROOKLYN.,Broken Streetlight,40.60140280234907,-73.95397760489014,BROOKLYN
Removal Request. at 1304 SOUTHERN BOULEVARD in BRONX.,Garbage / Waste,40.83097654015344,-73.89153200224928,BRONX
Pothole. at EAST  116 STREET in MANHATTAN.,Pothole / Road Damage,,,MANHATTAN
Removal Request. at 446 RIVERDALE AVENUE in BROOKLYN.,Garbage / Waste,40.66235452576901,-73.89945477411236,BROOKLYN
"Rough, Pitted or Cracked Roads. at 23-32 30 AVENUE in QUEENS.",Pothole / Road Damage,40.76915426859248,-73.92624366907276,QUEENS
Street Light Out. at 1427 BRYANT AVENUE in BRONX.,Broken Streetlight,40.83074313502604,-73.8885439839371,BRONX
Pothole. at WASHINGTON AVENUE in BROOKLYN.,Pothole / Road Damage,,,BROOKLYN
Catch Basin Clogged/Flooding (Use Comments) (SC). at 43 AMITY PLACE in STATEN ISLAND.,Drainage / Flooding,40.62526628953122,-74.16138102323228,STATEN ISLAND
Branch or Limb Has Fallen Down. at 1036 41 STREET in BROOKLYN.,Fallen Tree / Vegetation,40.64296795458346,-73.99320764856506,BROOKLYN
Controller. in QUEENS.,Broken Streetlight,40.72785359232886,-73.81394460925917,QUEENS
Street Light Out. at 47 BUTLER PLACE in STATEN ISLAND.,Broken Streetlight,40.61601473428247,-74.07038862053238,STATEN ISLAND
Sewer Backup (Use Comments) (SA). at 209-02 NASHVILLE BOULEVARD in QUEENS.,Drainage / Flooding,40.69813607230495,-73.7439595204527,QUEENS
Hitting Power Lines. at 150-86 116 ROAD in QUEENS.,Fallen Tree / Vegetation,40.68206061670391,-73.79195989758205,QUEENS
Blocked - Construction. at CHARLES PLACE in BROOKLYN.,Pothole / Road Damage,40.69743416117347,-73.93122399360337,BROOKLYN
Vehicle Idling Odor. at 8 BAILEY PLACE in STATEN ISLAND.,Pollution,40.63867821504909,-74.16843238401806,STATEN ISLAND
Hitting Power Lines. at 887 BARD AVENUE in STATEN ISLAND.,Fallen Tree / Vegetation,40.62173135622417,-74.1069824469226,STATEN ISLAND
Vehicle Idling Odor. at 640 8 AVENUE in MANHATTAN.,Pollution,40.75666417742652,-73.99019293432467,MANHATTAN
Branch or Limb Has Fallen Down. at WEST 97 STREET in MANHATTAN.,Fallen Tree / Vegetation,40.7941451538066,-73.96844586848012,MANHATTAN
Pothole. at HANCOCK STREET in BROOKLYN.,Pothole / Road Damage,,,BROOKLYN
Dust from Construction. at 420 STERLING PLACE in BROOKLYN.,Pollution,40.674843285615744,-73.96445740043607,BROOKLYN
Pothole. at 45 STREET in QUEENS.,Pothole / Road Damage,,,QUEENS
Loud Music/Party. at 25-72 STEINWAY STREET in QUEENS.,Pollution,40.76753588454479,-73.91204328591014,QUEENS
Entire Tree Has Fallen Down. at 532 TARGEE STREET in STATEN ISLAND.,Fallen Tree / Vegetation,40.61420444151211,-74.08477237367465,STATEN ISLAND
Loud Music/Party. at 1629 PITKIN AVENUE in BROOKLYN.,Pollution,40.669329201999176,-73.91317132204074,BROOKLYN
Catch Basin Clogged/Flooding (Use Comments) (SC). at 5202 3 AVENUE in BROOKLYN.,Drainage / Flooding,40.64646392013005,-74.01583763864286,BROOKLYN
Sewer Backup (Use Comments) (SA). at 429 SOUTH    5 STREET in BROOKLYN.,Drainage / Flooding,40.70693302355991,-73.95120684048219,BROOKLYN
Cable. in MANHATTAN.,Broken Streetlight,40.764790707940975,-73.984282232553,MANHATTAN
Street Flooding (SJ). at 28 ROEBLING STREET in BROOKLYN.,Drainage / Flooding,40.71783342249591,-73.95349678544648,BROOKLYN
Loud Music/Party. at BOSTON ROAD in BRONX.,Pollution,,,BRONX
Chronic Dumping. at 104-17 132 STREET in QUEENS.,Garbage / Waste,40.69018140765446,-73.81380452591951,QUEENS
Cave-in. at 6927 NAUTICAL WAY in QUEENS.,Pothole / Road Damage,40.589827809507376,-73.79841491521077,QUEENS
Loud Music/Party. at 63-01 FRESH POND ROAD in QUEENS.,Pollution,40.71181041913066,-73.90012323508752,QUEENS
Hydrant Running (WC3). at 1165 GERARD AVENUE in BRONX.,Water Leakage / Sanitation,40.83453007332443,-73.92082646479665,BRONX
Hydrant Leaking (WC1). at 3811 AVENUE P in BROOKLYN.,Water Leakage / Sanitation,40.61732554944948,-73.93701207899774,BROOKLYN
Loud Talking. at 115-88 LEFFERTS BOULEVARD in QUEENS.,Pollution,40.67464422870562,-73.81960883486667,QUEENS
Street Light Out. in BROOKLYN.,Broken Streetlight,40.68479855463378,-73.95640432752157,BROOKLYN
Sewer Backup (Use Comments) (SA). at 1254 EAST   86 STREET in BROOKLYN.,Drainage / Flooding,40.63255147486224,-73.90244317124818,BROOKLYN
Cave-in. at 7 BALFOUR PLACE in BROOKLYN.,Pothole / Road Damage,40.66394430626435,-73.94490156956272,BROOKLYN
Removal Request. at 2928 SAMPSON AVENUE in BRONX.,Garbage / Waste,40.82062089904103,-73.81766676579545,BRONX
APS. in BROOKLYN.,Broken Streetlight,40.69818700227846,-73.93739008394573,BROOKLYN
Hydrant Running Full (WA4). in BROOKLYN.,Water Leakage / Sanitation,40.62757180142643,-73.96184551661086,BROOKLYN
Branch or Limb Has Fallen Down. at 39 TOMPKINS STREET in STATEN ISLAND.,Fallen Tree / Vegetation,40.62457157152645,-74.07689993612583,STATEN ISLAND
Street Light Out. at 241 WESTERVELT AVENUE in STATEN ISLAND.,Broken Streetlight,40.64207339759026,-74.08327276431135,STATEN ISLAND
Sewer Backup (Use Comments) (SA). at 550 WASHINGTON STREET in MANHATTAN.,Drainage / Flooding,40.728157221318135,-74.00952144828382,MANHATTAN
Hitting Building. at 48 DOWNING STREET in BROOKLYN.,Fallen Tree / Vegetation,40.68424027600715,-73.96101625500641,BROOKLYN
Hitting Phone/Cable Lines. at 135-25 FRANCIS LEWIS BOULEVARD in QUEENS.,Fallen Tree / Vegetation,40.6736127388804,-73.74086320526116,QUEENS
Sewer Backup (Use Comments) (SA). at 85-57 PARSONS BOULEVARD in QUEENS.,Drainage / Flooding,40.71063051695958,-73.80583356837576,QUEENS
Dead Branches in Tree. at 32-23 29 STREET in QUEENS.,Fallen Tree / Vegetation,40.76252902583297,-73.9271318064343,QUEENS
Asbestos Disturbance. at 1481 TROY AVENUE in BROOKLYN.,Pollution,40.6361808721661,-73.93452622390245,BROOKLYN
Restaurant Odor. at 2015 BROADWAY in MANHATTAN.,Pollution,40.77610421457123,-73.98215654482006,MANHATTAN
Pedestrian Signal. in BROOKLYN.,Broken Streetlight,40.63824705207848,-73.99594289303494,BROOKLYN
Removal Request. at 677 SENECA AVENUE in QUEENS.,Garbage / Waste,40.703162953759005,-73.90826913073656,QUEENS
Catch Basin Clogged/Flooding (Use Comments) (SC). in BROOKLYN.,Drainage / Flooding,40.67488648224754,-73.92776111851762,BROOKLYN
Cable. in BROOKLYN.,Broken Streetlight,40.66673766479885,-73.99173452938464,BROOKLYN
Loud Music/Party. at 52-10 CENTER BOULEVARD in QUEENS.,Pollution,40.7418964757084,-73.96023551436888,QUEENS
Dumpster - Construction Waste. at HEUSDEN STREET in STATEN ISLAND.,Pothole / Road Damage,40.63363703527797,-74.15195093414233,STATEN ISLAND
Veh Signal Lamp. in BRONX.,Broken Streetlight,40.81751297022169,-73.91711827800268,BRONX
Loud Talking. at 236 MALCOLM X BOULEVARD in BROOKLYN.,Pollution,40.6850075335186,-73.92948446815542,BROOKLYN
Chronic Dumping. at 2245 CHURCH AVENUE in BROOKLYN.,Garbage / Waste,40.65043995980373,-73.95782864655098,BROOKLYN
Street Light Out. in QUEENS.,Broken Streetlight,,,QUEENS
Vehicle Idling Odor. at 32-40 205 STREET in QUEENS.,Pollution,40.77026650308336,-73.78456851688216,QUEENS
Street Light Out. at 273 ABINGDON AVENUE in STATEN ISLAND.,Broken Streetlight,40.55641657599241,-74.1587244147218,STATEN ISLAND
Catch Basin Search (SC2). in MANHATTAN.,Drainage / Flooding,40.75894939991496,-73.96848058993135,MANHATTAN
Blocked - Construction. at 21 CHARLES PLACE in BROOKLYN.,Pothole / Road Damage,40.69791755347341,-73.93175002064802,BROOKLYN
Restaurant Odor. at 76 MOTT STREET in MANHATTAN.,Pollution,40.71639081910568,-73.99801235626208,MANHATTAN
Lamppost Wire Exposed. at 180 SMITH STREET in BROOKLYN.,Broken Streetlight,40.68554757068728,-73.99127788337495,BROOKLYN
Pothole. at HOYT AVENUE in QUEENS.,Pothole / Road Damage,,,QUEENS
Controller. in BROOKLYN.,Broken Streetlight,40.6877507299809,-73.96978348340689,BROOKLYN
Blocking Street. at 986 CRESCENT STREET in BROOKLYN.,Fallen Tree / Vegetation,40.66319163278389,-73.86696286340748,BROOKLYN
Street Light Out. at 582 LINWOOD STREET in BROOKLYN.,Broken Streetlight,40.67089325580082,-73.88183566344311,BROOKLYN
Removal Request. at CEDAR AVENUE in BRONX.,Garbage / Waste,,,BRONX
Street Light Out. in BRONX.,Broken Streetlight,40.83228518575849,-73.92974394584188,BRONX
Asbestos Disturbance. at 447 EAST 57 STREET in MANHATTAN.,Pollution,40.75786321851819,-73.96184307673958,MANHATTAN
Loud Music/Party. at AVENUE L in BROOKLYN.,Pollution,40.63435440719116,-73.90197936353391,BROOKLYN
Street Light Out. at OCEAN PARKWAY MALLS in BROOKLYN.,Broken Streetlight,40.61261469086281,-73.96846324237731,BROOKLYN
Controller. in BROOKLYN.,Broken Streetlight,40.686651453193846,-73.91313794874955,BROOKLYN
Catch Basin Clogged/Flooding (Use Comments) (SC). at 890 EAST  169 STREET in BRONX.,Drainage / Flooding,40.82842241023935,-73.8958108361761,BRONX
Defective/Missing Curb Piece (SC4). in BROOKLYN.,Drainage / Flooding,40.65871010496557,-73.87242859563123,BROOKLYN
Hydrant Running Full (WA4). in MANHATTAN.,Water Leakage / Sanitation,40.728106294050185,-73.97899798843295,MANHATTAN
Loud Music/Party. at 1388 JESUP AVENUE in BRONX.,Pollution,40.84091437504712,-73.92097788675667,BRONX
Removal Request. at 21-01 40 AVENUE in QUEENS.,Garbage / Waste,40.75516187609866,-73.94108313049213,QUEENS
Branch or Limb Has Fallen Down. at 149 STREET in QUEENS.,Fallen Tree / Vegetation,40.79433536515952,-73.81813603137604,QUEENS
Vehicle Idling Odor. at 640 8 AVENUE in MANHATTAN.,Pollution,40.75666417742652,-73.99019293432467,MANHATTAN
Hitting Phone/Cable Lines. at 123-01 109 AVENUE in QUEENS.,Fallen Tree / Vegetation,40.68328592066573,-73.81857950779309,QUEENS
Controller. in BROOKLYN.,Broken Streetlight,40.62908818067213,-73.97684956320424,BROOKLYN
Vehicle Idling Odor. at 640 8 AVENUE in MANHATTAN.,Pollution,40.75666417742652,-73.99019293432467,MANHATTAN
Hitting Building. at AMSTERDAM AVENUE in STATEN ISLAND.,Fallen Tree / Vegetation,40.6043013006563,-74.16348031632558,STATEN ISLAND
Hitting Building. at 64 MACDOUGAL STREET in BROOKLYN.,Fallen Tree / Vegetation,40.67940642253775,-73.9184904993125,BROOKLYN
Sewer Backup (Use Comments) (SA). at 1737 PILGRIM AVENUE in BRONX.,Drainage / Flooding,40.846324392706855,-73.8334815656199,BRONX
Hydrant Running (WC3). at 7802 21 AVENUE in BROOKLYN.,Water Leakage / Sanitation,40.60770551758506,-73.99146092366036,BROOKLYN
Ped Multiple Lamps. in BROOKLYN.,Broken Streetlight,40.63275535407792,-73.92983511135722,BROOKLYN
Vehicle Idling Odor. at 640 8 AVENUE in MANHATTAN.,Pollution,40.75666417742652,-73.99019293432467,MANHATTAN
Vehicle Idling Odor. at 640 8 AVENUE in MANHATTAN.,Pollution,40.75666417742652,-73.99019293432467,MANHATTAN
Cave-in. at 1099 BUSHWICK AVENUE in BROOKLYN.,Pothole / Road Damage,40.69001809956785,-73.91903644381108,BROOKLYN
Cave-in. at 332 HALSEY STREET in BROOKLYN.,Pothole / Road Damage,40.68288923816517,-73.94037540155794,BROOKLYN
Removal Request. at 241-30 140 AVENUE in QUEENS.,Garbage / Waste,40.66492978031171,-73.7367120301103,QUEENS
Leak (Use Comments) (WA2). at 131-33 225 STREET in QUEENS.,Water Leakage / Sanitation,40.68010700550323,-73.74335813852643,QUEENS
Removal Request. at 2170 WALTON AVENUE in BRONX.,Garbage / Waste,40.85605517966477,-73.90419391877361,BRONX
Other Air Problem. at 3802 FORT HAMILTON PARKWAY in BROOKLYN.,Pollution,40.64357430941716,-73.98990326700414,BROOKLYN
Cave-in. at MORRIS AVENUE in BRONX.,Pothole / Road Damage,40.8496686162761,-73.90801287314414,BRONX
Hitting Power Lines. at 102-41 46 AVENUE in QUEENS.,Fallen Tree / Vegetation,40.74585238718503,-73.86173445729675,QUEENS
Cave-in. at 65 STREET in BROOKLYN.,Pothole / Road Damage,40.630632712877855,-74.0092229208232,BROOKLYN
Removal Request. at 345 DEVOE STREET in BROOKLYN.,Garbage / Waste,40.71374318496016,-73.93531936953698,BROOKLYN
Removal Request. at 18-02 STEINWAY STREET in QUEENS.,Garbage / Waste,40.779872453266165,-73.89750443252612,QUEENS
Chimney/Vent Smoke. at 775 COLUMBUS AVENUE in MANHATTAN.,Pollution,40.7940485808299,-73.9666437522384,MANHATTAN
Removal Request. at BROADWAY in BROOKLYN.,Garbage / Waste,40.710454239707545,-73.96550969650869,BROOKLYN
Cave-in. at 65-33 110 STREET in QUEENS.,Pothole / Road Damage,40.73146943253321,-73.84623838774353,QUEENS
Banging/Pounding. at 1880 OCEAN AVENUE in BROOKLYN.,Pollution,40.6157692783416,-73.95452239283652,BROOKLYN
Pedestrian Signal. in BRONX.,Broken Streetlight,40.82194482389091,-73.92809285439161,BRONX
Pothole. at EAST  172 STREET in BRONX.,Pothole / Road Damage,,,BRONX
Dead Branches in Tree. at 1817 MADISON PLACE in BROOKLYN.,Fallen Tree / Vegetation,40.60926549155481,-73.93962720684114,BROOKLYN
Hitting Building. at 82 YORK AVENUE in STATEN ISLAND.,Fallen Tree / Vegetation,40.64486655450354,-74.0883391308367,STATEN ISLAND
Vehicle Idling Odor. at 640 8 AVENUE in MANHATTAN.,Pollution,40.75666417742652,-73.99019293432467,MANHATTAN
Controller. in QUEENS.,Broken Streetlight,40.76141278130672,-73.88453763081918,QUEENS
Hydrant Leaking (WC1). at 42-61 24 STREET in QUEENS.,Water Leakage / Sanitation,40.74944268380416,-73.94279169765245,QUEENS
Street Light Out. at 71 WEST   83 STREET in MANHATTAN.,Broken Streetlight,40.78431194708362,-73.97304374463529,MANHATTAN
Hydrant Running Full (WA4). at 112 WEST   24 STREET in MANHATTAN.,Water Leakage / Sanitation,40.743843665735085,-73.99299166117665,MANHATTAN
Controller. in BROOKLYN.,Broken Streetlight,40.71406683853189,-73.95162366223573,BROOKLYN
Cave-in. at 40 AVENUE in QUEENS.,Pothole / Road Damage,40.765737938055295,-73.76237068892539,QUEENS
Vehicle Idling Odor. at 640 8 AVENUE in MANHATTAN.,Pollution,40.75666417742652,-73.99019293432467,MANHATTAN
Sewer Backup (Use Comments) (SA). at 78 8 AVENUE in BROOKLYN.,Drainage / Flooding,40.67331404277188,-73.97308500245792,BROOKLYN
Branch or Limb Has Fallen Down. at 1 ALBANY AVENUE in BROOKLYN.,Fallen Tree / Vegetation,40.68070065852656,-73.9384845185446,BROOKLYN
Removal Request. at 1101 EAST 179 STREET in BRONX.,Garbage / Waste,40.84068064600093,-73.87668037504619,BRONX
Hitting Power Lines. at 91-38 218 STREET in QUEENS.,Fallen Tree / Vegetation,40.72388595167593,-73.74201702553867,QUEENS
Vehicle Idling Odor. at 187 TERRACE STREET in BRONX.,Pollution,40.857657481620826,-73.78987786810518,BRONX
Cave-in. at 180 LUDLOW STREET in MANHATTAN.,Pothole / Road Damage,40.72181105404858,-73.98746708538718,MANHATTAN
Removal Request. at 1791 UTICA AVENUE in BROOKLYN.,Garbage / Waste,40.62880441885731,-73.92792267872034,BROOKLYN
Hydrant Running Full (WA4). at 85-02 GRAND AVENUE in QUEENS.,Water Leakage / Sanitation,40.73492886843054,-73.88201438074464,QUEENS
Removal Request. at EAST 233 STREET in BRONX.,Garbage / Waste,40.895375946561074,-73.86355749899745,BRONX
Street Light Out. at 1065 EVERGREEN AVENUE in BRONX.,Broken Streetlight,40.82492698908109,-73.88023969298901,BRONX
Pothole. in MANHATTAN.,Pothole / Road Damage,40.85509784049095,-73.93689173668447,MANHATTAN
Pedestrian Signal. in STATEN ISLAND.,Broken Streetlight,40.611352660598655,-74.09846948564861,STATEN ISLAND
Sewer Backup (Use Comments) (SA). at 1397 FRANKLIN AVENUE in BRONX.,Drainage / Flooding,40.83412160940038,-73.90023956505676,BRONX
Car/Truck Music. at 875 EAST 43 STREET in BROOKLYN.,Pollution,40.63383174888852,-73.93525991270967,BROOKLYN
Vehicle Idling Odor. at 110 EAST 48 STREET in MANHATTAN.,Pollution,40.75553631294464,-73.9739902393919,MANHATTAN
Cable. in MANHATTAN.,Broken Streetlight,40.75866396123414,-73.959720156378,MANHATTAN
Loud Music/Party. at 938 4 AVENUE in BROOKLYN.,Pollution,40.65474046131653,-74.00398963389353,BROOKLYN
Street Light Out. in STATEN ISLAND.,Broken Streetlight,40.54492979355119,-74.1773028513753,STATEN ISLAND
Removal Request. at 455 EAST 146 STREET in BRONX.,Garbage / Waste,40.81342906437112,-73.91745211049631,BRONX
Removal Request. at 353 EAST 15 STREET in MANHATTAN.,Garbage / Waste,40.73239974031887,-73.98292236296989,MANHATTAN
Loud Music/Party. at 3500 HULL AVENUE in BRONX.,Pollution,40.87904529385364,-73.87340890831005,BRONX
Street Light Out. at 89-35 RUTLEDGE AVENUE in QUEENS.,Broken Streetlight,40.7102244899603,-73.86097153320608,QUEENS
Controller. in QUEENS.,Broken Streetlight,40.72096620537131,-73.84289312884077,QUEENS
Defective Hardware. at 310 CLARKE AVENUE in STATEN ISLAND.,Pothole / Road Damage,40.56843958505622,-74.14135010374098,STATEN ISLAND
Hitting Power Lines. at 1121 EAST 15 STREET in BROOKLYN.,Fallen Tree / Vegetation,40.62209010155088,-73.9607967952769,BROOKLYN
Controller. in BRONX.,Broken Streetlight,40.86283914528996,-73.84726146250969,BRONX
Manhole Overflow (Use Comments) (SA1). in QUEENS.,Drainage / Flooding,40.745885390947606,-73.91212961296283,QUEENS
Cave-in. at 12 AVENUE in BROOKLYN.,Pothole / Road Damage,40.6371929388019,-73.9934460381902,BROOKLYN
Removal Request. at 340 WEST 15 STREET in MANHATTAN.,Garbage / Waste,40.74095086608685,-74.00324419312076,MANHATTAN
Hitting Building. at 1736 55 STREET in BROOKLYN.,Fallen Tree / Vegetation,40.62551861922327,-73.98544979571876,BROOKLYN
No Water (WNW). at 134-40 173 STREET in QUEENS.,Water Leakage / Sanitation,40.67365739785119,-73.76822890341116,QUEENS
Dust from Construction. at EAST 120 STREET in MANHATTAN.,Pollution,40.79957718982836,-73.93589693679573,MANHATTAN
Branch Cracked and Will Fall. at 4314 KEPLER AVENUE in BRONX.,Fallen Tree / Vegetation,40.89880973322919,-73.87087898505695,BRONX
Tree Alive - in Poor Condition. at 76-29 172 STREET in QUEENS.,Fallen Tree / Vegetation,40.725698061701976,-73.79716329372134,QUEENS
Hydrant Running Full (WA4). in BROOKLYN.,Water Leakage / Sanitation,40.6579903098172,-73.99691842533385,BROOKLYN
Hydrant Running Full (WA4). at 3645 BRUCKNER BOULEVARD in BRONX.,Water Leakage / Sanitation,40.85156036592125,-73.8272475994099,BRONX
Tree Leaning/Uprooted. at 383 HERKIMER STREET in BROOKLYN.,Fallen Tree / Vegetation,40.67914814349748,-73.94043643157374,BROOKLYN
Controller. in MANHATTAN.,Broken Streetlight,40.76285221680354,-73.96772789303769,MANHATTAN
Entire Tree Has Fallen Down. at 59-81 MAURICE AVENUE in QUEENS.,Fallen Tree / Vegetation,40.72820170794066,-73.9061456436328,QUEENS
Street Light Out. in BRONX.,Broken Streetlight,40.84781555438027,-73.90753109698773,BRONX
Asbestos Disturbance. at 65 WEST 127 STREET in MANHATTAN.,Pollution,40.808523344997006,-73.94321774461757,MANHATTAN
Branch Cracked and Will Fall. at 219 STREET in QUEENS.,Fallen Tree / Vegetation,40.68409950702468,-73.74779930337073,QUEENS
Hydrant Running (WC3). at 686 WEST  137 STREET in MANHATTAN.,Water Leakage / Sanitation,40.82203557310597,-73.95566406764846,MANHATTAN
Dust from Construction. at 1538 BERGEN STREET in BROOKLYN.,Pollution,40.67512251222719,-73.93223840686683,BROOKLYN
Loud Music/Party. at 2308 7 AVENUE in MANHATTAN.,Pollution,40.8156185820437,-73.94348264472475,MANHATTAN
Removal Request. at 549 CHESTNUT STREET in BROOKLYN.,Garbage / Waste,40.673370577945846,-73.87297014602021,BROOKLYN
Branch Cracked and Will Fall. at 716 OCEAN PARKWAY in BROOKLYN.,Fallen Tree / Vegetation,40.63105780663573,-73.97177984371524,BROOKLYN
Controller. in QUEENS.,Broken Streetlight,40.72544608221777,-73.90971766940025,QUEENS
Controller. in QUEENS.,Broken Streetlight,40.752440943476266,-73.95089559206652,QUEENS
Removal Request. at 174 WEST 107 STREET in MANHATTAN.,Garbage / Waste,40.80072031544925,-73.96430711573306,MANHATTAN
Hitting Building. at 1439 JEFFERSON AVENUE in BROOKLYN.,Fallen Tree / Vegetation,40.69551397435437,-73.90913793287017,BROOKLYN
Entire Tree Has Fallen Down. at 17 DULANCEY COURT in STATEN ISLAND.,Fallen Tree / Vegetation,40.63399919298072,-74.07798806295445,STATEN ISLAND
Street Light Out. at 45 ZENI PLACE in STATEN ISLAND.,Broken Streetlight,40.57695539430551,-74.10404527824157,STATEN ISLAND
Vehicle Idling Odor. at 9718 FORT HAMILTON PARKWA in BROOKLYN.,Pollution,40.61370743391433,-74.03036669204378,BROOKLYN
APS. in QUEENS.,Broken Streetlight,40.71171749067562,-73.79021528526414,QUEENS
Tree Alive - in Poor Condition.,Fallen Tree / Vegetation,,,Unspecified
Branch or Limb Has Fallen Down. at 147-49 HOOVER AVENUE in QUEENS.,Fallen Tree / Vegetation,40.71427002828771,-73.81242420200248,QUEENS
Tree Leaning/Uprooted. at 123 WEST 119 STREET in MANHATTAN.,Fallen Tree / Vegetation,40.80434315974836,-73.94916322517504,MANHATTAN
Blocking Street. at 130-14 229 STREET in QUEENS.,Fallen Tree / Vegetation,40.68144389595282,-73.73856133152132,QUEENS
Blocking Street. at 32-89 36 STREET in QUEENS.,Fallen Tree / Vegetation,40.75962157085403,-73.92177100040486,QUEENS
Street Light Out. at 1709 ANTHONY AVENUE in BRONX.,Broken Streetlight,40.84442310102232,-73.90417452870707,BRONX
Chronic Dumping. at 124 WITHERS STREET in BROOKLYN.,Garbage / Waste,40.71713898194421,-73.94710138526322,BROOKLYN
Cave-in. at 195 STREET in QUEENS.,Pothole / Road Damage,40.76127678969615,-73.78716775732795,QUEENS
Removal Request. at 75-11 BLAKE AVENUE in QUEENS.,Garbage / Waste,40.67284295352741,-73.86057720324425,QUEENS
Street Light Out. at 91-19 QUEENS BOULEVARD in QUEENS.,Broken Streetlight,40.73337334415046,-73.86996914855246,QUEENS
Street Flooding (SJ). at 2677 COLBY COURT in BROOKLYN.,Drainage / Flooding,40.58409744337614,-73.97320376249691,BROOKLYN
Branch or Limb Has Fallen Down. at 3128 FAIRFIELD AVENUE in BRONX.,Fallen Tree / Vegetation,40.88358678149406,-73.9140885296694,BRONX
Cave-in. at 125 WEST 30 STREET in MANHATTAN.,Pothole / Road Damage,40.7476669251882,-73.99052628979736,MANHATTAN
Vehicle Idling Odor. at 26 RUSSELL STREET in BROOKLYN.,Pollution,40.72144943409474,-73.94379699767994,BROOKLYN
Loud Music/Party. at 7420 4 AVENUE in BROOKLYN.,Pollution,40.63131109681712,-74.02488772867993,BROOKLYN
Blocking Street. at 1043 HENDRIX STREET in BROOKLYN.,Fallen Tree / Vegetation,40.65596917647259,-73.88115209509863,BROOKLYN
Vehicle Idling Odor. at 640 8 AVENUE in MANHATTAN.,Pollution,40.75666417742652,-73.99019293432467,MANHATTAN
Sewer Backup (Use Comments) (SA). at 190 ASCAN AVENUE in QUEENS.,Drainage / Flooding,40.7133780260972,-73.84369738012794,QUEENS
Removal Request. at 25-46 FAR ROCKAWAY BOULEVARD in QUEENS.,Garbage / Waste,40.599839702830856,-73.76193482644157,QUEENS
Dead Branches in Tree. at 394 STERLING PLACE in BROOKLYN.,Fallen Tree / Vegetation,40.67496148767216,-73.965034153176,BROOKLYN
Tree Trunk Split. at CONEY ISLAND CREEK PARK in BROOKLYN.,Fallen Tree / Vegetation,40.58130902603763,-74.004248050468,BROOKLYN
Hydrant Running Full (WA4). at 1160 LEBANON STREET in BRONX.,Water Leakage / Sanitation,40.840659078544576,-73.8744975101599,BRONX
Clear Street Light. at WESTWOOD AVENUE in STATEN ISLAND.,Fallen Tree / Vegetation,40.60632113180253,-74.14750226158588,STATEN ISLAND
Banging/Pounding. at 3430 BAILEY PLACE in BRONX.,Pollution,40.88098426175316,-73.89978592318036,BRONX
Removal Request. at 122-30 ROCKAWAY BOULEVARD in QUEENS.,Garbage / Waste,40.67559795252992,-73.81522961490981,QUEENS
Hitting Power Lines. at 4300 RICHMOND AVENUE in STATEN ISLAND.,Fallen Tree / Vegetation,40.53472414767613,-74.15481633522576,STATEN ISLAND
Loud Music/Party. at 2014 FREDERICK DOUGLASS BOULEVARD in MANHATTAN.,Pollution,40.80094870772344,-73.95789222050281,MANHATTAN
Removal Request. at 521 GRAND STREET in BROOKLYN.,Garbage / Waste,40.7110442845262,-73.95028403322246,BROOKLYN
Street Light Out. at 414 BALTIC STREET in BROOKLYN.,Broken Streetlight,40.683735827854086,-73.98901742643632,BROOKLYN
Post. in BROOKLYN.,Broken Streetlight,40.67392160963299,-73.91011187121845,BROOKLYN
Vehicle Idling Odor. at 640 8 AVENUE in MANHATTAN.,Pollution,40.75666417742652,-73.99019293432467,MANHATTAN
Street Light Out. in BROOKLYN.,Broken Streetlight,40.67771565537879,-73.9358590462492,BROOKLYN
Underground. in MANHATTAN.,Broken Streetlight,40.7553005625042,-73.97534387376678,MANHATTAN
Hydrant Defective (WC2). at 75-83 YELLOWSTONE BOULEVARD in QUEENS.,Water Leakage / Sanitation,40.71405961555577,-73.85927896325386,QUEENS
Vehicle Idling Odor. at 122 AUDUBON AVENUE in MANHATTAN.,Pollution,40.84246672657411,-73.93692901852279,MANHATTAN
Pedestrian Signal. in BROOKLYN.,Broken Streetlight,40.66955466330329,-73.94496542626646,BROOKLYN
Removal Request. at 942 LAFAYETTE AVENUE in BROOKLYN.,Garbage / Waste,40.69176832102479,-73.93484666373823,BROOKLYN
Removal Request. at 121 NELSON STREET in BROOKLYN.,Garbage / Waste,40.67712144480182,-74.00096980278154,BROOKLYN
Controller.,Broken Streetlight,,,Unspecified
Hydrant Running Full (WA4). at 1995A BIRCHALL AVENUE in BRONX.,Water Leakage / Sanitation,40.84944050577703,-73.86810486072861,BRONX
Controller. in BRONX.,Broken Streetlight,40.88081850449997,-73.90840011020252,BRONX
Dumpster - Construction Waste. at 97-28 80 STREET in QUEENS.,Pothole / Road Damage,40.68159446012317,-73.85927175656796,QUEENS
Entire Tree Has Fallen Down. at 51 IRVING PLACE in BROOKLYN.,Fallen Tree / Vegetation,40.68364702878265,-73.9599205091581,BROOKLYN
Sewer Backup (Use Comments) (SA). at 330 BEACH   84 STREET in QUEENS.,Drainage / Flooding,40.59123373215253,-73.81003336529226,QUEENS
Entire Tree Has Fallen Down. at 927 VICTORY BOULEVARD in STATEN ISLAND.,Fallen Tree / Vegetation,40.621575241322326,-74.09733545955311,STATEN ISLAND
Vehicle Idling Odor. at 640 8 AVENUE in MANHATTAN.,Pollution,40.75666417742652,-73.99019293432467,MANHATTAN
Cave-in. at 9824 FOSTER AVENUE in BROOKLYN.,Pothole / Road Damage,40.64898363792666,-73.90466785076762,BROOKLYN
Loud Music/Party. at 141 MESEROLE STREET in BROOKLYN.,Pollution,40.708027587036725,-73.94387323807607,BROOKLYN
RAIN GARDEN PLANTING (GIRGP). at 182-06 80 ROAD in QUEENS.,Drainage / Flooding,40.72691728050401,-73.78535086395695,QUEENS
Loud Talking. at 662 WASHINGTON AVENUE in BROOKLYN.,Pollution,40.67831249819486,-73.96387149622204,BROOKLYN
Removal Request. at 94-15 133 STREET in QUEENS.,Garbage / Waste,40.696333317570016,-73.81605207761741,QUEENS
Removal Request. at EAST 233 STREET in BRONX.,Garbage / Waste,40.895375946561074,-73.86355749899745,BRONX
Pothole. at UNIVERSITY HEIGHTS BRIDGE in MANHATTAN.,Pothole / Road Damage,40.86295856237968,-73.91530822409109,MANHATTAN
Loud Music/Party. at 32-05 31 STREET in QUEENS.,Pollution,40.7616168282295,-73.92565640045508,QUEENS
Catch Basin Clogged/Flooding (Use Comments) (SC). at 80 BRUCKNER BOULEVARD in BRONX.,Drainage / Flooding,40.806199762400574,-73.92597866184836,BRONX
Hitting Phone/Cable Lines. at 2434 WILSON AVENUE in BRONX.,Fallen Tree / Vegetation,40.86174105767411,-73.84919090116948,BRONX
Removal Request. at 3601 GREYSTONE AVENUE in BRONX.,Garbage / Waste,40.8858887302284,-73.90596281053244,BRONX
Loud Music/Party. at 299 VANDERVOORT AVENUE in BROOKLYN.,Pollution,40.7154770910346,-73.93393970196206,BROOKLYN
Dead Branches in Tree. at 536 WEST 142 STREET in MANHATTAN.,Fallen Tree / Vegetation,40.82393281602145,-73.95049958457433,MANHATTAN
Controller. in BROOKLYN.,Broken Streetlight,40.664751349179134,-73.89404073362888,BROOKLYN
Traffic Signal Light. in MANHATTAN.,Broken Streetlight,40.70331726906625,-74.00776507756758,MANHATTAN
Veh Signal Lamp. in BROOKLYN.,Broken Streetlight,40.669147417052834,-73.98972276139789,BROOKLYN
Controller. in STATEN ISLAND.,Broken Streetlight,40.60698630954917,-74.0671270116498,STATEN ISLAND
Cave-in. at 1170 AVENUE L in BROOKLYN.,Pothole / Road Damage,40.62004890292916,-73.96361486176247,BROOKLYN
Banging/Pounding. at 11 PELL STREET in MANHATTAN.,Pollution,40.71473846692861,-73.99768053858439,MANHATTAN
Veh Signal Lamp. in BROOKLYN.,Broken Streetlight,40.67618054408917,-73.96629532151152,BROOKLYN
Street Light Out. at 96-03 160 AVENUE in QUEENS.,Broken Streetlight,40.65793999742039,-73.83648194531754,QUEENS
Hydrant Running (WC3). at 769 5 AVENUE in BROOKLYN.,Water Leakage / Sanitation,40.65777896767343,-73.99714910194311,BROOKLYN
Hydrant Running (WC3). in QUEENS.,Water Leakage / Sanitation,40.747891920593744,-73.90534917685362,QUEENS
Other Air Problem. at 226 27 STREET in BROOKLYN.,Pollution,40.658728682301046,-73.99816184739787,BROOKLYN
Loud Music/Party. at 137-72 NORTHERN BOULEVARD in QUEENS.,Pollution,40.7638134402157,-73.82861953775803,QUEENS
Vehicle Idling Odor. at 876 NOSTRAND AVENUE in BROOKLYN.,Pollution,40.66820682003596,-73.95066922692882,BROOKLYN
Removal Request. at 1671 EAST 12 STREET in BROOKLYN.,Garbage / Waste,40.60880540939632,-73.96111432766996,BROOKLYN
Hitting Building. at 117 WEST 95 STREET in MANHATTAN.,Fallen Tree / Vegetation,40.79250938051869,-73.9687608411192,MANHATTAN
Manhole Overflow (Use Comments) (SA1). in BROOKLYN.,Drainage / Flooding,40.60874677483663,-73.95827996342706,BROOKLYN
Removal Request. at 977 EAST 14 STREET in BROOKLYN.,Garbage / Waste,40.625812589341166,-73.96244813037423,BROOKLYN
Dumpster - Construction Waste. at 109-12 131 STREET in QUEENS.,Pothole / Road Damage,40.68473599131706,-73.81225127978358,QUEENS
Hitting Building. at 160-10 76 ROAD in QUEENS.,Fallen Tree / Vegetation,40.72469837761653,-73.80802580764417,QUEENS
Vehicle Exhaust Smoke. at 202 WEST 93 STREET in MANHATTAN.,Pollution,40.79217533396455,-73.97191017831028,MANHATTAN
Tree Leaning/Uprooted. at 141-21 219 STREET in QUEENS.,Fallen Tree / Vegetation,40.67057827370595,-73.75522961136356,QUEENS
Catch Basin Search (SC2). at 187-33 LINDEN BOULEVARD in QUEENS.,Drainage / Flooding,40.69200501981735,-73.7649088780929,QUEENS
Veh Signal Lamp. in QUEENS.,Broken Streetlight,40.74484926004516,-73.83567677904459,QUEENS
Controller. in MANHATTAN.,Broken Streetlight,40.742375102013824,-74.00879090477447,MANHATTAN
Street Light Out. at 91-17 96 STREET in QUEENS.,Broken Streetlight,40.69005292430679,-73.84775823445553,QUEENS
Banging/Pounding. at 1179 ELTON STREET in BROOKLYN.,Pollution,40.65580184655072,-73.87352618912523,BROOKLYN
Vehicle Idling Odor. at 305 COURT STREET in BROOKLYN.,Pollution,40.68363744308253,-73.99527310155337,BROOKLYN
Blocking Street. at 45-61 196 STREET in QUEENS.,Fallen Tree / Vegetation,40.7545239798865,-73.78530160918963,QUEENS
Catch Basin Clogged/Flooding (Use Comments) (SC). at 299 GUYON AVENUE in STATEN ISLAND.,Drainage / Flooding,40.5604982202281,-74.1202076097809,STATEN ISLAND
Asbestos Disturbance. at 217 EAST 82 STREET in MANHATTAN.,Pollution,40.77599535865998,-73.95526867403207,MANHATTAN
Hydrant Running (WC3). at 225 6 AVENUE in BROOKLYN.,Water Leakage / Sanitation,40.67470677293904,-73.97844520092033,BROOKLYN
Underground. in MANHATTAN.,Broken Streetlight,40.76676987990434,-73.97118443967818,MANHATTAN
Other Air Problem. at 2079 NOSTRAND AVENUE in BROOKLYN.,Pollution,40.63484548616128,-73.94785117546635,BROOKLYN
Street Light Out. at 1660 SOUTHERN BOULEVARD in BRONX.,Broken Streetlight,40.83587858471852,-73.88863656768554,BRONX
Sewer Backup (Use Comments) (SA). at 2448 RALPH AVENUE in BROOKLYN.,Drainage / Flooding,40.61828187507955,-73.91716754877419,BROOKLYN
Hydrant Running Full (WA4). in BRONX.,Water Leakage / Sanitation,40.83348410628512,-73.87936784529583,BRONX
Sewer Backup (Use Comments) (SA). at 1312 DINSMORE AVENUE in QUEENS.,Drainage / Flooding,40.60479293434759,-73.74850943818397,QUEENS
Branch or Limb Has Fallen Down. at 206 LENOX ROAD in BROOKLYN.,Fallen Tree / Vegetation,40.65400052518697,-73.95229430830312,BROOKLYN
Street Light Out. at 481 SCHENECTADY AVENUE in BROOKLYN.,Broken Streetlight,40.6617566808295,-73.93437136280251,BROOKLYN
Hitting Building. at 212 BIDWELL AVENUE in STATEN ISLAND.,Fallen Tree / Vegetation,40.618683161086494,-74.13684225739239,STATEN ISLAND
Controller. in MANHATTAN.,Broken Streetlight,40.75211670240551,-73.97555799934946,MANHATTAN
Pedestrian Signal. in MANHATTAN.,Broken Streetlight,40.81880243145048,-73.95602028494744,MANHATTAN
Tree Alive - in Poor Condition. at 1887 GATES AVENUE in QUEENS.,Fallen Tree / Vegetation,40.70492386296858,-73.90673745819683,QUEENS
Vehicle Idling Odor. at 640 8 AVENUE in MANHATTAN.,Pollution,40.75666417742652,-73.99019293432467,MANHATTAN
Controller. in QUEENS.,Broken Streetlight,40.72785359232886,-73.81394460925917,QUEENS
Street Light Out. at VAN WYCK EXPY in QUEENS.,Broken Streetlight,,,QUEENS
Hydrant Running (WC3). in MANHATTAN.,Water Leakage / Sanitation,40.7774128851202,-73.97879829456296,MANHATTAN
Vehicle Idling Odor. at 640 8 AVENUE in MANHATTAN.,Pollution,40.75666417742652,-73.99019293432467,MANHATTAN
Pothole. at BROOKLYN QNS EXPRESSWAY in QUEENS.,Pothole / Road Damage,,,QUEENS
Banging/Pounding. at WEST HOUSTON STREET in MANHATTAN.,Pollution,,,MANHATTAN
Pothole. at PARKSIDE PLACE in BRONX.,Pothole / Road Damage,,,BRONX
Vehicle Idling Odor. at 149-07 12 AVENUE in QUEENS.,Pollution,40.79035796267492,-73.81622926702215,QUEENS
Branch or Limb Has Fallen Down. at 44 POWERS STREET in BROOKLYN.,Fallen Tree / Vegetation,40.71183449842225,-73.94964498838702,BROOKLYN
Removal Request. at 2173 86 STREET in BROOKLYN.,Garbage / Waste,40.60224080307827,-73.99427053628109,BROOKLYN
Chimney/Vent Smoke. at 202 AVENUE OF THE AMERICAS in MANHATTAN.,Pollution,40.72678792827488,-74.00350327256554,MANHATTAN
Loud Music/Party. at 1368 FLATBUSH AVENUE in BROOKLYN.,Pollution,40.63700748291944,-73.9521010827831,BROOKLYN
Loud Music/Party. at 397 GREENE AVENUE in BROOKLYN.,Pollution,40.68794632861221,-73.95515826830517,BROOKLYN
Vehicle Idling Odor. at 40 WEST TREMONT AVENUE in BRONX.,Pollution,40.85181471300074,-73.91117998419753,BRONX
"Rough, Pitted or Cracked Roads. at EAST 71 STREET in MANHATTAN.",Pothole / Road Damage,40.766166044915856,-73.95424641563656,MANHATTAN
Street Light Out. at 54-11 BROWVALE LANE in QUEENS.,Broken Streetlight,40.7635415861547,-73.7297449582881,QUEENS
Branch or Limb Has Fallen Down. at 6 2 PLACE in BROOKLYN.,Fallen Tree / Vegetation,40.68045634638096,-74.00074992217884,BROOKLYN
Loud Music/Party. at 14 PARK STREET in BROOKLYN.,Pollution,40.69943372495366,-73.93849969117943,BROOKLYN
Pedestrian Signal. in MANHATTAN.,Broken Streetlight,40.72806703327709,-73.99895368841987,MANHATTAN
Branch Cracked and Will Fall. at 1257 NOBLE AVENUE in BRONX.,Fallen Tree / Vegetation,40.83136065715774,-73.87014262244857,BRONX
Entire Tree Has Fallen Down. at 1874 EAST 35 STREET in BROOKLYN.,Fallen Tree / Vegetation,40.6113734009808,-73.9344461062567,BROOKLYN
Removal Request. at 951 52 STREET in BROOKLYN.,Garbage / Waste,40.638000082425904,-74.00154933351494,BROOKLYN
Controller. in BRONX.,Broken Streetlight,40.89999052767139,-73.85300357283974,BRONX
Manhole Overflow (Use Comments) (SA1). at 2828 WEST   28 STREET in BROOKLYN.,Drainage / Flooding,40.57702983011788,-73.99460028181525,BROOKLYN
Street Light Out. at 59 HARBOR VIEW PLACE SOUTH in STATEN ISLAND.,Broken Streetlight,40.60998992365015,-74.06074081050619,STATEN ISLAND
Removal Request. at 417 54 STREET in BROOKLYN.,Garbage / Waste,40.6438483476208,-74.01425511772482,BROOKLYN
Sewer Backup (Use Comments) (SA). at 97-12 65 ROAD in QUEENS.,Drainage / Flooding,40.72790050072775,-73.85850288672889,QUEENS
No Water (WNW). at 2188 CRESTON AVENUE in BRONX.,Water Leakage / Sanitation,40.85556235414064,-73.9023763393627,BRONX
Dust from Construction. at 280 9 AVENUE in MANHATTAN.,Pollution,40.74871031879888,-73.99970044561495,MANHATTAN
Clear Street Light. at 155-13 115 AVENUE in QUEENS.,Fallen Tree / Vegetation,40.68573633829757,-73.79070086073823,QUEENS
Vehicle Signal. in MANHATTAN.,Broken Streetlight,,,MANHATTAN
Loud Music/Party. at 267 TROY AVENUE in BROOKLYN.,Pollution,40.67016790333938,-73.93654761940525,BROOKLYN
Street Flooding (SJ). at 40 NORTH    4 STREET in BROOKLYN.,Drainage / Flooding,40.71848195630628,-73.96321480997295,BROOKLYN
Branch or Limb Has Fallen Down. at 1064 83 STREET in BROOKLYN.,Fallen Tree / Vegetation,40.618963661501866,-74.01740161776777,BROOKLYN
Loud Music/Party. at 1065 PACIFIC STREET in BROOKLYN.,Pollution,40.67893080980579,-73.95796205328756,BROOKLYN
Hitting Power Lines. at 112-19 204 STREET in QUEENS.,Fallen Tree / Vegetation,40.703262013091,-73.75214134011448,QUEENS
Dead Branches in Tree. at 1744 66 STREET in BROOKLYN.,Fallen Tree / Vegetation,40.61925839521585,-73.99203217796169,BROOKLYN
Loud Music/Party. at 2037 BATH AVENUE in BROOKLYN.,Pollution,40.60071483780555,-74.000471742673,BROOKLYN
Loud Music/Party. at 2082 FREDRICK DOUGLAS BOULEVARD in MANHATTAN.,Pollution,40.80225484364876,-73.95693421623459,MANHATTAN
Tree Leaning/Uprooted. at 64-38 82 PLACE in QUEENS.,Fallen Tree / Vegetation,40.71961014964706,-73.87155084060113,QUEENS
Controller. in BROOKLYN.,Broken Streetlight,40.67872302648591,-73.95298686771372,BROOKLYN
Sewer Backup (Use Comments) (SA). at 59-15 47 AVENUE in QUEENS.,Drainage / Flooding,40.74027838491047,-73.90584354969721,QUEENS
Pedestrian Signal. in BROOKLYN.,Broken Streetlight,40.61617004369414,-73.95458695441944,BROOKLYN
Street Light Out. at 1933 67 STREET in BROOKLYN.,Broken Streetlight,40.61619215594285,-73.98843061987513,BROOKLYN
Hydrant Running Full (WA4). in MANHATTAN.,Water Leakage / Sanitation,40.82450977848781,-73.9518504924377,MANHATTAN
Loud Music/Party. at 4 IRVING AVENUE in BROOKLYN.,Pollution,40.7055773447715,-73.92593169619619,BROOKLYN
Removal Request. at 2175C JEROME AVENUE in BRONX.,Garbage / Waste,40.85633592757532,-73.90514785621504,BRONX
Branch Cracked and Will Fall. at 1234 BAYRIDGE PARKWAY in BROOKLYN.,Fallen Tree / Vegetation,40.621105581593085,-74.00877133074005,BROOKLYN
Sewer Backup (Use Comments) (SA). at 185-46 FONDA AVENUE in QUEENS.,Drainage / Flooding,40.701491077183256,-73.77040065398505,QUEENS
Culvert Blocked/Needs Cleaning (SE). at 269 WEST   23 STREET in MANHATTAN.,Drainage / Flooding,40.74486489758191,-73.99744491249146,MANHATTAN
Hitting Building. at 30-83 14 STREET in QUEENS.,Fallen Tree / Vegetation,40.7688309153649,-73.9315437722121,QUEENS
Hydrant Running Full (WA4). at 1851 GLEASON AVENUE in BRONX.,Water Leakage / Sanitation,40.83025517610815,-73.86356456677761,BRONX
Loud Music/Party. at 2082 FREDERICK DOUGLASS BOULEVARD in MANHATTAN.,Pollution,40.80225484364876,-73.95693421623459,MANHATTAN
Sewer Backup (Use Comments) (SA). at 164 HEYWARD STREET in BROOKLYN.,Drainage / Flooding,40.70278699503094,-73.95440532556036,BROOKLYN
Pothole. at HENRY HUDSON BRIDGE in BRONX.,Pothole / Road Damage,40.878163110876486,-73.9215700525966,BRONX
Pedestrian Signal. in QUEENS.,Broken Streetlight,40.7325834170122,-73.86805111721684,QUEENS
Street Light Out. at 1608 GLOVER STREET in BRONX.,Broken Streetlight,40.83814532170015,-73.85170910035022,BRONX
Veh Signal Head. in BROOKLYN.,Broken Streetlight,40.65413345856589,-73.91232974956823,BROOKLYN
Vehicle Idling Odor. at 640 8 AVENUE in MANHATTAN.,Pollution,40.75666417742652,-73.99019293432467,MANHATTAN
Veh Signal Lens. in BROOKLYN.,Broken Streetlight,40.68741552766093,-73.95971271504284,BROOKLYN
Street Flooding (SJ). at 8-11 44 AVENUE in QUEENS.,Drainage / Flooding,40.75054482510814,-73.9520880220735,QUEENS
Failed Street Repair. at 43-31 45 STREET in QUEENS.,Pothole / Road Damage,40.744435977481785,-73.91938172255314,QUEENS
Vehicle Idling Odor. at 286 WEST 151 STREET in MANHATTAN.,Pollution,40.82619123940585,-73.93814044522938,MANHATTAN
Pothole. at 85 AVENUE in QUEENS.,Pothole / Road Damage,,,QUEENS
Branch or Limb Has Fallen Down. at 1718 ALBANY AVENUE in BROOKLYN.,Fallen Tree / Vegetation,40.63120315775237,-73.93690891262993,BROOKLYN
Hitting Building. at 62 CHESTNUT STREET in BROOKLYN.,Fallen Tree / Vegetation,40.68669465607897,-73.87634857805905,BROOKLYN
Sewer Backup (Use Comments) (SA). at 118-51 233 STREET in QUEENS.,Drainage / Flooding,40.68926331216121,-73.73003520058373,QUEENS
Branch or Limb Has Fallen Down. at 1882 EAST 52 STREET in BROOKLYN.,Fallen Tree / Vegetation,40.6136399075488,-73.92437688439928,BROOKLYN
Vehicle Idling Odor. at 174 KOSCIUSZKO STREET in BROOKLYN.,Pollution,40.69105021610757,-73.94760167688648,BROOKLYN
Sewer Backup (Use Comments) (SA). at 2336 2 AVENUE in MANHATTAN.,Drainage / Flooding,40.79931379437275,-73.93607417028157,MANHATTAN
Vehicle Exhaust Smoke. at 202 WEST 93 STREET in MANHATTAN.,Pollution,40.79217533396455,-73.97191017831028,MANHATTAN
Removal Request. at 111 SOUTH 3 STREET in BROOKLYN.,Garbage / Waste,40.71278109109581,-73.96322517043198,BROOKLYN
Loud Music/Party. at 2964 LAFAYETTE AVENUE in BRONX.,Pollution,40.83047560097607,-73.82370326640891,BRONX
Pedestrian Signal. in MANHATTAN.,Broken Streetlight,40.72806703327709,-73.99895368841987,MANHATTAN
Multiple Street Lights Out. at NEW DORP LANE in STATEN ISLAND.,Broken Streetlight,,,STATEN ISLAND
Catch Basin Search (SC2). at 583 LINDEN BOULEVARD in BROOKLYN.,Drainage / Flooding,40.65341131993352,-73.9370897310521,BROOKLYN
Hitting Building. at 2011 CHATTERTON AVENUE in BRONX.,Fallen Tree / Vegetation,40.82760514468357,-73.85566755410325,BRONX
Hydrant Running Full (WA4). at 2600 7 AVENUE in MANHATTAN.,Water Leakage / Sanitation,40.82490868908109,-73.9367252542273,MANHATTAN
Pedestrian Signal. in MANHATTAN.,Broken Streetlight,40.73521408143234,-73.99171521010928,MANHATTAN
Removal Request. at 464 WEST 23 STREET in MANHATTAN.,Garbage / Waste,40.74721164595414,-74.0030568295963,MANHATTAN
Restaurant Odor. at 344 7 AVENUE in BROOKLYN.,Pollution,40.66649500153321,-73.98192633269691,BROOKLYN
Loud Music/Party. at 848 EAST 43 STREET in BROOKLYN.,Pollution,40.634380746832456,-73.93533143824904,BROOKLYN
Vehicle Idling Odor. at 3 SHERIDAN SQUARE in MANHATTAN.,Pollution,40.732916999439766,-74.00220102247826,MANHATTAN
Blocking Street. at 1596 EAST 21 STREET in BROOKLYN.,Fallen Tree / Vegetation,40.61426184915353,-73.95318354261208,BROOKLYN
Chronic Dumping. at 43-17 28 AVENUE in QUEENS.,Garbage / Waste,40.76426341748673,-73.91108736524028,QUEENS
Hitting Building. at 965 EAST 23 STREET in BROOKLYN.,Fallen Tree / Vegetation,40.626986902822935,-73.95367176246776,BROOKLYN
Branch or Limb Has Fallen Down. at 231-30 MENTONE AVENUE in QUEENS.,Fallen Tree / Vegetation,40.66683174059254,-73.74392829018247,QUEENS
Loud Music/Party. at 1388 JESUP AVENUE in BRONX.,Pollution,40.84091437504712,-73.92097788675667,BRONX
Banging/Pounding. at 787 3 AVENUE in BROOKLYN.,Pollution,40.66063905854354,-74.00109571449799,BROOKLYN
Blocking Street. at 157-44 16 AVENUE in QUEENS.,Fallen Tree / Vegetation,40.78487224642896,-73.80515123913175,QUEENS
Vehicle Idling Odor. at 120-14 ATLANTIC AVENUE in QUEENS.,Pollution,40.69436813769891,-73.82671368709654,QUEENS
Loud Music/Party. at 67 EAST 11 STREET in MANHATTAN.,Pollution,40.732834412142914,-73.99217735930414,MANHATTAN
Vehicle Idling Odor. at 960 WILLOUGHBY AVENUE in BROOKLYN.,Pollution,40.69786470192175,-73.93057801502643,BROOKLYN
Vehicle Idling Odor. at 408 WEST 57 STREET in MANHATTAN.,Pollution,40.76815876369282,-73.9863067278738,MANHATTAN
Catch Basin Search (SC2). at 48-01 69 STREET in QUEENS.,Drainage / Flooding,40.7382469373114,-73.89589410979623,QUEENS
Catch Basin Search (SC2). in MANHATTAN.,Drainage / Flooding,40.79024333800752,-73.97314607194942,MANHATTAN
RAIN GARDEN DEBRIS (GIRGD). in BROOKLYN.,Drainage / Flooding,40.677352217934825,-73.94423073549241,BROOKLYN
Street Light Out. at 57-50 79 STREET in QUEENS.,Broken Streetlight,40.72771067130292,-73.88251784243843,QUEENS
Loud Music/Party. at 895 BROADWAY in BROOKLYN.,Pollution,40.69794796545256,-73.93694672836828,BROOKLYN
Catch Basin Search (SC2). at 230 EAST    7 STREET in MANHATTAN.,Drainage / Flooding,40.72392593889713,-73.97850865225185,MANHATTAN
Plate Condition - Noisy. at 160-60 CLAUDE AVENUE in QUEENS.,Pothole / Road Damage,40.69096297133208,-73.78801603377495,QUEENS
LED Pedestrian Unit. in QUEENS.,Broken Streetlight,40.76501367224098,-73.88709086089193,QUEENS
Removal Request. at 1031 BEDFORD AVENUE in BROOKLYN.,Garbage / Waste,40.68860224555531,-73.95494508287621,BROOKLYN
Support Bracket. in BRONX.,Broken Streetlight,40.84390966192869,-73.88046213075634,BRONX
Restaurant Odor. at 2015 BROADWAY in MANHATTAN.,Pollution,40.77610421457123,-73.98215654482006,MANHATTAN
Branch Cracked and Will Fall. at 248 CRESCENT STREET in BROOKLYN.,Fallen Tree / Vegetation,40.68311348782003,-73.87202496200428,BROOKLYN
Tree Trunk Split. at 526 WEST 147 STREET in MANHATTAN.,Fallen Tree / Vegetation,40.82690954502751,-73.947585025272,MANHATTAN
Hydrant Running Full (WA4). in BROOKLYN.,Water Leakage / Sanitation,40.71105967590936,-73.94210683695283,BROOKLYN
Pothole. at 85 AVENUE in QUEENS.,Pothole / Road Damage,,,QUEENS
Blocking Street. at 294 GRAFE STREET in STATEN ISLAND.,Fallen Tree / Vegetation,40.5506388746954,-74.21439950565531,STATEN ISLAND
Street Light Out. at 11 DELMAR AVENUE in STATEN ISLAND.,Broken Streetlight,40.54702535318728,-74.19514111000458,STATEN ISLAND
Removal Request. at 3201 WHITE PLAINS ROAD in BRONX.,Garbage / Waste,40.871707190733936,-73.86716036708357,BRONX
Street Light Out. at 2704 AMBOY ROAD in STATEN ISLAND.,Broken Streetlight,40.57072303540313,-74.1224252897117,STATEN ISLAND
Catch Basin Clogged/Flooding (Use Comments) (SC). at 2800 BARKLEY AVENUE in BRONX.,Drainage / Flooding,40.8294744393313,-73.82962118065015,BRONX
Vehicle Signal. in QUEENS.,Broken Streetlight,40.72785359232886,-73.81394460925917,QUEENS
Dust from Construction. at 479 CENTRAL AVENUE in BROOKLYN.,Pollution,40.69142208687922,-73.91343103100255,BROOKLYN
Cave-in. at 224 WEST 238 STREET in BRONX.,Pothole / Road Damage,40.88486535154945,-73.89989941671465,BRONX
Branch Cracked and Will Fall. at 108-25 67 AVENUE in QUEENS.,Fallen Tree / Vegetation,40.729052651388486,-73.8472542125947,QUEENS
Hydrant Defective (WC2). in BROOKLYN.,Water Leakage / Sanitation,40.64601746542372,-74.00578367231263,BROOKLYN
In Post Base. in QUEENS.,Broken Streetlight,40.71245481248063,-73.88205416192865,QUEENS
Blocking Street. at 65-31 80 AVENUE in QUEENS.,Fallen Tree / Vegetation,40.69642569950543,-73.88787417491454,QUEENS
Pothole. in QUEENS.,Pothole / Road Damage,40.789183170789,-73.83816748511356,QUEENS
Vehicle Idling Odor. at 640 8 AVENUE in MANHATTAN.,Pollution,40.75666417742652,-73.99019293432467,MANHATTAN
Chronic Dumping. at 680 MONTAUK AVENUE in BROOKLYN.,Garbage / Waste,40.66193978476102,-73.87159340748742,BROOKLYN
Street Light Out. at 13 DERBY COURT in STATEN ISLAND.,Broken Streetlight,40.62819928378701,-74.13221804813774,STATEN ISLAND
Cave-in. at 24 KANSAS PLACE in BROOKLYN.,Pothole / Road Damage,40.60589542880268,-73.9040955365821,BROOKLYN
Multiple Street Lights Out. at BRIGHTON BEACH MUNI PARKING in BROOKLYN.,Broken Streetlight,40.57481498036937,-73.96474460822627,BROOKLYN
Removal Request. at 98 FORSYTH STREET in MANHATTAN.,Garbage / Waste,40.71830096972829,-73.99288973123392,MANHATTAN
Plate Condition - Noisy. at 84-49 64 ROAD in QUEENS.,Pothole / Road Damage,40.72104114469143,-73.86756529816064,QUEENS
Loud Music/Party. at 141 MESEROLE STREET in BROOKLYN.,Pollution,40.708027587036725,-73.94387323807607,BROOKLYN
Loud Music/Party. at SURF AVENUE in BROOKLYN.,Pollution,40.5745946507521,-73.98763509614025,BROOKLYN
Hydrant Running Full (WA4). at 169 EAST  105 STREET in MANHATTAN.,Water Leakage / Sanitation,40.79125760216967,-73.94600241145547,MANHATTAN
Sewer Backup (Use Comments) (SA). at 36-08 24 STREET in QUEENS.,Drainage / Flooding,40.75843006402247,-73.93451073761473,QUEENS
Defective Hardware. at 1650 MADISON AVENUE in MANHATTAN.,Pothole / Road Damage,40.79612752790079,-73.94768149501782,MANHATTAN
Controller. in QUEENS.,Broken Streetlight,,,QUEENS
Cave-in. at MACON STREET in BROOKLYN.,Pothole / Road Damage,40.6824268238742,-73.93793128431851,BROOKLYN
Restaurant Odor. at 25 THAMES STREET in BROOKLYN.,Pollution,40.70487573542347,-73.93208553490348,BROOKLYN
Cave-in. at 2201 NEPTUNE AVENUE in BROOKLYN.,Pothole / Road Damage,40.578467764436105,-73.98961431841694,BROOKLYN
Loud Music/Party. at 320 EAST 188 STREET in BRONX.,Pollution,40.86061152371237,-73.89489638379013,BRONX
Street Light Out. at 5807 4 AVENUE in BROOKLYN.,Broken Streetlight,40.64187442346304,-74.017339129781,BROOKLYN
Hydrant Running (WC3). at 161 DYCKMAN STREET in MANHATTAN.,Water Leakage / Sanitation,40.863718021154384,-73.92609179191042,MANHATTAN
Hydrant Running (WC3). at 41-43 52 STREET in QUEENS.,Water Leakage / Sanitation,40.74558076245781,-73.91218053964873,QUEENS
Dust from Construction. at 225 MACDONOUGH STREET in BROOKLYN.,Pollution,40.6818114044747,-73.9368466108752,BROOKLYN
Removal Request. at 3 AVENUE in MANHATTAN.,Garbage / Waste,40.760250141707424,-73.96751979034322,MANHATTAN
Hitting Building. at 1509 EAST 14 STREET in BROOKLYN.,Fallen Tree / Vegetation,40.61232656081564,-73.95989129491055,BROOKLYN
Branch Cracked and Will Fall. at 1171 47 STREET in BROOKLYN.,Fallen Tree / Vegetation,40.63785445022561,-73.99376664852703,BROOKLYN
Vehicle Idling Odor. at 640 8 AVENUE in MANHATTAN.,Pollution,40.75666417742652,-73.99019293432467,MANHATTAN
Hitting Building. at 62-55 99 STREET in QUEENS.,Fallen Tree / Vegetation,40.7335343412817,-73.85757081396464,QUEENS
Chimney/Vent Smoke. at 1729 PITKIN AVENUE in BROOKLYN.,Pollution,40.6699053765992,-73.90931701232769,BROOKLYN
Loud Music/Party. at 1173 NOSTRAND AVENUE in BROOKLYN.,Pollution,40.65884427164864,-73.95042025028128,BROOKLYN
Branch Cracked and Will Fall. at 480 EAST 141 STREET in BRONX.,Fallen Tree / Vegetation,40.809974562846165,-73.91900973242822,BRONX
Street Light Out. in BROOKLYN.,Broken Streetlight,40.61094482670169,-73.9131608210347,BROOKLYN
Hitting Phone/Cable Lines. at 4349 BAYCHESTER AVENUE in BRONX.,Fallen Tree / Vegetation,40.89794704786597,-73.84559645433512,BRONX
Dead Branches in Tree. at 70 TAPSCOTT STREET in BROOKLYN.,Fallen Tree / Vegetation,40.66620826945784,-73.92060452005977,BROOKLYN
Catch Basin Clogged/Flooding (Use Comments) (SC). at 187 SPRING STREET in MANHATTAN.,Drainage / Flooding,40.72504776813602,-74.00294036311726,MANHATTAN
Catch Basin Sunken/Damaged/Raised (SC1). at 2698 BAILEY AVENUE in BRONX.,Drainage / Flooding,40.871570078292784,-73.90646034042227,BRONX
Loud Music/Party. at 21-38 44 ROAD in QUEENS.,Pollution,40.74857676865099,-73.94573745254786,QUEENS
Sewer Backup (Use Comments) (SA). at 86 VEDDER AVENUE in STATEN ISLAND.,Drainage / Flooding,40.62101693004534,-74.14738344529762,STATEN ISLAND
Street Light Out. at 1641 GARFIELD STREET in BRONX.,Broken Streetlight,40.84171033111203,-73.86716966857439,BRONX
Hydrant Running Full (WA4). at 571 ACADEMY STREET in MANHATTAN.,Water Leakage / Sanitation,40.86356518841314,-73.92322139496197,MANHATTAN
Removal Request. at 110 AVENUE in QUEENS.,Garbage / Waste,40.695995345656485,-73.78277097622183,QUEENS
Hitting Building. at 104-30 120 STREET in QUEENS.,Fallen Tree / Vegetation,40.68626014661823,-73.8231542813986,QUEENS
Vehicle Idling Odor. at 200 LAWRENCE AVENUE in BROOKLYN.,Pollution,40.631022372665534,-73.97281023795009,BROOKLYN
No Water (WNW). at 1110 LIBERTY AVENUE in BROOKLYN.,Water Leakage / Sanitation,40.67850093631515,-73.86841409886063,BROOKLYN
Controller.,Broken Streetlight,,,Unspecified
Veh Signal Head. in STATEN ISLAND.,Broken Streetlight,40.5279085118367,-74.16485464635046,STATEN ISLAND
Hitting Power Lines. at 67-30 THORNTON PLACE in QUEENS.,Fallen Tree / Vegetation,40.72070186158472,-73.85698494986916,QUEENS
Blocking Street. at 399 EAST 94 STREET in BROOKLYN.,Fallen Tree / Vegetation,40.65696862779544,-73.919581132021,BROOKLYN
Removal Request. at HILLSIDE AVENUE in QUEENS.,Garbage / Waste,40.70771588180822,-73.8027870320592,QUEENS
Hydrant Running (WC3). at 930 TAYLOR AVENUE in BRONX.,Water Leakage / Sanitation,40.82433220424252,-73.86367426728292,BRONX
Hydrant Defective (WC2). at 95-08 QUEENS BOULEVARD in QUEENS.,Water Leakage / Sanitation,40.73081414682835,-73.86427330673158,QUEENS
Sewer Backup (Use Comments) (SA). at 29 EAST   53 STREET in BROOKLYN.,Drainage / Flooding,40.65952702200204,-73.92827153567144,BROOKLYN
Dead Branches in Tree. at 449 LEVERETT AVENUE in STATEN ISLAND.,Fallen Tree / Vegetation,40.55575375248301,-74.16164136291545,STATEN ISLAND
Loud Music/Party. at 2104 FREDERICK DOUGLASS BOULEVARD in MANHATTAN.,Pollution,40.80296279006334,-73.95642084980501,MANHATTAN
Leak (Use Comments) (WA2). at 430 3 AVENUE in MANHATTAN.,Water Leakage / Sanitation,40.743117534657394,-73.98003619561636,MANHATTAN
No Water (WNW). at 90-28 80 STREET in QUEENS.,Water Leakage / Sanitation,40.68723985079482,-73.86102666763009,QUEENS
Hitting Building. at 14 ARLINGTON PLACE in BROOKLYN.,Fallen Tree / Vegetation,40.68126396750193,-73.95125807096446,BROOKLYN
Branch or Limb Has Fallen Down. at 1507 DEKALB AVENUE in BROOKLYN.,Fallen Tree / Vegetation,40.70187181642222,-73.92164401316447,BROOKLYN
Cave-in. at JEFFERSON AVENUE in BROOKLYN.,Pothole / Road Damage,40.6838085121196,-73.94545483773256,BROOKLYN
Loud Talking. at 4340 WHITE PLAINS ROAD in BRONX.,Pollution,40.89670010784821,-73.85553922303484,BRONX
Hydrant Running (WC3). in MANHATTAN.,Water Leakage / Sanitation,40.77855182275575,-73.95124823993245,MANHATTAN
Removal Request. at 7 STRAWBERRY LANE in STATEN ISLAND.,Garbage / Waste,40.52941111642745,-74.15815666895685,STATEN ISLAND
Loud Music/Party. at 1044 BEACH 21 STREET in QUEENS.,Pollution,40.6033223048419,-73.7538520217726,QUEENS
Sewer Backup (Use Comments) (SA). at 108-32 167 STREET in QUEENS.,Drainage / Flooding,40.69720038745657,-73.78722445082333,QUEENS
Hydrant Running (WC3). in BRONX.,Water Leakage / Sanitation,40.87245206131356,-73.87806415924757,BRONX
Sewer Backup (Use Comments) (SA). at 161 BAY   41 STREET in BROOKLYN.,Drainage / Flooding,40.59393740129389,-73.98895297994748,BROOKLYN
Blocked - Construction. at 43-01 31 AVENUE in QUEENS.,Pothole / Road Damage,40.76013795669037,-73.91456902295299,QUEENS
Cave-in. at EAST 167 STREET in BRONX.,Pothole / Road Damage,40.826793948639086,-73.89191099307715,BRONX
Loud Music/Party. at 397 GREENE AVENUE in BROOKLYN.,Pollution,40.68794632861221,-73.95515826830517,BROOKLYN
Loud Music/Party. at 2155 GRAND CONCOURSE in BRONX.,Pollution,40.85473567166208,-73.90175579950744,BRONX
Removal Request. at 39-31 21 STREET in QUEENS.,Garbage / Waste,40.75602615338624,-73.94046514391073,QUEENS
Sewer Backup (Use Comments) (SA). at 39-32 221 STREET in QUEENS.,Drainage / Flooding,40.766432779263546,-73.76257398331548,QUEENS
Street Light Out. at 266 WILLOW ROAD WEST in STATEN ISLAND.,Broken Streetlight,40.62123435807903,-74.14905534680891,STATEN ISLAND
Culvert Blocked/Needs Cleaning (SE). at 49 NASSAU AVENUE in BROOKLYN.,Drainage / Flooding,40.72318260241981,-73.95262359548656,BROOKLYN
Cave-in. at 26-08 95 STREET in QUEENS.,Pothole / Road Damage,40.762403711098045,-73.87412876041469,QUEENS
Pothole. at BERRY STREET in BROOKLYN.,Pothole / Road Damage,,,BROOKLYN
Entire Tree Has Fallen Down. at 1172 SHERMAN AVENUE in BRONX.,Fallen Tree / Vegetation,40.832987127520056,-73.91634735989304,BRONX
Dust from Construction. at 22 EAST 41 STREET in MANHATTAN.,Pollution,40.75234267602012,-73.98027525309057,MANHATTAN
Entire Tree Has Fallen Down. at 1001 JEROME AVENUE in BRONX.,Fallen Tree / Vegetation,40.83136642497532,-73.92649269964271,BRONX
Vehicle Idling Odor. at 328 WEST 4 STREET in MANHATTAN.,Pollution,40.73791240608902,-74.00388275040244,MANHATTAN
Controller. in BRONX.,Broken Streetlight,40.89811645675434,-73.85343454781666,BRONX
Catch Basin Sunken/Damaged/Raised (SC1). in BRONX.,Drainage / Flooding,40.80894961070087,-73.85815718954802,BRONX
Loud Music/Party. at 63 SPRING STREET in MANHATTAN.,Pollution,40.722360654854754,-73.99724374620143,MANHATTAN
Possible Water Main Break (Use Comments) (WA1). at 8852 16 AVENUE in BROOKLYN.,Water Leakage / Sanitation,40.60484230902888,-74.012719833089,BROOKLYN
Line/Marking - After Repaving. at 63 DRIVE in QUEENS.,Pothole / Road Damage,40.732948382148976,-73.85216331434174,QUEENS
Removal Request. at 97 GREEN STREET in BROOKLYN.,Garbage / Waste,40.73349929533431,-73.95748741890043,BROOKLYN
Pothole. at AUSTIN STREET in QUEENS.,Pothole / Road Damage,,,QUEENS
Blocking Street. at 310 JEFFERSON STREET in BROOKLYN.,Fallen Tree / Vegetation,40.70452616758494,-73.92603745838848,BROOKLYN
Controller. in BROOKLYN.,Broken Streetlight,40.598629446084686,-73.95825747725965,BROOKLYN
Removal Request. at 740 CRANFORD AVENUE in BRONX.,Garbage / Waste,40.90332300647608,-73.84908569560362,BRONX
Hydrant Running (WC3). at 1061 HANCOCK STREET in BROOKLYN.,Water Leakage / Sanitation,40.68862338953397,-73.91472916052079,BROOKLYN
Vehicle Idling Odor. at 104-22 107 STREET in QUEENS.,Pollution,40.68298322248991,-73.83445191303512,QUEENS
Vehicle Idling Odor. at 56 TROUTMAN STREET in BROOKLYN.,Pollution,40.69846653021684,-73.93178912872675,BROOKLYN
RAIN GARDEN DEBRIS (GIRGD). in QUEENS.,Drainage / Flooding,40.69135918332869,-73.83753587492028,QUEENS
Pothole. at BRADLEY AVENUE in STATEN ISLAND.,Pothole / Road Damage,,,STATEN ISLAND
Clear Street Light. at 51-39 IRELAND STREET in QUEENS.,Fallen Tree / Vegetation,40.73642664173868,-73.88661968957722,QUEENS
Hitting Power Lines. at 1557 EAST 27 STREET in BROOKLYN.,Fallen Tree / Vegetation,40.61275233394495,-73.9471336796562,BROOKLYN
Pothole. in QUEENS.,Pothole / Road Damage,40.66023979907147,-73.83243948196912,QUEENS
Street Light Out. in BROOKLYN.,Broken Streetlight,40.63158179288455,-73.94754388879824,BROOKLYN
Hitting Building. at 1491 EAST 48 STREET in BROOKLYN.,Fallen Tree / Vegetation,40.62429289550839,-73.92939371225435,BROOKLYN
Street Light Out. at 907 HAVEMEYER AVENUE in BRONX.,Broken Streetlight,40.82608100499849,-73.84652923467455,BRONX
Hitting Building. at 669 EAST 158 STREET in BRONX.,Fallen Tree / Vegetation,40.81997872433882,-73.90759506808354,BRONX
Street Flooding (SJ). at 843 TRINITY AVENUE in BRONX.,Drainage / Flooding,40.82124056350577,-73.90668644669908,BRONX
Cave-in. at STOCKHOLM STREET in BROOKLYN.,Pothole / Road Damage,40.69993724106027,-73.92236036401988,BROOKLYN
Removal Request. at 3055 GOULDEN AVENUE in BRONX.,Garbage / Waste,40.87791714182895,-73.8922509671114,BRONX
Hydrant Running (WC3). in QUEENS.,Water Leakage / Sanitation,40.79083183818199,-73.84549818680048,QUEENS
Street Light Out. at 89-47 115 STREET in QUEENS.,Broken Streetlight,40.696122806148885,-73.83279286875356,QUEENS
Vehicle Idling Odor. at 202 WEST 93 STREET in MANHATTAN.,Pollution,40.79217533396455,-73.97191017831028,MANHATTAN
Catch Basin Clogged/Flooding (Use Comments) (SC). at 111-15 62 DRIVE in QUEENS.,Drainage / Flooding,40.73703317473728,-73.8463265853293,QUEENS
Removal Request. at BELMONT AVENUE in BROOKLYN.,Garbage / Waste,40.668560558779696,-73.90947384513372,BROOKLYN
Street Light Out. in QUEENS.,Broken Streetlight,40.6974700851608,-73.84222723282457,QUEENS
Banging/Pounding. at 146-26 NORTHERN BOULEVARD in QUEENS.,Pollution,40.76503033615667,-73.82025208141133,QUEENS
Loud Talking. at 2400 CAMBRELENG AVENUE in BRONX.,Pollution,40.85462716597478,-73.88530121298899,BRONX
Catch Basin Clogged/Flooding (Use Comments) (SC). at 8 LUIGI PLACE in STATEN ISLAND.,Drainage / Flooding,40.5768960286262,-74.12249780119177,STATEN ISLAND
Loud Music/Party. at 2783 ATLANTIC AVENUE in BROOKLYN.,Pollution,40.67638691148331,-73.89157433137026,BROOKLYN
Blocking Street. at 695 AUTUMN AVENUE in BROOKLYN.,Fallen Tree / Vegetation,40.67149477060863,-73.86711573241517,BROOKLYN
Hydrant Running Full (WA4). at 152 SHERMAN AVENUE in MANHATTAN.,Water Leakage / Sanitation,40.86462736420933,-73.92318763020528,MANHATTAN
Branch or Limb Has Fallen Down. at 81 BEECH TREE LANE in BRONX.,Fallen Tree / Vegetation,40.88489611840711,-73.79925251983504,BRONX
Loud Music/Party. at 136 2 AVENUE in MANHATTAN.,Pollution,40.728818422499614,-73.98749823959777,MANHATTAN
Controller. in MANHATTAN.,Broken Streetlight,40.807550586813306,-73.95290309754714,MANHATTAN
Loud Music/Party. at 1065 PACIFIC STREET in BROOKLYN.,Pollution,40.67893080980579,-73.95796205328756,BROOKLYN
Street Light Out. at 1729 BARTOW AVENUE in BRONX.,Broken Streetlight,40.86686352785186,-73.83768558690224,BRONX
Street Light Out. at 1199 ATLANTIC AVENUE in BROOKLYN.,Broken Streetlight,40.67853279140444,-73.95096082791946,BROOKLYN
Sewer Backup (Use Comments) (SA). at 73-15 GRAND AVENUE in QUEENS.,Drainage / Flooding,40.729743297457965,-73.88958606588511,QUEENS
Pedestrian Signal. in STATEN ISLAND.,Broken Streetlight,40.60940248051937,-74.09010738879118,STATEN ISLAND
Vehicle Idling Odor. at 274 GARFIELD PLACE in BROOKLYN.,Pollution,40.67090437519678,-73.97415662389398,BROOKLYN
Hydrant Running Full (WA4). at 769 5 AVENUE in BROOKLYN.,Water Leakage / Sanitation,40.65777896767343,-73.99714910194311,BROOKLYN
Vehicle Idling Odor. at 640 8 AVENUE in MANHATTAN.,Pollution,40.75666417742652,-73.99019293432467,MANHATTAN
Chimney/Vent Smoke. at 1475 WYTHE PLACE in BRONX.,Pollution,40.84079136840153,-73.9140100749652,BRONX
Removal Request. at 1-04 ASTORIA BOULEVARD in QUEENS.,Garbage / Waste,40.773878608761294,-73.93654267257365,QUEENS
Sewer Backup (Use Comments) (SA). at 91-08 SUTTER AVENUE in QUEENS.,Drainage / Flooding,40.676513194813175,-73.8458856037661,QUEENS
Catch Basin Clogged/Flooding (Use Comments) (SC). in BROOKLYN.,Drainage / Flooding,40.71902241191073,-73.942471490913,BROOKLYN
Street Light Out. in STATEN ISLAND.,Broken Streetlight,40.56273009533002,-74.12997223645323,STATEN ISLAND
Removal Request. at 365 MANHATTAN AVENUE in BROOKLYN.,Garbage / Waste,40.71680657757604,-73.94647757544324,BROOKLYN
Street Light Out. at 98-19 ASTORIA BOULEVARD in QUEENS.,Broken Streetlight,40.762296050037726,-73.87108948789276,QUEENS
Catch Basin Sunken/Damaged/Raised (SC1). at 23-01 29 AVENUE in QUEENS.,Drainage / Flooding,40.76981543298222,-73.92574833477535,QUEENS
Controller. in BRONX.,Broken Streetlight,40.807186760082935,-73.92427980149327,BRONX
Sewer Backup (Use Comments) (SA). at 1312 DINSMORE AVENUE in QUEENS.,Drainage / Flooding,40.60479293434759,-73.74850943818397,QUEENS
Sewer Backup (Use Comments) (SA). at 913 BROADWAY in BROOKLYN.,Drainage / Flooding,40.6976539937603,-73.93643490809335,BROOKLYN
Street Light Lamp Missing. at 7 9 STREET in BROOKLYN.,Broken Streetlight,40.674574269517294,-73.99743679017475,BROOKLYN
Branch or Limb Has Fallen Down. at 82 86 STREET in BROOKLYN.,Fallen Tree / Vegetation,40.62494529789436,-74.03736045463197,BROOKLYN
Loud Music/Party. at 741 METROPOLITAN AVENUE in BROOKLYN.,Pollution,40.71456574107864,-73.94413827553514,BROOKLYN
Loud Music/Party. at 961 2 AVENUE in MANHATTAN.,Pollution,40.755414076470544,-73.96814658370242,MANHATTAN
Hydrant Running Full (WA4). at 2248 BASSFORD AVENUE in BRONX.,Water Leakage / Sanitation,40.85419831415736,-73.89317140660847,BRONX
Loud Music/Party. at 895 BROADWAY in BROOKLYN.,Pollution,40.69794796545256,-73.93694672836828,BROOKLYN
Vehicle Idling Odor. at 248 KELLY BOULEVARD in STATEN ISLAND.,Pollution,40.58403720748552,-74.15700796281367,STATEN ISLAND
Hydrant Running (WC3). at 572 GREENE AVENUE in BROOKLYN.,Water Leakage / Sanitation,40.68886238906851,-73.9470661244577,BROOKLYN
Street Light Out. at 416 STERLING PLACE in BROOKLYN.,Broken Streetlight,40.67485978207091,-73.96454751896563,BROOKLYN
Cave-in. at 112-12 202 STREET in QUEENS.,Pothole / Road Damage,40.70285146278261,-73.75396420994124,QUEENS
Removal Request. at 365 TOMPKINS AVENUE in BROOKLYN.,Garbage / Waste,40.68515836935813,-73.944263869064,BROOKLYN
Sewer Backup (Use Comments) (SA). at 97-12 65 ROAD in QUEENS.,Drainage / Flooding,40.72790050072775,-73.85850288672889,QUEENS
Loud Music/Party. at 260 SPRING STREET in MANHATTAN.,Pollution,40.72572009429156,-74.00638227587024,MANHATTAN
Street Light Out. at 87 INDALE AVENUE in STATEN ISLAND.,Broken Streetlight,40.51388291853404,-74.2038807784659,STATEN ISLAND
Fixture/Luminaire Hanging. at 1830 WATERLOO PLACE in BRONX.,Broken Streetlight,40.840469389604,-73.8875049069946,BRONX
Failed Street Repair. at 214-16 110 AVENUE in QUEENS.,Pothole / Road Damage,40.70813050331176,-73.74304104617282,QUEENS
Controller. in BROOKLYN.,Broken Streetlight,40.68227044134334,-73.97395752244505,BROOKLYN
Entire Tree Has Fallen Down. at 1301 AVENUE S in BROOKLYN.,Fallen Tree / Vegetation,40.603295869003645,-73.95900001409144,BROOKLYN
Banging/Pounding. at 104-40 CORONA AVENUE in QUEENS.,Pollution,40.74389799732929,-73.8571336424811,QUEENS
Dead Branches in Tree. at 47-70 195 STREET in QUEENS.,Fallen Tree / Vegetation,40.75112911511752,-73.78551466751664,QUEENS
Sewer Backup (Use Comments) (SA). at 2224 EAST   66 STREET in BROOKLYN.,Drainage / Flooding,40.61514899498813,-73.90851614373835,BROOKLYN
Vehicle Idling Odor. at 640 8 AVENUE in MANHATTAN.,Pollution,40.75666417742652,-73.99019293432467,MANHATTAN
Hydrant Running (WC3). in BRONX.,Water Leakage / Sanitation,40.83328737731328,-73.91407759227502,BRONX
Sewer Backup (Use Comments) (SA). at 1024 ELDER AVENUE in BRONX.,Drainage / Flooding,40.82454061007636,-73.87821699344124,BRONX
Pothole. in QUEENS.,Pothole / Road Damage,40.75256715716645,-73.87724773707222,QUEENS
Possible Water Main Break (Use Comments) (WA1). in QUEENS.,Water Leakage / Sanitation,40.699970236738224,-73.7635067276373,QUEENS
Vehicle Idling Odor. at OLD TOWN ROAD in STATEN ISLAND.,Pollution,40.59702082755506,-74.09338189502466,STATEN ISLAND
Cave-in. at 85 AVENUE in QUEENS.,Pothole / Road Damage,40.70279438166465,-73.83213055212143,QUEENS
Plate Condition - Noisy. at DEKALB AVENUE in BROOKLYN.,Pothole / Road Damage,40.69044839957061,-73.95942961955427,BROOKLYN
Vehicle Idling Odor. at 640 8 AVENUE in MANHATTAN.,Pollution,40.75666417742652,-73.99019293432467,MANHATTAN
Removal Request. at EDGEWATER ROAD in BRONX.,Garbage / Waste,40.82254395696319,-73.88502772173827,BRONX
Loud Music/Party. at 1388 JESUP AVENUE in BRONX.,Pollution,40.84091437504712,-73.92097788675667,BRONX
Removal Request. at 162-04 84 STREET in QUEENS.,Garbage / Waste,40.65270914588512,-73.84697130763128,QUEENS
Blocking Street. at 82-90 BROADWAY in QUEENS.,Fallen Tree / Vegetation,40.741374625462896,-73.88039348823926,QUEENS
Vehicle Exhaust Smoke. at 5-19 BORDEN AVENUE in QUEENS.,Pollution,40.74162045582265,-73.95598823292852,QUEENS
Entire Tree Has Fallen Down. at 990 PELHAM PARKWAY SOUTH in BRONX.,Fallen Tree / Vegetation,40.85680366436851,-73.86035424677017,BRONX
Hydrant Running Full (WA4). at 8 NICHOLS AVENUE in BROOKLYN.,Water Leakage / Sanitation,40.6901817711554,-73.87001371339231,BROOKLYN
Branch Cracked and Will Fall. at 1502 8 AVENUE in BROOKLYN.,Fallen Tree / Vegetation,40.66204852171128,-73.9823204170758,BROOKLYN
Blocking Street. at 75-01 UTOPIA PARKWAY in QUEENS.,Fallen Tree / Vegetation,40.728240082376814,-73.79274659224868,QUEENS
APS. in QUEENS.,Broken Streetlight,40.753902194423326,-73.90121512412604,QUEENS
Street Light Out. at 101 LAWRENCE STREET in BROOKLYN.,Broken Streetlight,40.69321321732577,-73.98620672515582,BROOKLYN
Hydrant Leaking (WC1). at 60-20 60 ROAD in QUEENS.,Water Leakage / Sanitation,40.715857661390615,-73.9050952612935,QUEENS
Failed Street Repair. at SAINT THERESA AVENUE in BRONX.,Pothole / Road Damage,40.84947752039155,-73.8331049866323,BRONX
Controller. in BROOKLYN.,Broken Streetlight,40.598629446084686,-73.95825747725965,BROOKLYN
Blocking Street. at 158-16 100 STREET in QUEENS.,Fallen Tree / Vegetation,40.66133401356926,-73.83367303166837,QUEENS
Defective Hardware. at AVENUE H in BROOKLYN.,Pothole / Road Damage,40.63201542882692,-73.94175748519089,BROOKLYN
Cave-in. at 27 AVENUE in QUEENS.,Pothole / Road Damage,40.77390406680352,-73.78944170840929,QUEENS
Loud Music/Party. at 397 GREENE AVENUE in BROOKLYN.,Pollution,40.68794632861221,-73.95515826830517,BROOKLYN
Chimney/Vent Smoke. at 7 EAST 20 STREET in MANHATTAN.,Pollution,40.7394189334713,-73.99031816459461,MANHATTAN
Post. in BROOKLYN.,Broken Streetlight,40.6170037911252,-73.96910952299787,BROOKLYN
Removal Request. at 1000 CLOVE ROAD in STATEN ISLAND.,Garbage / Waste,40.62062246757604,-74.10988401532107,STATEN ISLAND
Hydrant Defective (WC2). at 3052 FLATBUSH AVENUE in BROOKLYN.,Water Leakage / Sanitation,40.58960181460327,-73.90030241505805,BROOKLYN
Catch Basin Clogged/Flooding (Use Comments) (SC). at 139 FLATBUSH AVENUE in BROOKLYN.,Drainage / Flooding,40.68443685749042,-73.97772453928852,BROOKLYN
Branch or Limb Has Fallen Down. at 2541 OLINVILLE AVENUE in BRONX.,Fallen Tree / Vegetation,40.86386429320643,-73.86842694196743,BRONX
Loud Music/Party. at 452 WEST 147 STREET in MANHATTAN.,Pollution,40.826101709196,-73.94566339279595,MANHATTAN
Hitting Building. at 1447 40 STREET in BROOKLYN.,Fallen Tree / Vegetation,40.638105971392406,-73.98360946654883,BROOKLYN
Leak (Use Comments) (WA2). at 1658 EAST    8 STREET in BROOKLYN.,Water Leakage / Sanitation,40.60847454043722,-73.96500775053086,BROOKLYN
Pedestrian Signal. in QUEENS.,Broken Streetlight,40.73888938191339,-73.86676119844235,QUEENS
Branch Cracked and Will Fall. at 821 KENT AVENUE in BROOKLYN.,Fallen Tree / Vegetation,40.69587488408122,-73.95964629747996,BROOKLYN
Branch or Limb Has Fallen Down. at 90-12 178 STREET in QUEENS.,Fallen Tree / Vegetation,40.70973006491805,-73.78416179840038,QUEENS
Loud Music/Party. at 340 WEST BROADWAY in MANHATTAN.,Pollution,40.72257197725354,-74.00362210417377,MANHATTAN
Hydrant Running Full (WA4). at 372 BLAKE AVENUE in BROOKLYN.,Water Leakage / Sanitation,40.6662544322803,-73.90542537145461,BROOKLYN
Cave-in. at DEKALB AVENUE in BROOKLYN.,Pothole / Road Damage,40.68978330664298,-73.96518864613134,BROOKLYN
Loud Music/Party. at 158 ROEBLING STREET in BROOKLYN.,Pollution,40.71410496572587,-73.95784247439096,BROOKLYN
Dead Branches in Tree. at 337 POMPEY AVENUE in STATEN ISLAND.,Fallen Tree / Vegetation,40.5474717032483,-74.17174673726848,STATEN ISLAND
Banging/Pounding. at 918 ATLANTIC AVENUE in BROOKLYN.,Pollution,40.68098314768348,-73.96382317885221,BROOKLYN
Vehicle Idling Odor. at 640 8 AVENUE in MANHATTAN.,Pollution,40.75666417742652,-73.99019293432467,MANHATTAN
Manhole Overflow (Use Comments) (SA1). in BROOKLYN.,Drainage / Flooding,40.60874677483663,-73.95827996342706,BROOKLYN
Removal Request. at HILLSIDE AVENUE in QUEENS.,Garbage / Waste,40.739021917142864,-73.70059684703173,QUEENS
Pothole. at 85 AVENUE in QUEENS.,Pothole / Road Damage,,,QUEENS
Controller. in BROOKLYN.,Broken Streetlight,40.63399731095844,-73.94777257477888,BROOKLYN
Branch Cracked and Will Fall. at 63 87 STREET in BROOKLYN.,Fallen Tree / Vegetation,40.62434119571426,-74.03811661295691,BROOKLYN
Street Light Out. at 53 GREAVES AVENUE in STATEN ISLAND.,Broken Streetlight,40.55396062151619,-74.14581049311397,STATEN ISLAND
Entire Tree Has Fallen Down. at 18 AVENUE in BROOKLYN.,Fallen Tree / Vegetation,40.62432182804097,-73.9849637376358,BROOKLYN
Dust from Construction. at 6208 8 AVENUE in BROOKLYN.,Pollution,40.6342447099447,-74.01087354751157,BROOKLYN
Street Light Out. at 217 JUSTIN AVENUE in STATEN ISLAND.,Broken Streetlight,40.55376583982031,-74.13211753487425,STATEN ISLAND
Blocking Street. at 2909 CLARENDON ROAD in BROOKLYN.,Fallen Tree / Vegetation,40.64321775121724,-73.94934003631363,BROOKLYN
Hydrant Running (WC3). at 2349 BASSFORD AVENUE in BRONX.,Water Leakage / Sanitation,40.85635391248625,-73.89130986878901,BRONX
Removal Request. at 218 EAST 36 STREET in MANHATTAN.,Garbage / Waste,40.74653674215238,-73.97609417430262,MANHATTAN
Loud Music/Party. at 2614 NEWKIRK AVENUE in BROOKLYN.,Pollution,40.63975498670418,-73.95203425303694,BROOKLYN
Removal Request. at 81 BERRY STREET in BROOKLYN.,Garbage / Waste,40.71981676878122,-73.95772342064123,BROOKLYN
Hydrant Knocked Over/Missing (WC). in BRONX.,Water Leakage / Sanitation,40.82843282838519,-73.88104640162443,BRONX
Pothole. at 2 AVENUE in BROOKLYN.,Pothole / Road Damage,,,BROOKLYN
Loud Music/Party. at 4455 BROADWAY in MANHATTAN.,Pollution,40.857175780096576,-73.9323999650772,MANHATTAN
Street Light Out. in BROOKLYN.,Broken Streetlight,40.640308789978846,-73.90983286014553,BROOKLYN
Branch or Limb Has Fallen Down. at 13 VANDAM STREET in BROOKLYN.,Fallen Tree / Vegetation,40.72533515945773,-73.93685587527109,BROOKLYN
Removal Request. at 261 7 AVENUE in MANHATTAN.,Garbage / Waste,40.74529298782225,-73.9947634805095,MANHATTAN
Hydrant Leaking (WC1). at 225 6 AVENUE in BROOKLYN.,Water Leakage / Sanitation,40.67470677293904,-73.97844520092033,BROOKLYN
Hitting Building. at 1661 WEST 1 STREET in BROOKLYN.,Fallen Tree / Vegetation,40.60735721629166,-73.97474665050733,BROOKLYN
Hydrant Running (WC3). at 140 WADSWORTH AVENUE in MANHATTAN.,Water Leakage / Sanitation,40.8493413369639,-73.9353393271728,MANHATTAN
Loud Music/Party. at 68 EAST 11 STREET in MANHATTAN.,Pollution,40.73278774713632,-73.99211602493045,MANHATTAN
Vehicle Signal. in BRONX.,Broken Streetlight,40.81626198547139,-73.91419711797285,BRONX
Street Light Out. at 16 RICHARD LANE in STATEN ISLAND.,Broken Streetlight,40.60875048859891,-74.15768194580762,STATEN ISLAND
Street Light Out. in STATEN ISLAND.,Broken Streetlight,40.542423157922414,-74.16095069289777,STATEN ISLAND
Pothole. at BEACH CHANNEL DRIVE in QUEENS.,Pothole / Road Damage,,,QUEENS
Branch Cracked and Will Fall. at 349 48 STREET in BROOKLYN.,Fallen Tree / Vegetation,40.648179835092,-74.01237133371055,BROOKLYN
Street Flooding (SJ). at 58-23 212 STREET in QUEENS.,Drainage / Flooding,40.747955921025536,-73.7656606178399,QUEENS
Branch or Limb Has Fallen Down. at 32-26 33 STREET in QUEENS.,Fallen Tree / Vegetation,40.76084729067516,-73.92410867751536,QUEENS
Loud Music/Party. at 153 2 AVENUE in MANHATTAN.,Pollution,40.72946339104745,-73.98705432886447,MANHATTAN
Banging/Pounding. at 211 WEST 107 STREET in MANHATTAN.,Pollution,40.80142620298141,-73.96593572552614,MANHATTAN
Hitting Building. at 42-15 212 STREET in QUEENS.,Fallen Tree / Vegetation,40.7620303321565,-73.77215570887422,QUEENS
Loud Music/Party. at 40-12 BELL BOULEVARD in QUEENS.,Pollution,40.76410632111882,-73.77125334303817,QUEENS
Restaurant Odor. at 680 COLUMBUS AVENUE in MANHATTAN.,Pollution,40.79099432453749,-73.96889156175487,MANHATTAN
Hydrant Running Full (WA4). at 1085 BEACH AVENUE in BRONX.,Water Leakage / Sanitation,40.827364319404005,-73.86533020042144,BRONX
Manhole Overflow (Use Comments) (SA1). in BROOKLYN.,Drainage / Flooding,40.60874677483663,-73.95827996342706,BROOKLYN
Entire Tree Has Fallen Down. at 91 TARGEE STREET in STATEN ISLAND.,Fallen Tree / Vegetation,40.62465475909973,-74.08355723441113,STATEN ISLAND
Sewer Backup (Use Comments) (SA). at 85-57 PARSONS BOULEVARD in QUEENS.,Drainage / Flooding,40.71063051695958,-73.80583356837576,QUEENS
Banging/Pounding. at 1631 AMSTERDAM AVENUE in MANHATTAN.,Pollution,40.82248321775647,-73.94960461640152,MANHATTAN
Street Light Out. in BRONX.,Broken Streetlight,40.86288959276485,-73.85014996395887,BRONX
Vehicle Idling Odor. at 2860 ROOSEVELT AVENUE in BRONX.,Pollution,40.82526151418417,-73.82248857639048,BRONX
Hitting Building. at 1182 ROGERS AVENUE in BROOKLYN.,Fallen Tree / Vegetation,40.64129457698438,-73.95147463797868,BROOKLYN
Removal Request. at 3213 CHURCH AVENUE in BROOKLYN.,Garbage / Waste,40.65091875599448,-73.94742417502155,BROOKLYN
Loud Talking. at 4615 3 AVENUE in BRONX.,Pollution,40.856446976510696,-73.8910385963576,BRONX
Vehicle Idling Odor. at 640 8 AVENUE in MANHATTAN.,Pollution,40.75666417742652,-73.99019293432467,MANHATTAN
Hitting Building. at 814 EAST 15 STREET in BROOKLYN.,Fallen Tree / Vegetation,40.62964425629465,-73.96226584188713,BROOKLYN
Street Light Out. in BROOKLYN.,Broken Streetlight,40.70251052876049,-73.95635307232418,BROOKLYN
Removal Request. at 737 PARK PLACE in BROOKLYN.,Garbage / Waste,40.67360693623254,-73.95340505198378,BROOKLYN
Unsafe Worksite. at 5268 KINGS HIGHWAY in BROOKLYN.,Pothole / Road Damage,40.63752076768744,-73.92618739032308,BROOKLYN
Removal Request. at 2732 BAINBRIDGE AVENUE in BRONX.,Garbage / Waste,40.86620411286977,-73.89074783348619,BRONX
Loud Music/Party. at 2725 ATLANTIC AVENUE in BROOKLYN.,Pollution,40.67606772793808,-73.89366944856839,BROOKLYN
Loud Music/Party. at 343 WEST 36 STREET in MANHATTAN.,Pollution,40.75402672730085,-73.99379548090039,MANHATTAN
Pedestrian Signal. in MANHATTAN.,Broken Streetlight,40.776221110771935,-73.97595353687147,MANHATTAN
Removal Request. at 131-01 109 AVENUE in QUEENS.,Garbage / Waste,40.68535094223868,-73.81232526737647,QUEENS
Sewer Backup (Use Comments) (SA). at 32 MAPLEWOOD PLACE in STATEN ISLAND.,Drainage / Flooding,40.57460840283896,-74.10424680432023,STATEN ISLAND
Hydrant Running (WC3). at 60-19 60 ROAD in QUEENS.,Water Leakage / Sanitation,40.71586867610336,-73.90513853336292,QUEENS
Controller. in QUEENS.,Broken Streetlight,40.72096620537131,-73.84289312884077,QUEENS
Manhole Cover Missing (Emergency) (SA3). at 92 EAST  172 STREET in BRONX.,Drainage / Flooding,40.84169486816391,-73.91467029385052,BRONX
Hitting Power Lines. at 2059 EAST 36 STREET in BROOKLYN.,Fallen Tree / Vegetation,40.608832032126365,-73.9303104460213,BROOKLYN
Street Light Out. at 14 GAYNOR STREET in STATEN ISLAND.,Broken Streetlight,40.52432496017974,-74.21984367096195,STATEN ISLAND
Hitting Building. at 511 10 STREET in BROOKLYN.,Fallen Tree / Vegetation,40.66674768375245,-73.98299324186313,BROOKLYN
Tree Leaning/Uprooted. at 1848 EAST 34 STREET in BROOKLYN.,Fallen Tree / Vegetation,40.6112340215953,-73.9355159354121,BROOKLYN
Possible Water Main Break (Use Comments) (WA1). at 1898 LONGFELLOW AVENUE in BRONX.,Water Leakage / Sanitation,40.83893541702122,-73.88232504389367,BRONX
LOW WATER PRESSURE - WLWP. at 211-42 94 AVENUE in QUEENS.,Water Leakage / Sanitation,40.717049137299554,-73.7484033169727,QUEENS
Vehicle Idling Odor. at 77-69 173 STREET in QUEENS.,Pollution,40.72462823774119,-73.79596876210161,QUEENS
Loud Music/Party. at 16 WEST MOUNT EDEN AVENUE in BRONX.,Pollution,40.84456081545205,-73.91530996138758,BRONX
Hitting Building. at 162-04 14 AVENUE in QUEENS.,Fallen Tree / Vegetation,40.788972216503055,-73.79995344096893,QUEENS
Branch or Limb Has Fallen Down. at 2571 FISH AVENUE in BRONX.,Fallen Tree / Vegetation,40.864425534979326,-73.84722528057402,BRONX
LOW WATER PRESSURE - WLWP. at 4499 MANHATTAN COLLEGE PARKWAY in BRONX.,Water Leakage / Sanitation,40.88988248389239,-73.90292993657356,BRONX
Clear Street Light. at RICHMOND AVENUE in STATEN ISLAND.,Fallen Tree / Vegetation,40.62104138554783,-74.15179258107868,STATEN ISLAND
Hitting Building. at 1223 SCHENECTADY AVENUE in BROOKLYN.,Fallen Tree / Vegetation,40.64295375306408,-73.93236115958041,BROOKLYN
Street Light Out. at 1159 BURKE AVENUE in BRONX.,Broken Streetlight,40.87119937140587,-73.85351195643823,BRONX
Cave-in. at EAST 222 STREET in BRONX.,Pothole / Road Damage,40.88569315009606,-73.86163891179699,BRONX
Vehicle Exhaust Smoke. at 30-19 CRESCENT STREET in QUEENS.,Pollution,40.7680173746134,-73.92535683455678,QUEENS
Street Light Out. at 67-34 ELIOT AVENUE in QUEENS.,Broken Streetlight,40.7183643797847,-73.89340716742653,QUEENS
Controller. in BROOKLYN.,Broken Streetlight,40.65488243188168,-73.9618803533782,BROOKLYN
Removal Request. at 154 NORMAN AVENUE in BROOKLYN.,Garbage / Waste,40.72658147066571,-73.94824119934731,BROOKLYN
Loud Music/Party. at UNION STREET in BROOKLYN.,Pollution,,,BROOKLYN
Vehicle Idling Odor. at 640 8 AVENUE in MANHATTAN.,Pollution,40.75666417742652,-73.99019293432467,MANHATTAN
Street Light Out. in BRONX.,Broken Streetlight,40.80458711430708,-73.91212436203266,BRONX
Sewer Backup (Use Comments) (SA). at 78 8 AVENUE in BROOKLYN.,Drainage / Flooding,40.67331404277188,-73.97308500245792,BROOKLYN
Hydrant Running (WC3). at 120 WEST  140 STREET in MANHATTAN.,Water Leakage / Sanitation,40.81757891619248,-73.93927203917372,MANHATTAN
Sewer Backup (Use Comments) (SA). at 80-50 208 STREET in QUEENS.,Drainage / Flooding,40.73172709946528,-73.7621095080786,QUEENS
Loud Music/Party. at 2719 ATLANTIC AVENUE in BROOKLYN.,Pollution,40.676043184780085,-73.8938425353388,BROOKLYN
Vehicle Idling Odor. at WEST 67 STREET in MANHATTAN.,Pollution,40.77303218808042,-73.97828340102534,MANHATTAN
Blocking Street. at 7013 11 AVENUE in BROOKLYN.,Fallen Tree / Vegetation,40.62566466080334,-74.00900969062401,BROOKLYN
Manhole Overflow (Use Comments) (SA1). at 1425 KINGS HIGHWAY in BROOKLYN.,Drainage / Flooding,40.608508194435615,-73.9588815646739,BROOKLYN
Hydrant Running (WC3). at 109 MADISON AVENUE in MANHATTAN.,Water Leakage / Sanitation,40.74495452467502,-73.98499064506423,MANHATTAN
Asbestos Disturbance. at FARRAGUT ROAD in BROOKLYN.,Pollution,40.63709769430224,-73.93463701901271,BROOKLYN
Hitting Building. at 1238 RALPH AVENUE in BROOKLYN.,Fallen Tree / Vegetation,40.645956909412966,-73.9200880881642,BROOKLYN
Hydrant Running Full (WA4). at EAST   87 STREET in MANHATTAN.,Water Leakage / Sanitation,,,MANHATTAN
Removal Request. at 11 BAY 22 STREET in BROOKLYN.,Garbage / Waste,40.60502965889303,-74.00017646477016,BROOKLYN
Other Air Problem. at 443 EAST 162 STREET in BRONX.,Pollution,40.82448390476625,-73.91252083075378,BRONX
Plate Condition - Noisy. at 99 GOLD STREET in BROOKLYN.,Pothole / Road Damage,40.70193014153072,-73.9828147585138,BROOKLYN
Manhole Overflow (Use Comments) (SA1). at 159-15 OAK AVENUE in QUEENS.,Drainage / Flooding,40.750141353153495,-73.80746163942236,QUEENS
Sewer Backup (Use Comments) (SA). at 308 DELANCEY STREET in MANHATTAN.,Drainage / Flooding,40.71551874704508,-73.97854022140996,MANHATTAN
Leak (Use Comments) (WA2). in BROOKLYN.,Water Leakage / Sanitation,40.60874677483663,-73.95827996342706,BROOKLYN
Vehicle Idling Odor. at 640 8 AVENUE in MANHATTAN.,Pollution,40.75666417742652,-73.99019293432467,MANHATTAN
Blocking Street. at 406 HINSDALE STREET in BROOKLYN.,Fallen Tree / Vegetation,40.66500278048282,-73.89893172529126,BROOKLYN
Chronic Dumping. at 1801 CROSS BRONX EXPRESSWAY in BRONX.,Garbage / Waste,40.83544092156094,-73.86674852983514,BRONX
Branch or Limb Has Fallen Down. at 412 THROOP AVENUE in BROOKLYN.,Fallen Tree / Vegetation,40.68992234147011,-73.94233433214778,BROOKLYN
Loud Music/Party. at 358 LEWIS AVENUE in BROOKLYN.,Pollution,40.6832734069064,-73.9351181686258,BROOKLYN
Street Light Out. at 2315 BRAGG STREET in BROOKLYN.,Broken Streetlight,40.59623907160921,-73.93529636135321,BROOKLYN
Removal Request. at 748 SWINTON AVENUE in BRONX.,Garbage / Waste,40.82571785402881,-73.8265667442175,BRONX
Manhole Overflow (Use Comments) (SA1). at 1656 EAST   15 STREET in BROOKLYN.,Drainage / Flooding,40.6092600905963,-73.95838768915253,BROOKLYN
No Water (WNW). at 653 BEACH   67 STREET in QUEENS.,Water Leakage / Sanitation,40.59844903337663,-73.79673603865724,QUEENS
Manhole Overflow (Use Comments) (SA1). in BROOKLYN.,Drainage / Flooding,40.60874677483663,-73.95827996342706,BROOKLYN
Loud Music/Party. at 2050 BATH AVENUE in BROOKLYN.,Pollution,40.60041291106082,-74.00006481931082,BROOKLYN
Removal Request. at 8 CLINTON PLACE in BRONX.,Garbage / Waste,40.856525549235776,-73.90543678111086,BRONX
Removal Request. at 667 9 AVENUE in MANHATTAN.,Garbage / Waste,40.76114363882891,-73.99066154392087,MANHATTAN
APS. in BROOKLYN.,Broken Streetlight,40.61983127649794,-74.02956260300977,BROOKLYN
Hydrant Running (WC3). at 336 WEST   11 STREET in MANHATTAN.,Water Leakage / Sanitation,40.73557367666572,-74.00781935391066,MANHATTAN
Sewer Backup (Use Comments) (SA). at 51-31 SIMONSON STREET in QUEENS.,Drainage / Flooding,40.73672056050047,-73.88139777283983,QUEENS
Sewer Backup (Use Comments) (SA). at 224 BEACH   28 STREET in QUEENS.,Drainage / Flooding,40.59565510718368,-73.76120797492507,QUEENS
Removal Request. at 720 LIVONIA AVENUE in BROOKLYN.,Garbage / Waste,40.665283200456805,-73.89043170650568,BROOKLYN
Loud Music/Party. at 340 WEST BROADWAY in MANHATTAN.,Pollution,40.72257197725354,-74.00362210417377,MANHATTAN
Tree Trunk Split. at 397 7 STREET in BROOKLYN.,Fallen Tree / Vegetation,40.66949252344818,-73.98342151348298,BROOKLYN
Dead Branches in Tree. at 1228 MACE AVENUE in BRONX.,Fallen Tree / Vegetation,40.862908064776725,-73.85170088243318,BRONX
Loud Music/Party. at 2157 1 AVENUE in MANHATTAN.,Pollution,40.79319381399591,-73.93747047491523,MANHATTAN
Catch Basin Clogged/Flooding (Use Comments) (SC). at 113-04 86 AVENUE in QUEENS.,Drainage / Flooding,40.69939313066167,-73.83560128505378,QUEENS
Loud Music/Party. at 341 WADSWORTH AVENUE in MANHATTAN.,Pollution,40.855571899703335,-73.93075682087185,MANHATTAN
Branch or Limb Has Fallen Down. at 691 PROSPECT PLACE in BROOKLYN.,Fallen Tree / Vegetation,40.674600837324085,-73.95413258356756,BROOKLYN
Removal Request. at 21 HARBOR ROAD in STATEN ISLAND.,Garbage / Waste,40.63645574225064,-74.16018305518259,STATEN ISLAND
Street Light Out. at JUNIPER VALLEY PARK in QUEENS.,Broken Streetlight,40.72035799944184,-73.88037709186514,QUEENS
Chronic Dumping. at 154 LEXINGTON AVENUE in MANHATTAN.,Garbage / Waste,40.74369420970451,-73.98170690524076,MANHATTAN
Controller. in BROOKLYN.,Broken Streetlight,40.69749008729389,-73.92007320207085,BROOKLYN
Traffic Sign or Signal Blocked. at 120-11 109 AVENUE in QUEENS.,Fallen Tree / Vegetation,40.68256526508143,-73.82111254112209,QUEENS
Defective Hardware. at 632 JAMAICA AVENUE in BROOKLYN.,Pothole / Road Damage,40.68603782087647,-73.88075956757707,BROOKLYN
Hitting Power Lines. at 43 AVENUE in QUEENS.,Fallen Tree / Vegetation,40.75889478255762,-73.80607188912936,QUEENS
Cave-in. at QUINCY STREET in BROOKLYN.,Pothole / Road Damage,40.6891288242211,-73.93178786341335,BROOKLYN
Pothole. in QUEENS.,Pothole / Road Damage,40.66632221623464,-73.8503392483744,QUEENS
Dust from Construction. at 148 WEST 124 STREET in MANHATTAN.,Pollution,40.80767719518998,-73.94736898433382,MANHATTAN
Loud Music/Party. at 1199 NOSTRAND AVENUE in BROOKLYN.,Pollution,40.658094914116,-73.9503451192844,BROOKLYN
Dead Branches in Tree. at 1912 TENBROECK AVENUE in BRONX.,Fallen Tree / Vegetation,40.85384383351617,-73.85075594121729,BRONX
Pothole. at TOWNSEND AVENUE in STATEN ISLAND.,Pothole / Road Damage,,,STATEN ISLAND
Branch or Limb Has Fallen Down. at 39-17 217 STREET in QUEENS.,Fallen Tree / Vegetation,40.76597633181685,-73.76620008832974,QUEENS
Removal Request. at 1406 TOWNSEND AVENUE in BRONX.,Garbage / Waste,40.84013727823245,-73.91659135255412,BRONX
Removal Request. at ASTORIA BOULEVARD in QUEENS.,Garbage / Waste,40.76074897156825,-73.86242548324492,QUEENS
Hitting Building. at 2202 EAST 28 STREET in BROOKLYN.,Fallen Tree / Vegetation,40.5977035552442,-73.94334661624833,BROOKLYN
Removal Request. at 70-89 PARK DRIVE EAST in QUEENS.,Garbage / Waste,40.72582196222997,-73.82957590952758,QUEENS
Loud Music/Party. at 213-10 41 AVENUE in QUEENS.,Pollution,40.76352258807342,-73.7717065858313,QUEENS
Branch or Limb Has Fallen Down. at 23 CATON PLACE in BROOKLYN.,Fallen Tree / Vegetation,40.64917120871122,-73.97415783476858,BROOKLYN
Possible Water Main Break (Use Comments) (WA1). at 237-31 FAIRBURY AVENUE in QUEENS.,Water Leakage / Sanitation,40.72473682632098,-73.73004302786931,QUEENS
Hitting Phone/Cable Lines. at 8009 12 AVENUE in BROOKLYN.,Fallen Tree / Vegetation,40.618673329396806,-74.0126972543236,BROOKLYN
Manhole Overflow (Use Comments) (SA1). at 114-60 226 STREET in QUEENS.,Drainage / Flooding,40.69959589088456,-73.73173166744407,QUEENS
Removal Request. at 875 WOODWARD AVENUE in QUEENS.,Garbage / Waste,40.70261965099787,-73.90181046515279,QUEENS
Removal Request. at EAST 175 STREET in BRONX.,Garbage / Waste,40.84638159953098,-73.90945594587606,BRONX
Loud Music/Party. at 1160 GERARD AVENUE in BRONX.,Pollution,40.83435721112315,-73.92090617270485,BRONX
Vehicle Idling Odor. at 640 8 AVENUE in MANHATTAN.,Pollution,40.75666417742652,-73.99019293432467,MANHATTAN
Removal Request. at 599 MORGAN AVENUE in BROOKLYN.,Garbage / Waste,40.72496061966952,-73.93963784678968,BROOKLYN
Restaurant Odor. at 558 WEST 181 STREET in MANHATTAN.,Pollution,40.84897766372195,-73.93293601807679,MANHATTAN
Catch Basin Clogged/Flooding (Use Comments) (SC). at 80 BRUCKNER BOULEVARD in BRONX.,Drainage / Flooding,40.806199762400574,-73.92597866184836,BRONX
Vehicle Signal. in BROOKLYN.,Broken Streetlight,40.68531591818159,-73.9147009390438,BROOKLYN
Pedestrian Signal. in BRONX.,Broken Streetlight,40.83441708690932,-73.9285383193984,BRONX
Controller. in MANHATTAN.,Broken Streetlight,40.70915516144616,-74.01054310709064,MANHATTAN
Branch or Limb Has Fallen Down. at 1584 EAST 96 STREET in BROOKLYN.,Fallen Tree / Vegetation,40.63451552789076,-73.89187655165928,BROOKLYN
Vehicle Idling Odor. at 640 8 AVENUE in MANHATTAN.,Pollution,40.75666417742652,-73.99019293432467,MANHATTAN
Street Light Out. at 142 CRESCENT AVENUE in STATEN ISLAND.,Broken Streetlight,40.642672349307446,-74.08619943620386,STATEN ISLAND
Controller. in MANHATTAN.,Broken Streetlight,40.74384585770754,-73.97156245486296,MANHATTAN
Defective Hardware. at 548 WINANT AVENUE in STATEN ISLAND.,Pothole / Road Damage,40.54949613485886,-74.21779267169654,STATEN ISLAND
Leak (Use Comments) (WA2). in QUEENS.,Water Leakage / Sanitation,40.71958186537548,-73.75832888227261,QUEENS
Street Light Out. in QUEENS.,Broken Streetlight,40.75834230059329,-73.73061070660725,QUEENS
Hitting Building. at LINNAEUS PARK in QUEENS.,Fallen Tree / Vegetation,40.7538885835442,-73.75056696259865,QUEENS
Post. in BROOKLYN.,Broken Streetlight,40.69881941619579,-73.95796033174723,BROOKLYN
Street Light Out. at 249 HAWTHORNE AVENUE in STATEN ISLAND.,Broken Streetlight,40.610598566642246,-74.14882630664796,STATEN ISLAND
Removal Request. at 337 OCEAN PARKWAY in BROOKLYN.,Garbage / Waste,40.64127435987737,-73.97369967347683,BROOKLYN
Loud Music/Party. at 335 BOWERY in MANHATTAN.,Pollution,40.72604661287483,-73.99190756646406,MANHATTAN
Loud Music/Party. at 109-05 209 STREET in QUEENS.,Pollution,40.70925807454871,-73.7490206595493,QUEENS
Branch Cracked and Will Fall. at 90-05 48 AVENUE in QUEENS.,Fallen Tree / Vegetation,40.741332826217295,-73.87464130684138,QUEENS
Vehicle Exhaust Smoke. at 529 WEST 138 STREET in MANHATTAN.,Pollution,40.82141388579087,-73.95220680970206,MANHATTAN
Removal Request. at ATLANTIC AVENUE in BROOKLYN.,Garbage / Waste,40.68109505913117,-73.87358638270489,BROOKLYN
Hydrant Running (WC3). at 225 6 AVENUE in BROOKLYN.,Water Leakage / Sanitation,40.67470677293904,-73.97844520092033,BROOKLYN
Sewer Backup (Use Comments) (SA). at 81-39 266 STREET in QUEENS.,Drainage / Flooding,40.74340202785829,-73.70464069687529,QUEENS
Hitting Building. at 45 LINDEN BOULEVARD in BROOKLYN.,Fallen Tree / Vegetation,40.65224316895134,-73.95752117771423,BROOKLYN
Vehicle Idling Odor. at 3129 SEDGWICK AVENUE in BRONX.,Pollution,40.87726172690035,-73.8989453737263,BRONX
Branch Cracked and Will Fall. at 676 EAST 31 STREET in BROOKLYN.,Fallen Tree / Vegetation,40.634757212664006,-73.94688926300343,BROOKLYN
Removal Request. at 106-07 GUY R BREWER BOULEVARD in QUEENS.,Garbage / Waste,40.69945126884896,-73.79334098965928,QUEENS
"Rough, Pitted or Cracked Roads. at 175-33 HORACE HARDING EXPRESSWAY in QUEENS.",Pothole / Road Damage,40.739248277459566,-73.79369388564936,QUEENS
Pothole. at HENWOOD PLACE in BRONX.,Pothole / Road Damage,,,BRONX
Sewer Backup (Use Comments) (SA). at 5218 AVENUE M in BROOKLYN.,Drainage / Flooding,40.62149037486125,-73.92492273048647,BROOKLYN
Pedestrian Signal. in QUEENS.,Broken Streetlight,40.78167705712316,-73.83869847365918,QUEENS
Street Light Out. at 898 LONGWOOD AVENUE in BRONX.,Broken Streetlight,40.818732014109216,-73.90027708686613,BRONX
Hydrant Running (WC3). at 60 EAST    4 STREET in MANHATTAN.,Water Leakage / Sanitation,40.726740948817984,-73.99074573860955,MANHATTAN
Hydrant Running Full (WA4). at 569 ACADEMY STREET in MANHATTAN.,Water Leakage / Sanitation,40.86326314171466,-73.92302651709883,MANHATTAN
Hydrant Running Full (WA4). at 946 54 STREET in BROOKLYN.,Water Leakage / Sanitation,40.63678961240328,-74.00260499491208,BROOKLYN
Loud Music/Party. at 1605 INWOOD AVENUE in BRONX.,Pollution,40.84557361166592,-73.91530867195758,BRONX
Entire Tree Has Fallen Down. at 9001 7 AVENUE in BROOKLYN.,Fallen Tree / Vegetation,40.61592434006546,-74.02224899591306,BROOKLYN
Sweet Odor From Unknown Source. at 75-25 153 STREET in QUEENS.,Pollution,40.725522844148855,-73.81366970477723,QUEENS
Dead Branches in Tree. at 1258 64 STREET in BROOKLYN.,Fallen Tree / Vegetation,40.62715816455805,-74.00185889819569,BROOKLYN
Banging/Pounding. at 88-28 161 STREET in QUEENS.,Pollution,40.707561323355904,-73.80069911139631,QUEENS
Branch Cracked and Will Fall. at 41-68 FORLEY STREET in QUEENS.,Fallen Tree / Vegetation,40.74599326129444,-73.87704331301542,QUEENS
Hydrant Running (WC3). at 763 OCEAN PARKWAY in BROOKLYN.,Water Leakage / Sanitation,40.62972377180972,-73.97150660606046,BROOKLYN
Hydrant Defective (WC2). at 152-02 CROSS BAY BOULEVARD in QUEENS.,Water Leakage / Sanitation,40.66812826046014,-73.84210919239013,QUEENS
Pothole. in STATEN ISLAND.,Pothole / Road Damage,40.56213053216591,-74.13340812775334,STATEN ISLAND
Removal Request. at 200 CORNELIA STREET in BROOKLYN.,Garbage / Waste,40.69246498189653,-73.91327461695576,BROOKLYN
Hydrant Running (WC3). at 225 6 AVENUE in BROOKLYN.,Water Leakage / Sanitation,40.67470677293904,-73.97844520092033,BROOKLYN
Pothole. at 45 AVENUE in QUEENS.,Pothole / Road Damage,,,QUEENS
Removal Request. at 25-29 49 STREET in QUEENS.,Garbage / Waste,40.76387161665168,-73.90508099384184,QUEENS
Removal Request. at 1 BAY 46 STREET in BROOKLYN.,Garbage / Waste,40.59230100389488,-73.98462888753605,BROOKLYN
Hydrant Running Full (WA4). at 757 BRYANT AVENUE in BRONX.,Water Leakage / Sanitation,40.815866916881,-73.88589908761975,BRONX
Street Flooding (SJ). at 2904 ELY AVENUE in BRONX.,Drainage / Flooding,40.869945971914,-73.83584853106716,BRONX
Hydrant Running Full (WA4). at 780 RIVERSIDE DRIVE in MANHATTAN.,Water Leakage / Sanitation,40.83420797158663,-73.94809965222906,MANHATTAN
Hydrant Leaking (WC1). at 1065 2 AVENUE in MANHATTAN.,Water Leakage / Sanitation,40.758797637476064,-73.96567597472988,MANHATTAN
Dust from Construction. at 267 ROSE AVENUE in STATEN ISLAND.,Pollution,40.57126094162299,-74.11451456464432,STATEN ISLAND
Loud Music/Party. at 1285 NOSTRAND AVENUE in BROOKLYN.,Pollution,40.65567664879958,-73.95008382310712,BROOKLYN
No Water (WNW). at 134-47 173 STREET in QUEENS.,Water Leakage / Sanitation,40.673613401707456,-73.76818940088788,QUEENS
Cave-in. at 97-07 24 AVENUE in QUEENS.,Pothole / Road Damage,40.76637943070819,-73.87283967871731,QUEENS
Hydrant Running Full (WA4). in BRONX.,Water Leakage / Sanitation,40.84549644428142,-73.88347725600698,BRONX
Vehicle Idling Odor. at 640 8 AVENUE in MANHATTAN.,Pollution,40.75666417742652,-73.99019293432467,MANHATTAN
Vehicle Idling Odor. at 421 UNION STREET in BROOKLYN.,Pollution,40.68062070385518,-73.99126771155471,BROOKLYN
Blocking Street. at 68-06 ELIOT AVENUE in QUEENS.,Fallen Tree / Vegetation,40.71888761127896,-73.89231326515602,QUEENS
Sewer Backup (Use Comments) (SA). at 2176 BATHGATE AVENUE in BRONX.,Drainage / Flooding,40.85240663204184,-73.89383216297317,BRONX
Removal Request. at 753 FULTON STREET in BROOKLYN.,Garbage / Waste,40.68638225270494,-73.97459773396147,BROOKLYN
Traffic Signal Light. in MANHATTAN.,Broken Streetlight,40.70694257111171,-74.01351838995673,MANHATTAN
Traffic Signal Light. in MANHATTAN.,Broken Streetlight,40.72970528910427,-74.00920776828471,MANHATTAN
Branch or Limb Has Fallen Down. at 90-03 214 STREET in QUEENS.,Fallen Tree / Vegetation,40.72266396028115,-73.74795641210765,QUEENS
Hydrant Running Full (WA4). at 86-24 102 STREET in QUEENS.,Water Leakage / Sanitation,40.69564666992125,-73.84562139667497,QUEENS
Street Light Out. at 1309 EAST  223 STREET in BRONX.,Broken Streetlight,40.88026067285629,-73.84385472442973,BRONX
Failed Street Repair. at 555 WEST 57 STREET in MANHATTAN.,Pothole / Road Damage,40.77000915334207,-73.99065669052722,MANHATTAN
Dead Branches in Tree. at 61-80 78 STREET in QUEENS.,Fallen Tree / Vegetation,40.72287153820526,-73.87974123393214,QUEENS
Vehicle Idling Odor. at 640 8 AVENUE in MANHATTAN.,Pollution,40.75666417742652,-73.99019293432467,MANHATTAN
Street Flooding (SJ). at 2224 MICKLE AVENUE in BRONX.,Drainage / Flooding,40.858392430717714,-73.84094895809301,BRONX
Branch or Limb Has Fallen Down. at 401 CLINTON AVENUE in BROOKLYN.,Fallen Tree / Vegetation,40.685858918128766,-73.96735050165319,BROOKLYN
Branch Cracked and Will Fall. at 37-50 WARREN STREET in QUEENS.,Fallen Tree / Vegetation,40.75088928909469,-73.87145804560043,QUEENS
Defective Hardware. at 30-43 88 STREET in QUEENS.,Pothole / Road Damage,40.76058807445801,-73.88058639972655,QUEENS
Pothole. in QUEENS.,Pothole / Road Damage,40.73573030416021,-73.893231442684,QUEENS
Hydrant Running Full (WA4). at 2955 DECATUR AVENUE in BRONX.,Water Leakage / Sanitation,40.86825042037346,-73.88386040756097,BRONX
Catch Basin Clogged/Flooding (Use Comments) (SC). in BROOKLYN.,Drainage / Flooding,40.639142564121535,-73.93966503269066,BROOKLYN
Controller. in QUEENS.,Broken Streetlight,40.72096620537131,-73.84289312884077,QUEENS
Possible Water Main Break (Use Comments) (WA1). at 95-31 REMINGTON STREET in QUEENS.,Water Leakage / Sanitation,40.69643397236754,-73.81209572474793,QUEENS
Branch or Limb Has Fallen Down. at 1418 EAST 29 STREET in BROOKLYN.,Fallen Tree / Vegetation,40.61659176492537,-73.94598161802071,BROOKLYN
Branch or Limb Has Fallen Down. at 1231 BAY RIDGE PARKWAY in BROOKLYN.,Fallen Tree / Vegetation,40.62115498425752,-74.00881816572674,BROOKLYN
Removal Request. at 2200 ARTHUR KILL ROAD in STATEN ISLAND.,Garbage / Waste,40.557263730015165,-74.20905861612692,STATEN ISLAND
Hitting Building. at 3633 RICHMOND ROAD in STATEN ISLAND.,Fallen Tree / Vegetation,40.57226448647664,-74.14245246399972,STATEN ISLAND
Clear Street Light. at 41 CHARLESTON AVENUE in STATEN ISLAND.,Fallen Tree / Vegetation,40.54944505633648,-74.2157702397924,STATEN ISLAND
Sewer Backup (Use Comments) (SA). at 86-27 239 STREET in QUEENS.,Drainage / Flooding,40.73183810255572,-73.72678853471066,QUEENS
Cave-in. at QUENTIN ROAD in BROOKLYN.,Pothole / Road Damage,,,BROOKLYN
Cave-in. at 553 EAST 80 STREET in BROOKLYN.,Pothole / Road Damage,40.639579155883055,-73.91779689200183,BROOKLYN
Street Light Out. at 5456 VALLES AVENUE in BRONX.,Broken Streetlight,40.90221694672289,-73.89955494990748,BRONX
Vehicle Idling Odor. at 9 PENNSYLVANIA PLAZA in MANHATTAN.,Pollution,40.75133411617699,-73.99352864858257,MANHATTAN
Manhole Cover Missing (Emergency) (SA3). at 51-19 SKILLMAN AVENUE in QUEENS.,Drainage / Flooding,40.74600964932057,-73.91311108196709,QUEENS
Cave-in. at 665 NEW JERSEY AVENUE in BROOKLYN.,Pothole / Road Damage,40.66285329075392,-73.89251546340098,BROOKLYN
Controller. in BRONX.,Broken Streetlight,40.81874416705544,-73.8662002870162,BRONX
Dirty Water (WE). at 65 SALAMANDER COURT in STATEN ISLAND.,Water Leakage / Sanitation,40.53860279845421,-74.22306745573974,STATEN ISLAND
Vehicle Signal. in QUEENS.,Broken Streetlight,40.74484926004516,-73.83567677904459,QUEENS
Removal Request. at 1994 CONEY ISLAND AVENUE in BROOKLYN.,Garbage / Waste,40.60863557123909,-73.96213005430654,BROOKLYN
Blocking Street. at 8821 AVENUE A in BROOKLYN.,Fallen Tree / Vegetation,40.65033986411197,-73.91941974491641,BROOKLYN
Ped Multiple Lamps. in BROOKLYN.,Broken Streetlight,40.68227044134334,-73.97395752244505,BROOKLYN
Street Light Out. at 5557 CLARADON LANE in STATEN ISLAND.,Broken Streetlight,,,STATEN ISLAND
Vehicle Idling Odor. at 123-10 26 AVENUE in QUEENS.,Pollution,40.77439871749109,-73.8452222010812,QUEENS
Loud Music/Party. at 18 SPRING STREET in MANHATTAN.,Pollution,40.72141089175726,-73.99497459839357,MANHATTAN
Removal Request. at 603 BUSHWICK AVENUE in BROOKLYN.,Garbage / Waste,40.69852295977906,-73.93442893614758,BROOKLYN
Removal Request. at 164-28 CROSSBAY BOULEVARD in QUEENS.,Garbage / Waste,40.65022059413759,-73.83766848537284,QUEENS
Line/Marking - Faded. at 40 AVENUE in QUEENS.,Pothole / Road Damage,40.7552333187458,-73.94123827336074,QUEENS
Culvert Blocked/Needs Cleaning (SE). in BROOKLYN.,Drainage / Flooding,40.60874677483663,-73.95827996342706,BROOKLYN
Hitting Building. at 101-43 113 STREET in QUEENS.,Fallen Tree / Vegetation,40.688184768396304,-73.83081154447706,QUEENS
Vehicle Idling Odor. at 640 8 AVENUE in MANHATTAN.,Pollution,40.75666417742652,-73.99019293432467,MANHATTAN
Car/Truck Music. at 875 EAST 43 STREET in BROOKLYN.,Pollution,40.63383174888852,-73.93525991270967,BROOKLYN
Street Light Out. at 159-25 71 AVENUE in QUEENS.,Broken Streetlight,40.73036290685425,-73.80927954129868,QUEENS
Clear Street Light. at 153-11 123 AVENUE in QUEENS.,Fallen Tree / Vegetation,40.67638836122252,-73.78810922780089,QUEENS
Loud Talking. at 662 WASHINGTON AVENUE in BROOKLYN.,Pollution,40.67831249819486,-73.96387149622204,BROOKLYN
Chronic Dumping. at 53-20 FLUSHING AVENUE in QUEENS.,Garbage / Waste,40.71455267203706,-73.91401422003322,QUEENS
Vehicle Idling Odor. at 212-14 15 AVENUE in QUEENS.,Pollution,40.78568580011119,-73.78129390968765,QUEENS
Possible Water Main Break (Use Comments) (WA1). at 305 8 AVENUE in BROOKLYN.,Water Leakage / Sanitation,40.66926071150516,-73.97628048209764,BROOKLYN
Branch or Limb Has Fallen Down. at EAST 194 STREET in BRONX.,Fallen Tree / Vegetation,40.85256343865454,-73.833704518229,BRONX
Loud Music/Party. at 1109 NOSTRAND AVENUE in BROOKLYN.,Pollution,40.66062846198153,-73.95061355769256,BROOKLYN
Catch Basin Search (SC2). in BRONX.,Drainage / Flooding,40.852308930996536,-73.89810490946371,BRONX
Street Light Out. in QUEENS.,Broken Streetlight,40.709428220409,-73.91044272211415,QUEENS
Tree Leaning/Uprooted. at 77-27 KEW FOREST LANE in QUEENS.,Fallen Tree / Vegetation,40.71503020790311,-73.83378072393783,QUEENS
Hydrant Running Full (WA4). at 119 WEST   24 STREET in MANHATTAN.,Water Leakage / Sanitation,40.74390954648988,-73.99310352794303,MANHATTAN
Vehicle Idling Odor. at 45 GRAMERCY PARK NORTH in MANHATTAN.,Pollution,40.73795266870101,-73.9850210903968,MANHATTAN
Branch or Limb Has Fallen Down. at 114-29 125 STREET in QUEENS.,Fallen Tree / Vegetation,40.67964869678577,-73.81488669859357,QUEENS
Branch or Limb Has Fallen Down. at 2043 NEREID AVENUE in BRONX.,Fallen Tree / Vegetation,40.89958699503708,-73.84457256970099,BRONX
Veh Signal Head. in BRONX.,Broken Streetlight,40.89999052767139,-73.85300357283974,BRONX
Hydrant Leaking (WC1). at 2897 BROADWAY in MANHATTAN.,Water Leakage / Sanitation,40.80599326201851,-73.96538433452824,MANHATTAN
Removal Request. at 4199 WEBSTER AVENUE in BRONX.,Garbage / Waste,40.89521953409441,-73.86358675644752,BRONX
Sewer Backup (Use Comments) (SA). at 112-14 CORONA AVENUE in QUEENS.,Drainage / Flooding,40.73963500636464,-73.84824757826601,QUEENS
Lamppost Damaged. at 762 EAST   21 STREET in MANHATTAN.,Broken Streetlight,,,MANHATTAN
Chronic Dumping. at 157-22 TUSKEGEE AIRMEN WAY in QUEENS.,Garbage / Waste,40.69822892520597,-73.79745603591982,QUEENS
Pothole. in BRONX.,Pothole / Road Damage,40.798577952177766,-73.91088261375903,BRONX
Hydrant Running Full (WA4). at 1409 FULTON AVENUE in BRONX.,Water Leakage / Sanitation,40.83484474936109,-73.90173096516601,BRONX
Removal Request. at 765 LEVERETT AVENUE in STATEN ISLAND.,Garbage / Waste,40.55435478822542,-74.17235460026065,STATEN ISLAND
Branch or Limb Has Fallen Down. at 57-22 159 STREET in QUEENS.,Fallen Tree / Vegetation,40.74189075868222,-73.8091960197207,QUEENS
Street Light Out. at 964 EAST  181 STREET in BRONX.,Broken Streetlight,40.84455646844591,-73.87955378106993,BRONX
Controller. in QUEENS.,Broken Streetlight,40.71638363444334,-73.89750105995591,QUEENS
Loud Music/Party. at 1368 FLATBUSH AVENUE in BROOKLYN.,Pollution,40.63700748291944,-73.9521010827831,BROOKLYN
Street Light Out. in STATEN ISLAND.,Broken Streetlight,40.59462953034522,-74.1589160699878,STATEN ISLAND
Hydrant Running Full (WA4). at 611 WEST  137 STREET in MANHATTAN.,Water Leakage / Sanitation,40.821612489031935,-73.95464185827556,MANHATTAN
Branch Cracked and Will Fall. at 480 EASTERN PARKWAY in BROOKLYN.,Fallen Tree / Vegetation,40.669961514725614,-73.95252802055411,BROOKLYN
Manhole Overflow (Use Comments) (SA1). in BROOKLYN.,Drainage / Flooding,40.60874677483663,-73.95827996342706,BROOKLYN
Blocking Street. at 297 CHESTERTON AVENUE in STATEN ISLAND.,Fallen Tree / Vegetation,40.55706982900021,-74.12545560212338,STATEN ISLAND
Hitting Building. at 89-12 WOODHAVEN BOULEVARD in QUEENS.,Fallen Tree / Vegetation,40.69085271454112,-73.85066281416191,QUEENS
Loud Music/Party. at 702 NEW DORP LANE in STATEN ISLAND.,Pollution,40.5659051445194,-74.10058001940575,STATEN ISLAND
Fixture/Luminaire Hanging. at 656 54 STREET in BROOKLYN.,Broken Streetlight,40.64153490282232,-74.01044594373656,BROOKLYN
Sewer Backup (Use Comments) (SA). at 109-35 153 STREET in QUEENS.,Drainage / Flooding,40.691038717260575,-73.79652589973597,QUEENS
Removal Request. at 1368 CONEY ISLAND AVENUE in BROOKLYN.,Garbage / Waste,40.62420222529821,-73.96507515439829,BROOKLYN
Loud Talking. at 795 COLUMBUS AVENUE in MANHATTAN.,Pollution,40.79455899221026,-73.96627150428745,MANHATTAN
Loud Music/Party. at 1 CENTRE STREET in MANHATTAN.,Pollution,40.71300098043798,-74.00418069316733,MANHATTAN
Tree Alive - in Poor Condition. at 323 MONROE STREET in BROOKLYN.,Fallen Tree / Vegetation,40.6860756587628,-73.94538086923184,BROOKLYN
Veh Signal Visor. in QUEENS.,Broken Streetlight,40.76769176659233,-73.9361839455586,QUEENS
Branch or Limb Has Fallen Down. at 70 REMSEN STREET in BROOKLYN.,Fallen Tree / Vegetation,40.69440244676221,-73.99565819632272,BROOKLYN
Hydrant Leaking (WC1). at 230 PENNYFIELD AVENUE in BRONX.,Water Leakage / Sanitation,40.81357432535374,-73.80701801976558,BRONX
Controller. in QUEENS.,Broken Streetlight,,,QUEENS
Sewer Backup (Use Comments) (SA). at 128-05 145 STREET in QUEENS.,Drainage / Flooding,40.67213896046355,-73.7938906572383,QUEENS
Hydrant Running Full (WA4). at 443 WEST  154 STREET in MANHATTAN.,Water Leakage / Sanitation,40.83049444833392,-73.94246906211508,MANHATTAN
Removal Request. at 3213 CHURCH AVENUE in BROOKLYN.,Garbage / Waste,40.65091875599448,-73.94742417502155,BROOKLYN
Street Light Out. in QUEENS.,Broken Streetlight,40.66955802223168,-73.85011569905376,QUEENS
Support Bracket. in QUEENS.,Broken Streetlight,40.74034045318261,-73.93634366254126,QUEENS
Street Light Out. at 55 PARK DRIVE in BRONX.,Broken Streetlight,40.88748181750658,-73.81074198391082,BRONX
Vehicle Idling Odor. at 18 EAST 12 STREET in MANHATTAN.,Pollution,40.73427275405301,-73.99365298800673,MANHATTAN
Hitting Power Lines. at 88-27 212 PLACE in QUEENS.,Fallen Tree / Vegetation,40.72474689565611,-73.75286236598903,QUEENS
Post. in QUEENS.,Broken Streetlight,40.74351090702305,-73.7174046351395,QUEENS
Hydrant Leaking (WC1). at 244 EAST    7 STREET in MANHATTAN.,Water Leakage / Sanitation,40.72378040226023,-73.97816596397911,MANHATTAN
Restaurant Odor. at 5722 7 AVENUE in BROOKLYN.,Pollution,40.63835646459978,-74.01017881526678,BROOKLYN
Sewer Backup (Use Comments) (SA). at 50-40 41 STREET in QUEENS.,Drainage / Flooding,40.73706715760949,-73.92467703186941,QUEENS
Cave-in. at 87-41 81 AVENUE in QUEENS.,Pothole / Road Damage,40.70362566724587,-73.86063905646427,QUEENS
Controller. in BRONX.,Broken Streetlight,40.8746385103204,-73.90973566879792,BRONX
Removal Request. at 16-19 150 STREET in QUEENS.,Garbage / Waste,40.78464215251928,-73.81373175588342,QUEENS
Hydrant Running Full (WA4). at 196 AVENUE B in MANHATTAN.,Water Leakage / Sanitation,40.72820509406274,-73.9789366216599,MANHATTAN
Hydrant Running (WC3). at 83-22 248 STREET in QUEENS.,Water Leakage / Sanitation,40.73623470943783,-73.71972324078894,QUEENS
Cave-in. at 18 STRONG PLACE in BROOKLYN.,Pothole / Road Damage,40.68582235263214,-73.99756616247468,BROOKLYN
Cave-in. at 68-12 EXETER STREET in QUEENS.,Pothole / Road Damage,40.719260660149445,-73.85247506093023,QUEENS
Pothole. at WEST   35 STREET in MANHATTAN.,Pothole / Road Damage,,,MANHATTAN
Street Light Out. in BROOKLYN.,Broken Streetlight,40.67685767158756,-73.92012316572202,BROOKLYN
Vehicle Signal. in BROOKLYN.,Broken Streetlight,40.69953105419444,-73.91103665226316,BROOKLYN
Removal Request. at 1109 IRVING AVENUE in QUEENS.,Garbage / Waste,40.69268204651833,-73.90323146263087,QUEENS
Hydrant Running Full (WA4). in MANHATTAN.,Water Leakage / Sanitation,40.77855182275575,-73.95124823993245,MANHATTAN
Sewer Backup (Use Comments) (SA). at 230-39 146 AVENUE in QUEENS.,Drainage / Flooding,40.65926902453884,-73.74979262598849,QUEENS
Sewer Backup (Use Comments) (SA). at 94-24 HOLLIS COURT BOULEVARD in QUEENS.,Drainage / Flooding,40.71606422155456,-73.74861265300875,QUEENS
Street Light Out. at 132-25 SANFORD AVENUE in QUEENS.,Broken Streetlight,40.75502198633252,-73.83233461130578,QUEENS
Pedestrian Signal. in QUEENS.,Broken Streetlight,40.71629945938814,-73.75588778746969,QUEENS
Loud Music/Party. at 12 PARK STREET in BROOKLYN.,Pollution,40.699398062262304,-73.93853578828099,BROOKLYN
Vehicle Signal. in BROOKLYN.,Broken Streetlight,40.664751349179134,-73.89404073362888,BROOKLYN
Pedestrian Signal. in MANHATTAN.,Broken Streetlight,40.8036997253151,-73.93581711311548,MANHATTAN
Loud Music/Party. at 19 MONROE STREET in MANHATTAN.,Pollution,40.71147214147519,-73.99564265615868,MANHATTAN
Removal Request. at 119 FULTON STREET in MANHATTAN.,Garbage / Waste,40.70993219017995,-74.00714905296479,MANHATTAN
Pothole. in QUEENS.,Pothole / Road Damage,,,QUEENS
Loud Music/Party. at 206 EAST 34 STREET in MANHATTAN.,Pollution,40.7455874026925,-73.97781236083736,MANHATTAN
Pothole. at 54 AVENUE in QUEENS.,Pothole / Road Damage,,,QUEENS
Veh Signal Lamp. in QUEENS.,Broken Streetlight,40.66862782487204,-73.78168495416405,QUEENS
Removal Request. at 37 STREET in BROOKLYN.,Garbage / Waste,40.64412044446325,-73.98905998133938,BROOKLYN
Removal Request. at 435 WEST 54 STREET in MANHATTAN.,Garbage / Waste,40.766468216404384,-73.98823484285667,MANHATTAN
Tree Alive - in Poor Condition. at 68 COLUMBIA HEIGHTS in BROOKLYN.,Fallen Tree / Vegetation,40.700792244875615,-73.99516008388309,BROOKLYN
Sewer Backup (Use Comments) (SA). at 657 DE KALB AVENUE in BROOKLYN.,Drainage / Flooding,40.691559002442304,-73.94985502459039,BROOKLYN
Street Light Out. at 920 CO OP CITY BOULEVARD in BRONX.,Broken Streetlight,40.87847139904435,-73.83042858672671,BRONX
Removal Request. at 688 ARDEN AVENUE in STATEN ISLAND.,Garbage / Waste,40.54613658940385,-74.17966284515617,STATEN ISLAND
Controller. in BRONX.,Broken Streetlight,40.874956676457984,-73.88760566015448,BRONX
Veh Sgnl Mult Lamps. in QUEENS.,Broken Streetlight,40.67249447275089,-73.7415777312996,QUEENS
Cable. in MANHATTAN.,Broken Streetlight,40.70694257111171,-74.01351838995673,MANHATTAN
Pothole. in QUEENS.,Pothole / Road Damage,,,QUEENS
Blocking Street. at 46-19 188 STREET in QUEENS.,Fallen Tree / Vegetation,40.75220049186911,-73.79200432804588,QUEENS
Loud Music/Party. at 726 UTICA AVENUE in BROOKLYN.,Pollution,40.65565294741385,-73.93081295630736,BROOKLYN
Street Light Out. in STATEN ISLAND.,Broken Streetlight,40.614542705893335,-74.13327875421139,STATEN ISLAND
Street Light Out. in QUEENS.,Broken Streetlight,40.73361933176933,-73.84475403305575,QUEENS
Tree Leaning/Uprooted. at 2766 BAINBRIDGE AVENUE in BRONX.,Fallen Tree / Vegetation,40.867333863545056,-73.88962877867789,BRONX
Branch Cracked and Will Fall. at 38-11 204 STREET in QUEENS.,Fallen Tree / Vegetation,40.76344369825109,-73.7819914586494,QUEENS
Restaurant Odor. at 3533 BROADWAY in MANHATTAN.,Pollution,40.826205494529766,-73.95062435913916,MANHATTAN
Blocking Street. at 2488 EAST 21 STREET in BROOKLYN.,Fallen Tree / Vegetation,40.59171701172141,-73.94891102866929,BROOKLYN
Hitting Building. at 1159 52 STREET in BROOKLYN.,Fallen Tree / Vegetation,40.63525801198084,-73.99701675479521,BROOKLYN
Hitting Building. at 59-12 MADISON STREET in QUEENS.,Fallen Tree / Vegetation,40.705951907150165,-73.90193900761932,QUEENS
Vehicle Idling Odor. at 155 STREET in QUEENS.,Pollution,,,QUEENS
Controller. in BROOKLYN.,Broken Streetlight,40.664751349179134,-73.89404073362888,BROOKLYN
Street Light Out. at 8914 AVENUE B in BROOKLYN.,Broken Streetlight,40.64914408113971,-73.91688778480275,BROOKLYN
Hydrant Running Full (WA4). at 58-07 39 AVENUE in QUEENS.,Water Leakage / Sanitation,40.74780928402172,-73.90499199907555,QUEENS
Entire Tree Has Fallen Down. at 82-09 GRENFELL STREET in QUEENS.,Fallen Tree / Vegetation,40.71006004265882,-73.83230703253149,QUEENS
Loud Music/Party. at 1981 HUGHES AVENUE in BRONX.,Pollution,40.84675337560064,-73.89178097149815,BRONX
Hitting Building. at 135-16 96 STREET in QUEENS.,Fallen Tree / Vegetation,40.6737941160882,-73.84057445187031,QUEENS
Hydrant Running Full (WA4). at 249 COVERT STREET in BROOKLYN.,Water Leakage / Sanitation,40.691422796001085,-73.90729363515584,BROOKLYN
Hitting Power Lines. at 193-04 120 AVENUE in QUEENS.,Fallen Tree / Vegetation,40.68836586011756,-73.75588187719399,QUEENS
Dead Branches in Tree. at 758 HALSEY STREET in BROOKLYN.,Fallen Tree / Vegetation,40.68477072234854,-73.92397892214655,BROOKLYN
Hitting Building. at 79 RENWICK AVENUE in STATEN ISLAND.,Fallen Tree / Vegetation,40.61257522629631,-74.10643831881042,STATEN ISLAND
Blocking Street. at 73 JEFFERSON AVENUE in BROOKLYN.,Fallen Tree / Vegetation,40.682769452813226,-73.95455602197976,BROOKLYN
Ped Lamp. in BROOKLYN.,Broken Streetlight,40.65488243188168,-73.9618803533782,BROOKLYN
Loud Music/Party. at 166 9 AVENUE in MANHATTAN.,Pollution,40.74472216946469,-74.00260560625573,MANHATTAN
Hydrant Running Full (WA4). in MANHATTAN.,Water Leakage / Sanitation,40.728106294050185,-73.97899798843295,MANHATTAN
Dust from Construction. at 120 CHAUNCEY STREET in BROOKLYN.,Pollution,40.68039353078744,-73.92942084455248,BROOKLYN
Street Light Out. in STATEN ISLAND.,Broken Streetlight,40.61590057821079,-74.06852631296597,STATEN ISLAND
Vehicle Idling Odor. at 3 AVENUE in MANHATTAN.,Pollution,40.77686823948234,-73.95540890168907,MANHATTAN
Traffic Signal Light. in MANHATTAN.,Broken Streetlight,,,MANHATTAN
Sewer Backup (Use Comments) (SA). at 72-21 48 AVENUE in QUEENS.,Drainage / Flooding,40.73827340178404,-73.89184891047539,QUEENS
Loud Music/Party. at 169 THOMPSON STREET in MANHATTAN.,Pollution,40.72765532411292,-74.00033553922681,MANHATTAN
Pothole. at 37 DRIVE in QUEENS.,Pothole / Road Damage,,,QUEENS
Hydrant Leaking (WC1). in MANHATTAN.,Water Leakage / Sanitation,40.81977057423681,-73.93671930087815,MANHATTAN
Hydrant Leaking (WC1). at 1104 EAST   18 STREET in BROOKLYN.,Water Leakage / Sanitation,40.6238897862279,-73.95824528158956,BROOKLYN
Base Door. in BROOKLYN.,Broken Streetlight,40.599314108289086,-73.98574718826396,BROOKLYN
Vehicle Idling Odor. at 640 8 AVENUE in MANHATTAN.,Pollution,40.75666417742652,-73.99019293432467,MANHATTAN
Hydrant Running Full (WA4). at 24 THAYER STREET in MANHATTAN.,Water Leakage / Sanitation,40.86213716827355,-73.92623815859943,MANHATTAN
Street Light Out. in MANHATTAN.,Broken Streetlight,40.7623963774659,-73.9786009241232,MANHATTAN
Banging/Pounding. at 1330 PAERDEGAT AVENUE NORTH in BROOKLYN.,Pollution,40.62814803958371,-73.90477326655159,BROOKLYN
Street Flooding (SJ). at 230 NAPLES TERRACE in BRONX.,Drainage / Flooding,40.87983061581952,-73.9052481373478,BRONX
Cave-in. at 180 LUDLOW STREET in MANHATTAN.,Pothole / Road Damage,40.72181105404858,-73.98746708538718,MANHATTAN
Catch Basin Clogged/Flooding (Use Comments) (SC). at 363 WEST   19 STREET in MANHATTAN.,Drainage / Flooding,40.74355291883989,-74.00195597480007,MANHATTAN
APS. in BRONX.,Broken Streetlight,,,BRONX
Catch Basin Clogged/Flooding (Use Comments) (SC). at 90-37 213 STREET in QUEENS.,Drainage / Flooding,40.72203088639238,-73.74839894071759,QUEENS
Vehicle Idling Odor. at 640 8 AVENUE in MANHATTAN.,Pollution,40.75666417742652,-73.99019293432467,MANHATTAN
Sewer Backup (Use Comments) (SA). at 105-07 80 STREET in QUEENS.,Drainage / Flooding,40.679204630884456,-73.8577481388346,QUEENS
Removal Request. at 1042 PUTNAM AVENUE in BROOKLYN.,Garbage / Waste,40.68744436716159,-73.9202727437088,BROOKLYN
Removal Request. at 6108 3 AVENUE in BROOKLYN.,Garbage / Waste,40.64123699921282,-74.02112961057118,BROOKLYN
Catch Basin Clogged/Flooding (Use Comments) (SC). at 144-49 COOLIDGE AVENUE in QUEENS.,Drainage / Flooding,40.71496012956585,-73.81483913055519,QUEENS
Branch Cracked and Will Fall. at 2053 71 STREET in BROOKLYN.,Fallen Tree / Vegetation,40.61243451475076,-73.98824398159675,BROOKLYN
Failed Street Repair. at 168-11 144 AVENUE in QUEENS.,Pothole / Road Damage,40.66909937692516,-73.77150708029906,QUEENS
Removal Request. at 5836 PRESTON COURT in BROOKLYN.,Garbage / Waste,40.63934353732372,-73.92236961163766,BROOKLYN
Hitting Power Lines. at 281 MYRTLE AVENUE in STATEN ISLAND.,Fallen Tree / Vegetation,40.62871647346666,-74.1211951052104,STATEN ISLAND
Sewer Backup (Use Comments) (SA). at 233 BEACH  137 STREET in QUEENS.,Drainage / Flooding,40.57396549619388,-73.85473977949428,QUEENS
Loud Music/Party. at 190 ALLEN STREET in MANHATTAN.,Pollution,40.722247617621264,-73.9888992427031,MANHATTAN
Leak (Use Comments) (WA2). at 125 95 STREET in BROOKLYN.,Water Leakage / Sanitation,40.61677945321045,-74.03763323487453,BROOKLYN
Controller. in STATEN ISLAND.,Broken Streetlight,40.543335225468695,-74.16427024861207,STATEN ISLAND
Cave-in. at HENRY STREET in BROOKLYN.,Pothole / Road Damage,40.67975367692947,-74.00151424998282,BROOKLYN
Vehicle Idling Odor. at 183 TERRACE STREET in BRONX.,Pollution,40.85762469670729,-73.78996111690373,BRONX
Street Light Out. at 183-52 BABYLON AVENUE in QUEENS.,Broken Streetlight,40.70400196954108,-73.77287700914215,QUEENS
Branch Cracked and Will Fall. at 803 WILLOUGHBY AVENUE in BROOKLYN.,Fallen Tree / Vegetation,40.69535930489831,-73.93632169737559,BROOKLYN
Tree Leaning/Uprooted. at 60 DOROTHEA PLACE in STATEN ISLAND.,Fallen Tree / Vegetation,40.57418448518583,-74.12474621698463,STATEN ISLAND
Hydrant Running (WC3). at 225 6 AVENUE in BROOKLYN.,Water Leakage / Sanitation,40.67470677293904,-73.97844520092033,BROOKLYN
Hitting Power Lines. at 132 WOODVALE AVENUE in STATEN ISLAND.,Fallen Tree / Vegetation,40.521335740475344,-74.2096296512574,STATEN ISLAND
Hydrant Running Full (WA4). at 2566 7 AVENUE in MANHATTAN.,Water Leakage / Sanitation,40.82380848577038,-73.93751035676956,MANHATTAN
Branch Cracked and Will Fall. at 1274 BEDFORD AVENUE in BROOKLYN.,Fallen Tree / Vegetation,40.68014219454432,-73.953281508284,BROOKLYN
Banging/Pounding. at 219-47 JAMAICA AVENUE in QUEENS.,Pollution,40.718660321116815,-73.73494855893776,QUEENS
Pothole. in BROOKLYN.,Pothole / Road Damage,40.67327222768557,-73.94739573863856,BROOKLYN
Hydrant Running (WC3). at 2400 WEBB AVENUE in BRONX.,Water Leakage / Sanitation,40.863663393236685,-73.90743675463662,BRONX
Removal Request. at 59 STREET in QUEENS.,Garbage / Waste,40.737221282584464,-73.90652265340628,QUEENS
Sewer Backup (Use Comments) (SA). at 99-08 37 AVENUE in QUEENS.,Drainage / Flooding,40.752304423688486,-73.86800844517306,QUEENS
Removal Request. at 342 EAST 39 STREET in MANHATTAN.,Garbage / Waste,40.74732086623178,-73.9721997669721,MANHATTAN
Veh Signal Lamp. in BROOKLYN.,Broken Streetlight,40.65153142529534,-73.96302107904071,BROOKLYN
Blocked - Construction. at 166-08 81 AVENUE in QUEENS.,Pothole / Road Damage,40.721192732621496,-73.80121391930706,QUEENS
Controller. in QUEENS.,Broken Streetlight,40.68511003410028,-73.79810523961973,QUEENS
Tree Alive - in Poor Condition. at 525 WEST 50 STREET in MANHATTAN.,Fallen Tree / Vegetation,40.76523347545475,-73.9930760500121,MANHATTAN
Cave-in. at 56-04 208 STREET in QUEENS.,Pothole / Road Damage,40.74887093330478,-73.77024818750552,QUEENS
Cave-in. at 535 WEST 51 STREET in MANHATTAN.,Pothole / Road Damage,40.76594160283005,-73.99281605475673,MANHATTAN
Chronic Dumping. at 831 DUMONT AVENUE in BROOKLYN.,Garbage / Waste,40.66728983975951,-73.88779698923851,BROOKLYN
Pothole. at 30 AVENUE in QUEENS.,Pothole / Road Damage,40.74695467009236,-73.9037914221772,QUEENS
Dead Branches in Tree. at 2809 AVENUE N in BROOKLYN.,Fallen Tree / Vegetation,40.61703131466752,-73.94680251148026,BROOKLYN
Hydrant Running Full (WA4). at 2775 EAST   12 STREET in BROOKLYN.,Water Leakage / Sanitation,40.58351622059898,-73.95728767934483,BROOKLYN
Loud Music/Party. at 12 PARK STREET in BROOKLYN.,Pollution,40.699398062262304,-73.93853578828099,BROOKLYN
Tree Leaning/Uprooted. at 716 OCEAN PARKWAY in BROOKLYN.,Fallen Tree / Vegetation,40.63105780663573,-73.97177984371524,BROOKLYN
Vehicle Idling Odor. at 640 8 AVENUE in MANHATTAN.,Pollution,40.75666417742652,-73.99019293432467,MANHATTAN
Branch or Limb Has Fallen Down. at 93-15 215 STREET in QUEENS.,Fallen Tree / Vegetation,40.719629931868646,-73.74251690893252,QUEENS
Street Light Out. at 452 CRESCENT STREET in BROOKLYN.,Broken Streetlight,40.6770457419934,-73.8704250746627,BROOKLYN
Hitting Power Lines. at 211-30 34 AVENUE in QUEENS.,Fallen Tree / Vegetation,40.76989144095657,-73.7764322307657,QUEENS
"Rough, Pitted or Cracked Roads. at 210 DAHILL ROAD in BROOKLYN.",Pothole / Road Damage,40.64203599680189,-73.98036551389636,BROOKLYN
Loud Music/Party. at 2205 EAST TREMONT AVENUE in BRONX.,Pollution,40.84204960499701,-73.85708910648162,BRONX
Controller. in BROOKLYN.,Broken Streetlight,40.60460969195782,-73.9982533698945,BROOKLYN
Line/Marking - Faded. at 467 HAMILTON AVENUE in BROOKLYN.,Pothole / Road Damage,40.66913959990576,-73.99689628152196,BROOKLYN
Vehicle Idling Odor. at 640 8 AVENUE in MANHATTAN.,Pollution,40.75666417742652,-73.99019293432467,MANHATTAN
Sweet Odor From Unknown Source. at 9 SEAMAN AVENUE in MANHATTAN.,Pollution,40.86651033722923,-73.92760357607516,MANHATTAN
Vehicle Signal. in BROOKLYN.,Broken Streetlight,40.692051682125,-73.98253964091832,BROOKLYN
Sewer Backup (Use Comments) (SA). at 71-67 58 ROAD in QUEENS.,Drainage / Flooding,40.72557386367005,-73.88943422899918,QUEENS
Entire Tree Has Fallen Down. at PURROY PLACE in STATEN ISLAND.,Fallen Tree / Vegetation,40.62497318867416,-74.08351080186462,STATEN ISLAND
Branch or Limb Has Fallen Down. at 72 88 STREET in BROOKLYN.,Fallen Tree / Vegetation,40.62357814038957,-74.03812698415989,BROOKLYN
Hydrant Leaking (WC1). in BROOKLYN.,Water Leakage / Sanitation,40.67417161211275,-73.97882390470171,BROOKLYN
Controller. in BRONX.,Broken Streetlight,40.874704503663416,-73.85802776597806,BRONX
Branch or Limb Has Fallen Down. at 3377 AGAR PLACE in BRONX.,Fallen Tree / Vegetation,40.83914821148239,-73.81622459620628,BRONX
Removal Request. at VETERANS ROAD EAST in STATEN ISLAND.,Garbage / Waste,40.54695113746312,-74.22095439361019,STATEN ISLAND
Loud Music/Party. at 162 THROOP AVENUE in BROOKLYN.,Pollution,40.69959035300927,-73.94423377144169,BROOKLYN
Hydrant Leaking (WC1). at 1600 EAST   26 STREET in BROOKLYN.,Water Leakage / Sanitation,40.6118716169304,-73.94792674927002,BROOKLYN
Pothole. at QUINCY STREET in BROOKLYN.,Pothole / Road Damage,,,BROOKLYN
Removal Request. at 106-10 DUNKIRK STREET in QUEENS.,Garbage / Waste,40.70315577859612,-73.77386450338388,QUEENS
Street Flooding (SJ). at 2406 AMSTERDAM AVENUE in MANHATTAN.,Drainage / Flooding,40.84706660717321,-73.93167289552211,MANHATTAN
Street Light Out. in BROOKLYN.,Broken Streetlight,40.70194486606545,-73.95572229507718,BROOKLYN
Lamppost Leaning. in QUEENS.,Broken Streetlight,40.73819755815936,-73.93772777316423,QUEENS
Pedestrian Signal. in BROOKLYN.,Broken Streetlight,40.57526083633724,-73.9688912469212,BROOKLYN
Defective Hardware. at 308 EAST 38 STREET in MANHATTAN.,Pothole / Road Damage,40.74703570616549,-73.97344499042592,MANHATTAN
Pothole. at 67 AVENUE in QUEENS.,Pothole / Road Damage,,,QUEENS
Sewer Backup (Use Comments) (SA). at 87-17 188 STREET in QUEENS.,Drainage / Flooding,40.717356029736486,-73.77465324124287,QUEENS
Lamppost Knocked Down. at HUTCH RVR PKWY in BRONX.,Broken Streetlight,40.86847283124185,-73.82157056407065,BRONX
Sewer Backup (Use Comments) (SA). at 46-34 66 STREET in QUEENS.,Drainage / Flooding,40.73945451632583,-73.89884765823807,QUEENS
Loud Music/Party. at 236 EAST GUNHILL ROAD in BRONX.,Pollution,40.880110829880586,-73.87649151982836,BRONX
Hitting Building. at 935 METROPOLITAN AVENUE in BROOKLYN.,Fallen Tree / Vegetation,40.71457082475664,-73.93798431774631,BROOKLYN
Vehicle Idling Odor. at 640 8 AVENUE in MANHATTAN.,Pollution,40.75666417742652,-73.99019293432467,MANHATTAN
Controller. in BROOKLYN.,Broken Streetlight,40.65474155594367,-73.94039695439731,BROOKLYN
Pedestrian Signal. in BROOKLYN.,Broken Streetlight,40.62432182804097,-73.9849637376358,BROOKLYN
Removal Request. at 46-02 37 AVENUE in QUEENS.,Garbage / Waste,40.7508514086885,-73.91685834171955,QUEENS
Street Light Out. in QUEENS.,Broken Streetlight,40.70283768878576,-73.86981952564145,QUEENS
Blocked - Construction. at 185 EAST 109 STREET in MANHATTAN.,Pothole / Road Damage,40.79366360816535,-73.94365657910667,MANHATTAN
Dust. at 604 FLATBUSH AVENUE in BROOKLYN.,Pollution,40.65889210398099,-73.96053728858053,BROOKLYN
Hitting Power Lines. at 72 EAST 56 STREET in BROOKLYN.,Fallen Tree / Vegetation,40.65530892035797,-73.92495314851831,BROOKLYN
Street Light Out. at 2215 PEARSALL AVENUE in BRONX.,Broken Streetlight,40.85881906310099,-73.85217272903748,BRONX
Branch or Limb Has Fallen Down. at 66 BAINBRIDGE STREET in BROOKLYN.,Fallen Tree / Vegetation,40.68052296008592,-73.93479275323519,BROOKLYN
Hitting Building. at 45-38 217 STREET in QUEENS.,Fallen Tree / Vegetation,40.76016783327273,-73.76455639484543,QUEENS
Tree Leaning/Uprooted. at 1117 71 STREET in BROOKLYN.,Fallen Tree / Vegetation,40.62489613016581,-74.00887269591541,BROOKLYN
Chronic Dumping. at 1450 COLLEGE AVENUE in BRONX.,Garbage / Waste,40.8388887868002,-73.90976610421663,BRONX
Branch or Limb Has Fallen Down. at 231-14 125 AVENUE in QUEENS.,Fallen Tree / Vegetation,40.68462203597478,-73.7336343884525,QUEENS
Sewer Backup (Use Comments) (SA). at 3623 CLARENDON ROAD in BROOKLYN.,Drainage / Flooding,40.64363184292073,-73.9427022480751,BROOKLYN
Loud Music/Party. at 2420 AMSTERDAM AVENUE in MANHATTAN.,Pollution,40.84755220737575,-73.93131456588488,MANHATTAN
Pothole. in BROOKLYN.,Pothole / Road Damage,40.72582723694437,-73.93334497029383,BROOKLYN
Removal Request. at 22-03 35 STREET in QUEENS.,Garbage / Waste,40.77479608266742,-73.90897198853531,QUEENS
Pothole. at WALLABOUT STREET in BROOKLYN.,Pothole / Road Damage,,,BROOKLYN
Banging/Pounding. at 32 BRONX SHORE ROAD in MANHATTAN.,Pollution,40.799945575803086,-73.92337784761392,MANHATTAN
Hydrant Running (WC3). at 2647 FREDERICK DOUGLASS BOULEVARD in MANHATTAN.,Water Leakage / Sanitation,40.82043292062287,-73.94368810873968,MANHATTAN
Sewer Backup (Use Comments) (SA). at 451 WASHINGTON STREET in MANHATTAN.,Drainage / Flooding,40.723916508436496,-74.01026043039673,MANHATTAN
Hydrant Leaking (WC1). at 315 8 AVENUE in BROOKLYN.,Water Leakage / Sanitation,40.66921954728183,-73.9763165446147,BROOKLYN
Hitting Building. at 2451 EAST 72 STREET in BROOKLYN.,Fallen Tree / Vegetation,40.61480207059235,-73.9006033521122,BROOKLYN
Street Light Out. in MANHATTAN.,Broken Streetlight,40.85382125851575,-73.93635434371556,MANHATTAN
Controller. in BROOKLYN.,Broken Streetlight,40.68531591818159,-73.9147009390438,BROOKLYN
Veh Signal Lamp. in BRONX.,Broken Streetlight,40.821005274562864,-73.89786380105497,BRONX
Vehicle Idling Odor. at 640 8 AVENUE in MANHATTAN.,Pollution,40.75666417742652,-73.99019293432467,MANHATTAN
Plate Condition - Noisy. at 554 19 STREET in BROOKLYN.,Pothole / Road Damage,40.65541959524658,-73.9805706093575,BROOKLYN
Loud Music/Party. at 50-09 108 STREET in QUEENS.,Pollution,40.744469650561605,-73.85553008096146,QUEENS
Controller. in BROOKLYN.,Broken Streetlight,40.6877507299809,-73.96978348340689,BROOKLYN
Vehicle Idling Odor. at 640 8 AVENUE in MANHATTAN.,Pollution,40.75666417742652,-73.99019293432467,MANHATTAN
Dust from Construction. at 42 TROUTMAN STREET in BROOKLYN.,Pollution,40.69830481281375,-73.93216796213004,BROOKLYN
Street Light Out. at 944 PARK AVENUE in MANHATTAN.,Broken Streetlight,40.77722377386348,-73.9593659193471,MANHATTAN
Entire Tree Has Fallen Down. at 1058 EAST GUN HILL ROAD in BRONX.,Fallen Tree / Vegetation,40.87436840614481,-73.85701964352982,BRONX
Loud Music/Party. at 44 WYCKOFF AVENUE in BROOKLYN.,Pollution,40.70585177801488,-73.92171868395766,BROOKLYN
Hydrant Running Full (WA4). at 41-28 57 STREET in QUEENS.,Water Leakage / Sanitation,40.74496245141059,-73.9077207693007,QUEENS
Removal Request. at 209 AVENUE B in MANHATTAN.,Garbage / Waste,40.72858930472122,-73.97863703627173,MANHATTAN
Entire Tree Has Fallen Down. at PURROY PLACE in STATEN ISLAND.,Fallen Tree / Vegetation,40.62497318867416,-74.08351080186462,STATEN ISLAND
Branch or Limb Has Fallen Down. at 1355 45 STREET in BROOKLYN.,Fallen Tree / Vegetation,40.63655851470261,-73.98860003405204,BROOKLYN
Hydrant Running (WC3). at 50 WEST  109 STREET in MANHATTAN.,Water Leakage / Sanitation,40.8007492571343,-73.96047486290237,MANHATTAN
Traffic Sign or Signal Blocked. at 642 FOREST AVENUE in STATEN ISLAND.,Fallen Tree / Vegetation,40.62978937949196,-74.11060883269097,STATEN ISLAND
Removal Request. at 193 2 AVENUE in MANHATTAN.,Garbage / Waste,40.73105521306173,-73.98589580898674,MANHATTAN
Sewer Backup (Use Comments) (SA). at 39-39 221 STREET in QUEENS.,Drainage / Flooding,40.76638878916744,-73.76253803953456,QUEENS
Street Light Out. in BROOKLYN.,Broken Streetlight,40.60556755380929,-74.00442606020266,BROOKLYN
Removal Request. at 44 NORTH 6 STREET in BROOKLYN.,Garbage / Waste,40.71985409252633,-73.96246007956631,BROOKLYN
Pothole. at 102 AVENUE in QUEENS.,Pothole / Road Damage,,,QUEENS
Pothole. at 41 AVENUE in QUEENS.,Pothole / Road Damage,,,QUEENS
Tree Alive - in Poor Condition. at 8843 19 AVENUE in BROOKLYN.,Fallen Tree / Vegetation,40.60095349882469,-74.00561771909099,BROOKLYN
Entire Tree Has Fallen Down. at EAST 168 STREET in BRONX.,Fallen Tree / Vegetation,40.83577859210997,-73.91647394732438,BRONX
Vehicle Idling Odor. at 640 8 AVENUE in MANHATTAN.,Pollution,40.75666417742652,-73.99019293432467,MANHATTAN
Banging/Pounding. at 2605 AVENUE U in BROOKLYN.,Pollution,40.60003767591863,-73.94550166666656,BROOKLYN
Controller. in BROOKLYN.,Broken Streetlight,40.63051261779271,-73.95730083397692,BROOKLYN
Pothole. at 913 BROADWAY in BROOKLYN.,Pothole / Road Damage,40.6976539937603,-73.93643490809335,BROOKLYN
Removal Request. at 121-01 116 AVENUE in QUEENS.,Garbage / Waste,40.67578733411313,-73.81694153677631,QUEENS
Vehicle Idling Odor. at EAST 11 STREET in MANHATTAN.,Pollution,40.72592083673207,-73.97578407846922,MANHATTAN
Loud Music/Party. at 526 AMSTERDAM AVENUE in MANHATTAN.,Pollution,40.78728774725402,-73.97531758340398,MANHATTAN
Controller. in MANHATTAN.,Broken Streetlight,40.73917734757161,-73.98976608808873,MANHATTAN
Catch Basin Sunken/Damaged/Raised (SC1). in QUEENS.,Drainage / Flooding,40.67300949336218,-73.78808751750871,QUEENS
Street Light Out. in QUEENS.,Broken Streetlight,40.71430670663779,-73.81817763722256,QUEENS
Hitting Building. at 336 ROSS AVENUE in STATEN ISLAND.,Fallen Tree / Vegetation,40.56962367463264,-74.11311878384441,STATEN ISLAND
Hydrant Running Full (WA4). in BROOKLYN.,Water Leakage / Sanitation,40.62553261844095,-73.93242564620708,BROOKLYN
Cave-in. at 2935 WEST 33 STREET in BROOKLYN.,Pothole / Road Damage,40.57430436570132,-73.99946005021478,BROOKLYN
Pothole. at 127 STREET in QUEENS.,Pothole / Road Damage,,,QUEENS
Branch Cracked and Will Fall. at 12 EAST 97 STREET in MANHATTAN.,Fallen Tree / Vegetation,40.78806623554559,-73.9540796942858,MANHATTAN
Car/Truck Music. at 837 EAST 52 STREET in BROOKLYN.,Pollution,40.63956348330233,-73.92711835615209,BROOKLYN
Street Light Out. at RIDGEWOOD AVENUE in BROOKLYN.,Broken Streetlight,,,BROOKLYN
Street Light Out. at 1755 UNIVERSITY AVENUE in BRONX.,Broken Streetlight,40.850157713990335,-73.91591370182661,BRONX
Street Light Out. at 47 7 STREET in STATEN ISLAND.,Broken Streetlight,40.57110263690228,-74.11903526009812,STATEN ISLAND
Cave-in. at 372 SCHERMERHORN STREET in BROOKLYN.,Pothole / Road Damage,40.686427141267856,-73.97946904194616,BROOKLYN
Loud Music/Party. at 832 EAST 52 STREET in BROOKLYN.,Pollution,40.640266207608825,-73.92721127246668,BROOKLYN
Banging/Pounding. at 213 UNION AVENUE in BROOKLYN.,Pollution,40.70676251845725,-73.9504351061387,BROOKLYN
Street Light Out. at 150-59 34 AVENUE in QUEENS.,Broken Streetlight,40.76731649911868,-73.81321703647286,QUEENS
Street Light Out. at 2800 OCEAN PARKWAY in BROOKLYN.,Broken Streetlight,40.58168049124167,-73.9673078290331,BROOKLYN
Hydrant Running (WC3). at 180 WADSWORTH AVENUE in MANHATTAN.,Water Leakage / Sanitation,40.850510099312864,-73.93448514221842,MANHATTAN
Veh Signal Lamp. in MANHATTAN.,Broken Streetlight,40.82720352249384,-73.94244300072705,MANHATTAN
Defective Hardware. at 3666 RICHMOND AVENUE in STATEN ISLAND.,Pothole / Road Damage,40.54834041005872,-74.16711439411564,STATEN ISLAND
Loud Music/Party. at 134 EAST 170 STREET in BRONX.,Pollution,40.83911220271634,-73.91481455225497,BRONX
Blocking Street. at 2910 CLARENDON ROAD in BROOKLYN.,Fallen Tree / Vegetation,40.64319037943648,-73.94951301943465,BROOKLYN
Cave-in. at WHITEPLAINS ROAD in BRONX.,Pothole / Road Damage,40.8344209375578,-73.86295975658919,BRONX
APS. in QUEENS.,Broken Streetlight,40.771084596889054,-73.90821889792322,QUEENS
Tree Leaning/Uprooted. at 64-38 82 PLACE in QUEENS.,Fallen Tree / Vegetation,40.71961014964706,-73.87155084060113,QUEENS
Branch Cracked and Will Fall. at 221-04 130 AVENUE in QUEENS.,Fallen Tree / Vegetation,40.684126309792255,-73.74501567214344,QUEENS
Pothole. at 1947 BAY RIDGE AVENUE in BROOKLYN.,Pothole / Road Damage,40.61494062140886,-73.98937452320402,BROOKLYN
Vehicle Idling Odor. at EAST 85 STREET in MANHATTAN.,Pollution,40.778814516637816,-73.95608280319802,MANHATTAN
Street Light Out. at 829 EAST  161 STREET in BRONX.,Broken Streetlight,40.8206465437306,-73.90197955037917,BRONX
Controller. in MANHATTAN.,Broken Streetlight,40.7576717999485,-73.994823870115,MANHATTAN
Hydrant Running Full (WA4). in MANHATTAN.,Water Leakage / Sanitation,40.85660521978086,-73.92840964582264,MANHATTAN
Pothole. at BEVERLEY ROAD in BROOKLYN.,Pothole / Road Damage,,,BROOKLYN
Controller. in MANHATTAN.,Broken Streetlight,40.77687672575895,-73.94937555652666,MANHATTAN
Removal Request. at 4101 AVENUE K in BROOKLYN.,Garbage / Waste,40.625790026901456,-73.93617552880468,BROOKLYN
Veh Signal Lamp. in BROOKLYN.,Broken Streetlight,40.692051682125,-73.98253964091832,BROOKLYN
Hitting Building. at 2525 EAST 26 STREET in BROOKLYN.,Fallen Tree / Vegetation,40.59057556833065,-73.94387114172814,BROOKLYN
Blocking Street. at 149-19 6 AVENUE in QUEENS.,Fallen Tree / Vegetation,40.79512843629629,-73.81803635126269,QUEENS
Cave-in. at 114 STREET in QUEENS.,Pothole / Road Damage,40.75337043665875,-73.85300950013661,QUEENS
Hydrant Running Full (WA4). at 2437 DAVIDSON AVENUE in BRONX.,Water Leakage / Sanitation,40.86229258001068,-73.90263398866624,BRONX
Hitting Building. at 114-41 148 STREET in QUEENS.,Fallen Tree / Vegetation,40.68509920999793,-73.79508733845292,QUEENS
Leak (Use Comments) (WA2). at 269 WEST  131 STREET in MANHATTAN.,Water Leakage / Sanitation,40.81382846528415,-73.948133608062,MANHATTAN
APS. in BROOKLYN.,Broken Streetlight,40.60876730262125,-73.98671397988491,BROOKLYN
Veh Signal Lamp. in QUEENS.,Broken Streetlight,40.77031958593381,-73.90247602513988,QUEENS
Street Light Out. at EAST   99 STREET in MANHATTAN.,Broken Streetlight,,,MANHATTAN
Manhole Overflow (Use Comments) (SA1). at 90-15 ROCKAWAY BOULEVARD in QUEENS.,Drainage / Flooding,40.68189483853809,-73.84937769145307,QUEENS
Leak (Use Comments) (WA2). at 68-28 EXETER STREET in QUEENS.,Water Leakage / Sanitation,40.71913119845696,-73.85211820574793,QUEENS
Hydrant Running (WC3). in MANHATTAN.,Water Leakage / Sanitation,40.735505019023954,-74.00837142703452,MANHATTAN
Defective Hardware. at FOREST AVENUE in QUEENS.,Pothole / Road Damage,40.70008149366179,-73.8995024633561,QUEENS
Dead Branches in Tree. at 378 MONROE STREET in BROOKLYN.,Fallen Tree / Vegetation,40.68629424475811,-73.94332182893966,BROOKLYN
Controller. in BROOKLYN.,Broken Streetlight,40.67674520918069,-73.93315247778841,BROOKLYN
Removal Request. at 3000 FULTON STREET in BROOKLYN.,Garbage / Waste,40.68011799365832,-73.88408349674067,BROOKLYN
Restaurant Odor. at 76 MOTT STREET in MANHATTAN.,Pollution,40.71639081910568,-73.99801235626208,MANHATTAN
Loud Music/Party. at 303 LEXINGTON AVENUE in MANHATTAN.,Pollution,40.7486066822413,-73.97810369101492,MANHATTAN
Vehicle Idling Odor. at 640 8 AVENUE in MANHATTAN.,Pollution,40.75666417742652,-73.99019293432467,MANHATTAN
Loud Music/Party. at 5511 AVENUE N in BROOKLYN.,Pollution,40.61927054119226,-73.92185984737166,BROOKLYN
Lamppost Base Door/Cover Missing. in MANHATTAN.,Broken Streetlight,40.71159285061041,-73.9942647439932,MANHATTAN
Dust from Construction. at 66-43 ALDERTON STREET in QUEENS.,Pollution,40.71842617074178,-73.85898114753232,QUEENS
Hydrant Running Full (WA4). at MACLAY AVENUE in BRONX.,Water Leakage / Sanitation,,,BRONX
Sewer Backup (Use Comments) (SA). at 133-07 CROSSBAY BOULEVARD in QUEENS.,Drainage / Flooding,40.67525257406997,-73.84328562058762,QUEENS
Dust from Construction. at 99 WILSON STREET in BROOKLYN.,Pollution,40.70481856713298,-73.9633341576697,BROOKLYN
Dust from Construction. at 1009 SECOND AVENUE in MANHATTAN.,Pollution,40.75696728421741,-73.96701605599206,MANHATTAN
Catch Basin Sunken/Damaged/Raised (SC1). at 14-50 GATEWAY BOULEVARD in QUEENS.,Drainage / Flooding,40.60173091121048,-73.749050342286,QUEENS
"Rough, Pitted or Cracked Roads. at JOHN F KENNEDY AIRPORT in QUEENS.",Pothole / Road Damage,40.64832048620134,-73.78828125130184,QUEENS
Hitting Building. at 249-24 VAN ZANDT AVENUE in QUEENS.,Fallen Tree / Vegetation,40.76378702116369,-73.73377624623913,QUEENS
Loud Music/Party. at 1382 BOSTON ROAD in BRONX.,Pollution,40.832566344830894,-73.89822909950018,BRONX
Asbestos Disturbance. at 1673 70 STREET in BROOKLYN.,Pollution,40.61817716159326,-73.9962358774192,BROOKLYN
Loud Music/Party. at 397 GREENE AVENUE in BROOKLYN.,Pollution,40.68794632861221,-73.95515826830517,BROOKLYN
Street Light Out. at 120-11 HILLSIDE AVENUE in QUEENS.,Broken Streetlight,40.70167477418508,-73.83043468664926,QUEENS
Controller. in QUEENS.,Broken Streetlight,40.685540094472,-73.8190312959881,QUEENS
Hitting Building. at 2064 HAVILAND AVENUE in BRONX.,Fallen Tree / Vegetation,40.82998322782908,-73.85440489669674,BRONX
Hydrant Running (WC3). at 348 WEST   11 STREET in MANHATTAN.,Water Leakage / Sanitation,40.73545558994368,-74.0086889574774,MANHATTAN
Sewer Odor (SA2). at 72-21 48 AVENUE in QUEENS.,Drainage / Flooding,40.73827340178404,-73.89184891047539,QUEENS
Street Light Out. at 4731 FIELDSTON ROAD in BRONX.,Broken Streetlight,40.8959840560233,-73.90309464624914,BRONX
Blocking Street. at 864 TYSENS LANE in STATEN ISLAND.,Fallen Tree / Vegetation,40.55884738758605,-74.10757992469453,STATEN ISLAND
Removal Request. at 334 UNION STREET in BROOKLYN.,Garbage / Waste,40.68176546284038,-73.99427091473147,BROOKLYN
Controller. in BROOKLYN.,Broken Streetlight,40.58178594463837,-73.94807260926584,BROOKLYN
Hydrant Running Full (WA4). at 475 LINCOLN PLACE in BROOKLYN.,Water Leakage / Sanitation,40.67211639459551,-73.96038887117359,BROOKLYN
Sewer Backup (Use Comments) (SA). at 114-22 178 STREET in QUEENS.,Drainage / Flooding,40.69418498458199,-73.77203415635208,QUEENS
Removal Request. at 383 3 AVENUE in BROOKLYN.,Garbage / Waste,40.67439531904852,-73.98856112099149,BROOKLYN
Sewer Backup (Use Comments) (SA). at 41-02 COLLEGE POINT BOULEVARD in QUEENS.,Drainage / Flooding,40.75616019807647,-73.83363477553662,QUEENS
Street Light Out. at 7 KNOLLS CRESCENT in BRONX.,Broken Streetlight,40.87883263279875,-73.91737452439695,BRONX
Dust from Construction. at 880 MORRIS AVENUE in BRONX.,Pollution,40.82588792939953,-73.91827132137125,BRONX
Controller. in BRONX.,Broken Streetlight,40.81626198547139,-73.91419711797285,BRONX
Street Light Out. in STATEN ISLAND.,Broken Streetlight,40.58993700346024,-74.14566941588764,STATEN ISLAND
Hitting Building. at 1428 PACIFIC STREET in BROOKLYN.,Fallen Tree / Vegetation,40.67726367715469,-73.9427887202377,BROOKLYN
Removal Request. at 1100 ROCKAWAY AVENUE in BROOKLYN.,Garbage / Waste,40.65254502222085,-73.90637100508326,BROOKLYN
Removal Request. at 30 THOMPSON STREET in MANHATTAN.,Garbage / Waste,40.72300837457703,-74.00418853633742,MANHATTAN
Street Light Out. in QUEENS.,Broken Streetlight,40.69078014777708,-73.72727049160652,QUEENS
Highway Flooding (SH). at FDR Dr - Southbound/Downtown in MANHATTAN.,Drainage / Flooding,,,MANHATTAN
Hitting Phone/Cable Lines. at 2011 WEST 12 STREET in BROOKLYN.,Fallen Tree / Vegetation,40.5976449649252,-73.98346095807233,BROOKLYN
Vehicle Idling Odor. at 223 KENT AVENUE in BROOKLYN.,Pollution,40.71689615531015,-73.96537649776059,BROOKLYN
Hydrant Running (WC3). at 121 ST NICHOLAS AVENUE in MANHATTAN.,Water Leakage / Sanitation,40.8037024023158,-73.95270715642923,MANHATTAN
Cave-in. at 3314 NEPTUNE AVENUE in BROOKLYN.,Pothole / Road Damage,40.57721660347594,-74.00019439039812,BROOKLYN
Hydrant Running Full (WA4). at 41-43 52 STREET in QUEENS.,Water Leakage / Sanitation,40.74558076245781,-73.91218053964873,QUEENS
Loud Music/Party. at 690 EAST 137 STREET in BRONX.,Pollution,40.80452004729538,-73.91418335715935,BRONX
Branch Cracked and Will Fall. at 927 VICTORY BOULEVARD in STATEN ISLAND.,Fallen Tree / Vegetation,40.621575241322326,-74.09733545955311,STATEN ISLAND
"Rough, Pitted or Cracked Roads. at 210 JACKSON STREET in BROOKLYN.",Pothole / Road Damage,40.71685403765116,-73.94244450359331,BROOKLYN
Branch Cracked and Will Fall. at 96 PARK PLACE in BROOKLYN.,Fallen Tree / Vegetation,40.67840054490223,-73.97501177661101,BROOKLYN
Branch or Limb Has Fallen Down. at 140 HOWARD AVENUE in BROOKLYN.,Fallen Tree / Vegetation,40.6835521829923,-73.92013317461881,BROOKLYN
Dust. at 542 VARICK AVENUE in BROOKLYN.,Pollution,40.7246943602258,-73.93457996735279,BROOKLYN
Pothole. at THOMAS STREET in STATEN ISLAND.,Pothole / Road Damage,,,STATEN ISLAND
Street Light Out. in BRONX.,Broken Streetlight,40.86533812663514,-73.85035052567925,BRONX
Manhole Overflow (Use Comments) (SA1). at EAST   15 STREET in BROOKLYN.,Drainage / Flooding,,,BROOKLYN
Restaurant Odor. at 775 COLUMBUS AVENUE in MANHATTAN.,Pollution,40.7940485808299,-73.9666437522384,MANHATTAN
Street Light Lamp Dim. at 5 JARDINE PLACE in BROOKLYN.,Broken Streetlight,40.67697255958743,-73.90514699180164,BROOKLYN
Sewer Odor (SA2). in BROOKLYN.,Drainage / Flooding,40.62576637141982,-73.92862123090242,BROOKLYN
Street Light Out. at 354 79 STREET in BROOKLYN.,Broken Streetlight,40.62817872689024,-74.02737593725465,BROOKLYN
Removal Request. at ADEE AVENUE in BRONX.,Garbage / Waste,40.87191257287667,-73.83490357277951,BRONX
Hydrant Running (WC3). at 305 EAST  101 STREET in MANHATTAN.,Water Leakage / Sanitation,40.787375882336704,-73.94459358604496,MANHATTAN
Leak (Use Comments) (WA2). in QUEENS.,Water Leakage / Sanitation,40.71958186537548,-73.75832888227261,QUEENS
Hydrant Running Full (WA4). at 520 WEST   44 STREET in MANHATTAN.,Water Leakage / Sanitation,40.761508996455305,-73.99593538492138,MANHATTAN
Tree Leaning/Uprooted. at 1777 BEDFORD AVENUE in BROOKLYN.,Fallen Tree / Vegetation,40.6625716204822,-73.9570928822611,BROOKLYN
Other Air Problem. at 921 BRYANT AVENUE in BRONX.,Pollution,40.82033922332057,-73.8870728627406,BRONX
Hydrant Running Full (WA4). in QUEENS.,Water Leakage / Sanitation,40.73039975963607,-73.81504518851439,QUEENS
Entire Tree Has Fallen Down. at 1504 8 AVENUE in BROOKLYN.,Fallen Tree / Vegetation,40.66203754370285,-73.98232762878466,BROOKLYN
Pothole. in QUEENS.,Pothole / Road Damage,40.73666582287896,-73.92802972432716,QUEENS
Failed Street Repair. at 570 WESTMINSTER ROAD in BROOKLYN.,Pothole / Road Damage,40.63479191851336,-73.96606402050077,BROOKLYN
Dust from Construction. at EAST 118 STREET in MANHATTAN.,Pollution,,,MANHATTAN
Hitting Building. at 1939 EDISON AVENUE in BRONX.,Fallen Tree / Vegetation,40.85027480652796,-73.83212342784823,BRONX
Cave-in. at 90-11 35 AVENUE in QUEENS.,Pothole / Road Damage,40.75259712992811,-73.87704195156354,QUEENS
Hitting Building. at 304 MALVINE AVENUE in STATEN ISLAND.,Fallen Tree / Vegetation,40.54578533378616,-74.21913347794717,STATEN ISLAND
Street Light Out. at 91 PLEASANT PLACE in STATEN ISLAND.,Broken Streetlight,,,STATEN ISLAND
Tree Alive - in Poor Condition. at 11-07A 46 AVENUE in QUEENS.,Fallen Tree / Vegetation,40.746325184151495,-73.94982823859708,QUEENS
Street Flooding (SJ). at 1800 ARNOW AVENUE in BRONX.,Drainage / Flooding,40.869116328172666,-73.83726067486823,BRONX
Fixture/Luminaire Damaged. at 3080 MIDDLETOWN ROAD in BRONX.,Broken Streetlight,40.844824970388906,-73.82733014847229,BRONX
Loud Music/Party. at 12 PARK STREET in BROOKLYN.,Pollution,40.699398062262304,-73.93853578828099,BROOKLYN
Removal Request. at 100 ROAD in QUEENS.,Garbage / Waste,40.714997647678615,-73.73090493370833,QUEENS
Banging/Pounding. at 81 EAST 7 STREET in MANHATTAN.,Pollution,40.72726476709354,-73.98640893693863,MANHATTAN
Pothole. at 1597 EAST   36 STREET in BROOKLYN.,Pothole / Road Damage,40.616549797758985,-73.93891103563543,BROOKLYN
Cave-in. at 43 AVENUE in QUEENS.,Pothole / Road Damage,40.75889478255762,-73.80607188912936,QUEENS
Loud Music/Party. at 10 HOPE STREET in BROOKLYN.,Pollution,40.71377820117416,-73.95746753247961,BROOKLYN
Catch Basin Clogged/Flooding (Use Comments) (SC). at 272 GRAND STREET in MANHATTAN.,Drainage / Flooding,40.71787004266013,-73.99289338462471,MANHATTAN
Hydrant Running (WC3). in BROOKLYN.,Water Leakage / Sanitation,40.67417161211275,-73.97882390470171,BROOKLYN
Multiple Street Lights Out. in STATEN ISLAND.,Broken Streetlight,40.57541472788389,-74.11903574542043,STATEN ISLAND
Vehicle Idling Odor. at 247 STARR STREET in BROOKLYN.,Pollution,40.70572881755821,-73.9225375636353,BROOKLYN
Blocking Street. at 4 AVENUE in BROOKLYN.,Fallen Tree / Vegetation,40.66733598919628,-73.99123340389983,BROOKLYN
Chronic Dumping. at 9601 DITMAS AVENUE in BROOKLYN.,Garbage / Waste,40.65109602038154,-73.91011739761375,BROOKLYN
Tree Trunk Split. at 392 EAST 7 STREET in BROOKLYN.,Fallen Tree / Vegetation,40.64222377490336,-73.97249939055715,BROOKLYN
Hydrant Running Full (WA4). at 327 CLIFTON PLACE in BROOKLYN.,Water Leakage / Sanitation,40.68925360271115,-73.9503327333636,BROOKLYN
Asbestos Disturbance. at 2501 85 STREET in BROOKLYN.,Pollution,40.59843310723166,-73.98639915118619,BROOKLYN
Removal Request. at 2492 GERRITSEN AVENUE in BROOKLYN.,Garbage / Waste,40.59695219006162,-73.92972149685532,BROOKLYN
Pothole. at 175 PLACE in QUEENS.,Pothole / Road Damage,,,QUEENS
Entire Tree Has Fallen Down. at 774 MAGENTA STREET in BRONX.,Fallen Tree / Vegetation,40.87480230241881,-73.86402639769481,BRONX
Street Light Out. at 1993 WASHINGTON AVENUE in BRONX.,Broken Streetlight,40.8490307294578,-73.89695328014818,BRONX
Catch Basin Clogged/Flooding (Use Comments) (SC). at 70-09 GROTON STREET in QUEENS.,Drainage / Flooding,40.71651167936938,-73.84922010049708,QUEENS
Asbestos Disturbance. at 372 EAST 235 STREET in BRONX.,Pollution,40.89785572732723,-73.86468820674861,BRONX
Loud Music/Party. at 34-02 34 AVENUE in QUEENS.,Pollution,40.75848172733981,-73.92472861772626,QUEENS
Controller. in BROOKLYN.,Broken Streetlight,40.63824705207848,-73.99594289303494,BROOKLYN
Vehicle Exhaust Smoke. at 93-43 215 PLACE in QUEENS.,Pollution,40.719638493494784,-73.74143822428483,QUEENS
Catch Basin Clogged/Flooding (Use Comments) (SC). at 161 BEACH  124 STREET in QUEENS.,Drainage / Flooding,40.57666790125381,-73.84335854069526,QUEENS
Catch Basin Clogged/Flooding (Use Comments) (SC). at 86-12 JUSTICE AVENUE in QUEENS.,Drainage / Flooding,40.73765471251448,-73.87705509227197,QUEENS
Sewer Odor (SA2). at 73-15 GRAND AVENUE in QUEENS.,Drainage / Flooding,40.729743297457965,-73.88958606588511,QUEENS
Vehicle Idling Odor. at 202 WEST 93 STREET in MANHATTAN.,Pollution,40.79217533396455,-73.97191017831028,MANHATTAN
Branch or Limb Has Fallen Down. at 36 AVENUE in QUEENS.,Fallen Tree / Vegetation,40.7680216171662,-73.7732904590946,QUEENS
Lamppost Wire Exposed. at HENRY HUDSON PKWY in MANHATTAN.,Broken Streetlight,,,MANHATTAN
Loud Music/Party. at 134 EAST 170 STREET in BRONX.,Pollution,40.83911220271634,-73.91481455225497,BRONX
Removal Request. at 9625 AVENUE B in BROOKLYN.,Garbage / Waste,40.65259581045343,-73.91158576468217,BROOKLYN
Removal Request. at VICTORY BOULEVARD in STATEN ISLAND.,Garbage / Waste,40.63662332267217,-74.08177791253532,STATEN ISLAND
Pedestrian Signal. in BROOKLYN.,Broken Streetlight,40.62432182804097,-73.9849637376358,BROOKLYN
Pedestrian Signal. in BROOKLYN.,Broken Streetlight,40.681223226488136,-73.9804621391644,BROOKLYN
Street Light Out. in QUEENS.,Broken Streetlight,40.7342785624062,-73.84511693674652,QUEENS
Branch or Limb Has Fallen Down. at BAY 10 STREET in BROOKLYN.,Fallen Tree / Vegetation,40.60925890570179,-74.01053813528588,BROOKLYN
Street Light Out. at JOHNSON AVENUE in BRONX.,Broken Streetlight,,,BRONX
Street Light Out. at 785 EAST  169 STREET in BRONX.,Broken Streetlight,40.830412584599465,-73.89918636391081,BRONX
Loud Music/Party. at 1285 ST NICHOLAS AVENUE in MANHATTAN.,Pollution,40.84498910186428,-73.93690855540984,MANHATTAN
Branch or Limb Has Fallen Down. at 89 PRESTON AVENUE in STATEN ISLAND.,Fallen Tree / Vegetation,40.53955028087421,-74.16416020659841,STATEN ISLAND
Pothole. in BRONX.,Pothole / Road Damage,40.84021817607633,-73.87541631240484,BRONX
Hydrant Defective (WC2). in QUEENS.,Water Leakage / Sanitation,40.77031858807693,-73.87077791712107,QUEENS
Manhole Overflow (Use Comments) (SA1). in MANHATTAN.,Drainage / Flooding,40.73259304097862,-73.97441053156273,MANHATTAN
Branch Cracked and Will Fall. at 1011 WOODYCREST AVENUE in BRONX.,Fallen Tree / Vegetation,40.832942699931614,-73.9277738072192,BRONX
Banging/Pounding. at 918 ATLANTIC AVENUE in BROOKLYN.,Pollution,40.68098314768348,-73.96382317885221,BROOKLYN
Hydrant Running Full (WA4). in BRONX.,Water Leakage / Sanitation,40.866633243514514,-73.87045337044053,BRONX
Vehicle Idling Odor. at 96 5 AVENUE in MANHATTAN.,Pollution,40.736592044865525,-73.99320171300515,MANHATTAN
Branch or Limb Has Fallen Down. at 1944 EAST 34 STREET in BROOKLYN.,Fallen Tree / Vegetation,40.60967673860267,-73.93378508276615,BROOKLYN
Street Light Out. at 1312 CLINTON AVENUE in BRONX.,Broken Streetlight,40.83183811035605,-73.90035862410004,BRONX
Chimney/Vent Smoke. at 202 6 AVENUE in MANHATTAN.,Pollution,40.72678792827488,-74.00350327256554,MANHATTAN
Loud Music/Party. at 32-16 STEINWAY STREET in QUEENS.,Pollution,40.75854671121321,-73.91935742470702,QUEENS
Leak (Use Comments) (WA2). in QUEENS.,Water Leakage / Sanitation,40.764179855937805,-73.88219359891191,QUEENS
Cable. in MANHATTAN.,Broken Streetlight,40.75866396123414,-73.959720156378,MANHATTAN
Branch or Limb Has Fallen Down. at 261 BRYANT AVENUE in STATEN ISLAND.,Fallen Tree / Vegetation,40.57448172930098,-74.1076698998515,STATEN ISLAND
Controller. in BROOKLYN.,Broken Streetlight,40.696030044398285,-73.94352632050455,BROOKLYN
Hydrant Running Full (WA4). at 1421 65 STREET in BROOKLYN.,Water Leakage / Sanitation,40.62430084589258,-73.99872116161112,BROOKLYN
Branch Cracked and Will Fall. at 263 BRYANT AVENUE in STATEN ISLAND.,Fallen Tree / Vegetation,40.574454325131455,-74.10762305988845,STATEN ISLAND
Street Light Out. at 65-29 JAY AVENUE in QUEENS.,Broken Streetlight,40.7269941231385,-73.89976133464407,QUEENS
Hydrant Defective (WC2). at 2901 FLATBUSH AVENUE in BROOKLYN.,Water Leakage / Sanitation,40.592983788731225,-73.90397005360329,BROOKLYN
Lamppost Leaning. at BELT PKWY in BROOKLYN.,Broken Streetlight,,,BROOKLYN
Cave-in. at FILLAT STREET in STATEN ISLAND.,Pothole / Road Damage,40.61264799417739,-74.14085662828461,STATEN ISLAND
Controller. in QUEENS.,Broken Streetlight,40.72096620537131,-73.84289312884077,QUEENS
Entire Tree Has Fallen Down. at 147-36 DELAWARE AVENUE in QUEENS.,Fallen Tree / Vegetation,40.75689564781012,-73.81551665883075,QUEENS
Street Light Out. at J HOOD WRIGHT PARK in MANHATTAN.,Broken Streetlight,40.84536978963485,-73.9405189140908,MANHATTAN
Removal Request. at 150 MONTAGUE STREET in BROOKLYN.,Garbage / Waste,40.694498398196245,-73.9932600973789,BROOKLYN
RAIN GARDEN DEBRIS (GIRGD). in BROOKLYN.,Drainage / Flooding,40.67223287201492,-73.88470283323964,BROOKLYN
Restaurant Odor. at 37 WALL STREET in MANHATTAN.,Pollution,40.70655044713487,-74.00979247939347,MANHATTAN
Hydrant Running (WC3). at 2584 CRESTON AVENUE in BRONX.,Water Leakage / Sanitation,40.864949707924616,-73.89662130393822,BRONX
Branch or Limb Has Fallen Down. at 24-16 166 STREET in QUEENS.,Fallen Tree / Vegetation,40.77560488384143,-73.79812694024493,QUEENS
Branch or Limb Has Fallen Down. at 534 EGAN STREET in BROOKLYN.,Fallen Tree / Vegetation,40.6563647399031,-73.87371974320493,BROOKLYN
Loud Music/Party. at 137-72 NORTHERN BOULEVARD in QUEENS.,Pollution,40.7638134402157,-73.82861953775803,QUEENS
Removal Request. at ST NICHOLAS AVENUE in MANHATTAN.,Garbage / Waste,40.80068586573746,-73.95250703275208,MANHATTAN
Controller. in STATEN ISLAND.,Broken Streetlight,40.620160652864456,-74.07695609071942,STATEN ISLAND
Removal Request. at 50-57 39 PLACE in QUEENS.,Garbage / Waste,40.73725224034215,-73.9265099252168,QUEENS
Hydrant Running Full (WA4). at 1269 CROES AVENUE in BRONX.,Water Leakage / Sanitation,40.8314578205077,-73.87112171337291,BRONX
Vehicle Idling Odor. at 640 8 AVENUE in MANHATTAN.,Pollution,40.75666417742652,-73.99019293432467,MANHATTAN
Branch or Limb Has Fallen Down. at 58 MILDRED AVENUE in STATEN ISLAND.,Fallen Tree / Vegetation,40.59116390274967,-74.18735961439624,STATEN ISLAND
Car/Truck Music. at 40 WEST 225 STREET in BRONX.,Pollution,40.87364352990189,-73.90796162633521,BRONX
Branch or Limb Has Fallen Down. at 93-15 215 STREET in QUEENS.,Fallen Tree / Vegetation,40.719629931868646,-73.74251690893252,QUEENS
Branch or Limb Has Fallen Down. at 2386 WALTON AVENUE in BRONX.,Fallen Tree / Vegetation,40.86081478420994,-73.90128407682232,BRONX
Controller. in QUEENS.,Broken Streetlight,40.74016492850793,-73.89524155975099,QUEENS
Removal Request. at 591 4 AVENUE in BROOKLYN.,Garbage / Waste,40.66514853042235,-73.99313329856625,BROOKLYN
Removal Request. at 15-14 PARSONS BOULEVARD in QUEENS.,Garbage / Waste,40.78560464597383,-73.82183597522508,QUEENS
Lamppost Wire Exposed. in MANHATTAN.,Broken Streetlight,40.81569076449531,-73.95829474326734,MANHATTAN
Street Light Out. in QUEENS.,Broken Streetlight,40.75618897116961,-73.86161193552088,QUEENS
Street Light Out. in MANHATTAN.,Broken Streetlight,40.73112736294508,-74.00422512803635,MANHATTAN
Dead Branches in Tree. at 1725 59 STREET in BROOKLYN.,Fallen Tree / Vegetation,40.62352895741074,-73.98816277644988,BROOKLYN
Hydrant Running (WC3). at 574 GREENE AVENUE in BROOKLYN.,Water Leakage / Sanitation,40.68887605313312,-73.9469363029739,BROOKLYN
Removal Request. at 163-12 PIDGEON MEADOW ROAD in QUEENS.,Garbage / Waste,40.75146078273883,-73.80373669236234,QUEENS
Loud Music/Party. at 1389 ST JOHN'S PLACE in BROOKLYN.,Pollution,40.67066504048014,-73.9323150328069,BROOKLYN
Hydrant Leaking (WC1). at 348 WEST   11 STREET in MANHATTAN.,Water Leakage / Sanitation,40.73545558994368,-74.0086889574774,MANHATTAN
"Rough, Pitted or Cracked Roads. at 302 CHURCH AVENUE in BROOKLYN.",Pothole / Road Damage,40.64368779434757,-73.97730573407173,BROOKLYN
Catch Basin Clogged/Flooding (Use Comments) (SC). at 173 NORFOLK STREET in BROOKLYN.,Drainage / Flooding,40.57923700131611,-73.93890196470613,BROOKLYN
APS. in MANHATTAN.,Broken Streetlight,40.70488372691457,-74.01565675519706,MANHATTAN
Loud Music/Party. at 56-06 COOPER AVENUE in QUEENS.,Pollution,40.69297184068493,-73.90187155210641,QUEENS
Entire Tree Has Fallen Down. at 172-14 67 AVENUE in QUEENS.,Fallen Tree / Vegetation,40.73464076824987,-73.79731648803997,QUEENS
Street Light Lamp Dim. at 9515 AVENUE M in BROOKLYN.,Broken Streetlight,40.63617338352927,-73.89483913880713,BROOKLYN
Underground. in MANHATTAN.,Broken Streetlight,40.70331726906625,-74.00776507756758,MANHATTAN
Branch or Limb Has Fallen Down. at 32-18 172 STREET in QUEENS.,Fallen Tree / Vegetation,40.76821877947115,-73.79348500737846,QUEENS
Loud Music/Party. at 1372 JESUP AVENUE in BRONX.,Pollution,40.840637303020365,-73.92118783237254,BRONX
Removal Request. at 125 DIVISION PLACE in BROOKLYN.,Garbage / Waste,40.72146445125151,-73.93577365063473,BROOKLYN
Catch Basin Search (SC2). at 3447 DE KALB AVENUE in BRONX.,Drainage / Flooding,40.881219508126,-73.88155949257536,BRONX
Catch Basin Clogged/Flooding (Use Comments) (SC). at 119 JEROME ROAD in STATEN ISLAND.,Drainage / Flooding,40.59266497090172,-74.08617448985495,STATEN ISLAND
Removal Request. at 114-32 141 STREET in QUEENS.,Garbage / Waste,40.68317667336767,-73.80225026625892,QUEENS
Sweet Odor From Unknown Source. at 420 EAST 38 STREET in MANHATTAN.,Pollution,40.746008580854536,-73.97100214556139,MANHATTAN
Removal Request. at 12 ENFIELD PLACE in STATEN ISLAND.,Garbage / Waste,40.57638216085629,-74.12558547069789,STATEN ISLAND
Hitting Phone/Cable Lines. at 183-04 145 AVENUE in QUEENS.,Fallen Tree / Vegetation,40.66499589797067,-73.76201948456901,QUEENS
Loud Music/Party. at 341 WADSWORTH AVENUE in MANHATTAN.,Pollution,40.855571899703335,-73.93075682087185,MANHATTAN
Pothole. at 85 AVENUE in QUEENS.,Pothole / Road Damage,,,QUEENS
Line/Marking - After Repaving. at EAST 81 STREET in MANHATTAN.,Pothole / Road Damage,40.776276326697975,-73.95793670645892,MANHATTAN
Defective Hardware. at 116-61 FRANCIS LEWIS BOULEVARD in QUEENS.,Pothole / Road Damage,40.6964834863809,-73.74633519099201,QUEENS
Controller. in MANHATTAN.,Broken Streetlight,40.718861131911176,-73.9749136351143,MANHATTAN
Loud Music/Party. at 50-09 108 STREET in QUEENS.,Pollution,40.744469650561605,-73.85553008096146,QUEENS
Branch Cracked and Will Fall. at CRESCENT STREET in QUEENS.,Fallen Tree / Vegetation,40.7787746563719,-73.91444401240206,QUEENS
Possible Water Main Break (Use Comments) (WA1). at 1425 KINGS HIGHWAY in BROOKLYN.,Water Leakage / Sanitation,40.608508194435615,-73.9588815646739,BROOKLYN
Branch Cracked and Will Fall. at 39 BAY STREET in BRONX.,Fallen Tree / Vegetation,40.84721960373996,-73.79001927297931,BRONX
Removal Request. at 203 MOTHER GASTON BOULEVARD in BROOKLYN.,Garbage / Waste,40.67443895232484,-73.90831224316034,BROOKLYN
Hitting Building. at 1213 EAST 95 STREET in BROOKLYN.,Fallen Tree / Vegetation,40.64132252978765,-73.9009349852918,BROOKLYN
Removal Request. at 1433 SECOND AVENUE in MANHATTAN.,Garbage / Waste,40.77051482241667,-73.95712803451786,MANHATTAN
Street Light Out. at 200 MURRAY STREET in MANHATTAN.,Broken Streetlight,40.71536342025032,-74.01419826714002,MANHATTAN
Hitting Building. at 249-30 VAN ZANDT AVENUE in QUEENS.,Fallen Tree / Vegetation,40.76383076997767,-73.73370387286785,QUEENS
Sewer Backup (Use Comments) (SA). at 187-12 UNION TURNPIKE in QUEENS.,Drainage / Flooding,40.72898298096117,-73.78184081146627,QUEENS
Hydrant Running Full (WA4). in MANHATTAN.,Water Leakage / Sanitation,40.82217413038197,-73.9521050976143,MANHATTAN
Hydrant Running (WC3). at 132-09 MAPLE AVENUE in QUEENS.,Water Leakage / Sanitation,40.753921282188585,-73.83229406924167,QUEENS
Street Light Out. at 1471 ROSEDALE AVENUE in BRONX.,Broken Streetlight,40.837168334175054,-73.87001925588375,BRONX
Pothole. in BROOKLYN.,Pothole / Road Damage,40.59136004625351,-73.96283836490672,BROOKLYN
Entire Tree Has Fallen Down. at 8601 16 AVENUE in BROOKLYN.,Fallen Tree / Vegetation,40.61002769649481,-74.0073472465911,BROOKLYN
Leak (Use Comments) (WA2). at 15-66 WATERS EDGE DRIVE in QUEENS.,Water Leakage / Sanitation,40.786510456287694,-73.77621753576656,QUEENS
Street Light Out. at CROTONA PARK in BRONX.,Broken Streetlight,40.843524584884456,-73.89666182787762,BRONX
Branch or Limb Has Fallen Down. at 70 REMSEN STREET in BROOKLYN.,Fallen Tree / Vegetation,40.69440244676221,-73.99565819632272,BROOKLYN
Pothole. in BROOKLYN.,Pothole / Road Damage,40.59798639400355,-73.96410580958371,BROOKLYN
Pedestrian Signal. in BROOKLYN.,Broken Streetlight,40.68157149608653,-73.92578529755689,BROOKLYN
Pothole. in QUEENS.,Pothole / Road Damage,40.75223809545808,-73.86291948564494,QUEENS
Removal Request. at 40 EAST 11 STREET in MANHATTAN.,Garbage / Waste,40.73322697448685,-73.99315875731875,MANHATTAN
Loud Music/Party. at 397 GREENE AVENUE in BROOKLYN.,Pollution,40.68794632861221,-73.95515826830517,BROOKLYN
Removal Request. at 3050 PARK AVENUE in BRONX.,Garbage / Waste,40.8223867863042,-73.91986176636979,BRONX
Controller. in BRONX.,Broken Streetlight,40.83015208730799,-73.89336178197057,BRONX
Blocking Street. at 117 KINGSLAND AVENUE in BROOKLYN.,Fallen Tree / Vegetation,40.72052021265209,-73.94081793408567,BROOKLYN
Branch Cracked and Will Fall. at 220 KOSCIUSZKO STREET in BROOKLYN.,Fallen Tree / Vegetation,40.69120877558911,-73.94622046302618,BROOKLYN
Vehicle Idling Odor. at 640 8 AVENUE in MANHATTAN.,Pollution,40.75666417742652,-73.99019293432467,MANHATTAN
Loud Music/Party. at 68-17 FOREST AVENUE in QUEENS.,Pollution,40.70314344425539,-73.90127591325967,QUEENS
Sewer Backup (Use Comments) (SA). at 1663 76 STREET in BROOKLYN.,Drainage / Flooding,40.61469133603037,-73.99974787098431,BROOKLYN
Street Light Cycling. at 2102 HOLLAND AVENUE in BRONX.,Broken Streetlight,40.853373729375214,-73.86577637731106,BRONX
Catch Basin Sunken/Damaged/Raised (SC1). at 564 TOMPKINS AVENUE in STATEN ISLAND.,Drainage / Flooding,40.61237192219393,-74.07115194566201,STATEN ISLAND
Veh Signal Head. in BROOKLYN.,Broken Streetlight,40.61604500383232,-73.94482944709631,BROOKLYN
Hitting Power Lines. at 35-59 222 STREET in QUEENS.,Fallen Tree / Vegetation,40.770158826831256,-73.76326470106649,QUEENS
Street Flooding (SJ). at 65 EAST   96 STREET in MANHATTAN.,Drainage / Flooding,40.78684998243353,-73.95324274473494,MANHATTAN
Removal Request. at 63-02 FLUSHING AVENUE in QUEENS.,Garbage / Waste,40.72221479785889,-73.902138753338,QUEENS
Removal Request. at 3424 CHURCH AVENUE in BROOKLYN.,Garbage / Waste,40.65101662617801,-73.94540236338149,BROOKLYN
Clear Street Light. at 951 EAST 241 STREET in BRONX.,Fallen Tree / Vegetation,40.90209259528052,-73.8443532822665,BRONX
Street Light Out. at 54 WEST  119 STREET in MANHATTAN.,Broken Streetlight,40.80339249060073,-73.94695698594334,MANHATTAN
Street Light Out. in BROOKLYN.,Broken Streetlight,40.626149296979705,-73.95258079791277,BROOKLYN
Removal Request. at 2928 SAMPSON AVENUE in BRONX.,Garbage / Waste,40.82062089904103,-73.81766676579545,BRONX
Tree Leaning/Uprooted. at 2311 EAST 21 STREET in BROOKLYN.,Fallen Tree / Vegetation,40.596048658017935,-73.94971070132536,BROOKLYN
Branch or Limb Has Fallen Down. at 97-15 109 AVENUE in QUEENS.,Fallen Tree / Vegetation,40.67825464191018,-73.84076207922159,QUEENS
Pothole. at MERRICK BOULEVARD in QUEENS.,Pothole / Road Damage,,,QUEENS
Dust from Construction. at 50-24 SKILLMAN AVENUE in QUEENS.,Pollution,40.74609540552716,-73.91400238054342,QUEENS
Sewer Backup (Use Comments) (SA). at 69-43 167 STREET in QUEENS.,Drainage / Flooding,40.73235189175719,-73.80219814506478,QUEENS
Controller. in BROOKLYN.,Broken Streetlight,40.693249270666016,-73.97286058984527,BROOKLYN
Loud Talking. at 211 NASSAU AVENUE in BROOKLYN.,Pollution,40.72565733123963,-73.94417227224238,BROOKLYN
Dead Branches in Tree. at 104-67 110 STREET in QUEENS.,Fallen Tree / Vegetation,40.6839841378949,-73.8319183023384,QUEENS
Chronic Dumping. at 1827 PALMETTO STREET in QUEENS.,Garbage / Waste,40.70339806331892,-73.90709664992319,QUEENS
Dead Branches in Tree. at 600 WEST 186 STREET in MANHATTAN.,Fallen Tree / Vegetation,40.85245172595602,-73.93168543718501,MANHATTAN
Vehicle Idling Odor. at 640 8 AVENUE in MANHATTAN.,Pollution,40.75666417742652,-73.99019293432467,MANHATTAN
Controller. in BRONX.,Broken Streetlight,40.81874416705544,-73.8662002870162,BRONX
Hydrant Running (WC3). at 314 EAST  204 STREET in BRONX.,Water Leakage / Sanitation,40.872751541674745,-73.87835649188698,BRONX
Hydrant Running (WC3). at 57 AUDUBON AVENUE in MANHATTAN.,Water Leakage / Sanitation,40.84057086877178,-73.93828970751925,MANHATTAN
Catch Basin Clogged/Flooding (Use Comments) (SC). in BROOKLYN.,Drainage / Flooding,40.66508545760784,-73.92868368804633,BROOKLYN
Possible Water Main Break (Use Comments) (WA1). at 88-48 FRANCIS LEWIS BOULEVARD in QUEENS.,Water Leakage / Sanitation,40.72015920829183,-73.75877773332743,QUEENS
Hitting Phone/Cable Lines. at 1365 WEST 7 STREET in BROOKLYN.,Fallen Tree / Vegetation,40.61241441734028,-73.98152317508624,BROOKLYN
Sewer Backup (Use Comments) (SA). at 138-17 64 AVENUE in QUEENS.,Drainage / Flooding,40.73898575346647,-73.82768021710334,QUEENS
Pothole. at WAIMER PLACE in STATEN ISLAND.,Pothole / Road Damage,,,STATEN ISLAND
Dust from Construction. at 44 EAST 87 STREET in MANHATTAN.,Pollution,40.781403529768895,-73.95803457163352,MANHATTAN
Tree Leaning/Uprooted. at 157 MANHATTAN AVENUE in BROOKLYN.,Fallen Tree / Vegetation,40.70837401513362,-73.94509208054345,BROOKLYN
Sewer Backup (Use Comments) (SA). at 66-89 FOREST AVENUE in QUEENS.,Drainage / Flooding,40.7049528811056,-73.90201982507807,QUEENS
Dust from Construction. at 301 BEACH 86 STREET in QUEENS.,Pollution,40.589237900278455,-73.81148283475444,QUEENS
Manhole Overflow (Use Comments) (SA1). at 320 47 STREET in BROOKLYN.,Drainage / Flooding,40.64893467432032,-74.0121480447877,BROOKLYN
installation of hydrant side post (WHFP). at 410 10 AVENUE in MANHATTAN.,Water Leakage / Sanitation,40.75380456634056,-73.99908683065986,MANHATTAN
Dust. at 1810 VOORHIES AVENUE in BROOKLYN.,Pollution,40.58603886569018,-73.95085233298242,BROOKLYN
Restaurant Odor. at 198 UNDERHILL AVENUE in BROOKLYN.,Pollution,40.674695781330406,-73.96684764970726,BROOKLYN
Cave-in. at 336 MAYFAIR DRIVE NORTH in BROOKLYN.,Pothole / Road Damage,40.60922466192476,-73.90384945002339,BROOKLYN
Hitting Building. at 154 FOCH AVENUE in STATEN ISLAND.,Fallen Tree / Vegetation,40.59317812124583,-74.07458454970117,STATEN ISLAND
Branch or Limb Has Fallen Down. at 2231 LAFAYETTE AVENUE in BRONX.,Fallen Tree / Vegetation,40.82341770425292,-73.84790475961395,BRONX
Branch or Limb Has Fallen Down. at 721 EAST 217 STREET in BRONX.,Fallen Tree / Vegetation,40.88190404967577,-73.8627425434966,BRONX
Street Light Out. at 70-33 INGRAM STREET in QUEENS.,Broken Streetlight,40.71508772152351,-73.84965980186728,QUEENS
Veh Signal Lens. in MANHATTAN.,Broken Streetlight,40.71332990237435,-74.01099827126723,MANHATTAN
Cave-in. at 240 FOUNTAIN AVENUE in BROOKLYN.,Pothole / Road Damage,40.67416340117293,-73.87509562054038,BROOKLYN
Hydrant Leaking (WC1). in MANHATTAN.,Water Leakage / Sanitation,40.80419097074172,-73.95272486978865,MANHATTAN
Cave-in. at FOWLER AVENUE in BRONX.,Pothole / Road Damage,40.84377216047778,-73.85618545734165,BRONX
Blocking Street. at 19-75 80 STREET in QUEENS.,Fallen Tree / Vegetation,40.77127460042355,-73.89010568961838,QUEENS
Veh Signal Head. in QUEENS.,Broken Streetlight,40.73005302265748,-73.7935239089092,QUEENS
Hydrant Running (WC3). at 2604 FARRAGUT ROAD in BROOKLYN.,Water Leakage / Sanitation,40.635956220643024,-73.95208021940726,BROOKLYN
Loud Music/Party. at 397 GREENE AVENUE in BROOKLYN.,Pollution,40.68794632861221,-73.95515826830517,BROOKLYN
Vehicle Idling Odor. at EAST 85 STREET in MANHATTAN.,Pollution,40.778814516637816,-73.95608280319802,MANHATTAN
Loud Music/Party. at 232 KNICKERBOCKER AVENUE in BROOKLYN.,Pollution,40.70297790233337,-73.92570015439001,BROOKLYN
Vehicle Idling Odor. at 128 SLOSSON AVENUE in STATEN ISLAND.,Pollution,40.61755694606186,-74.11778175855622,STATEN ISLAND
Vehicle Idling Odor. at 640 8 AVENUE in MANHATTAN.,Pollution,40.75666417742652,-73.99019293432467,MANHATTAN
Entire Tree Has Fallen Down. at 90-12 178 STREET in QUEENS.,Fallen Tree / Vegetation,40.70973006491805,-73.78416179840038,QUEENS
Branch or Limb Has Fallen Down. at 196 JACKSON STREET in BROOKLYN.,Fallen Tree / Vegetation,40.71681307827425,-73.9428702077423,BROOKLYN
Removal Request. at 109 3 AVENUE in MANHATTAN.,Garbage / Waste,40.73276264138802,-73.9875516229763,MANHATTAN
Veh Signal Lamp. in STATEN ISLAND.,Broken Streetlight,40.60792099431477,-74.0892050192879,STATEN ISLAND
Vehicle Idling Odor. at 640 8 AVENUE in MANHATTAN.,Pollution,40.75666417742652,-73.99019293432467,MANHATTAN
Removal Request. at 2413 THIRD AVENUE in BRONX.,Garbage / Waste,40.80840137403171,-73.9309539998199,BRONX
Line/Marking - After Repaving. at 3 AVENUE in MANHATTAN.,Pothole / Road Damage,40.77496666502283,-73.95679661179162,MANHATTAN
Dust from Construction. at EAST 80 STREET in MANHATTAN.,Pollution,40.7720736799196,-73.94993881286709,MANHATTAN
Street Light Out. at 864 POST AVENUE in STATEN ISLAND.,Broken Streetlight,40.6309440998884,-74.12978804447913,STATEN ISLAND
Loud Music/Party. at 1470 OUTLOOK AVENUE in BRONX.,Pollution,40.84474056330526,-73.81536339866841,BRONX
Blocking Street. at 71-19 CENTRAL AVENUE in QUEENS.,Fallen Tree / Vegetation,40.70475421148524,-73.88056739410641,QUEENS
Vehicle Idling Odor. at 640 8 AVENUE in MANHATTAN.,Pollution,40.75666417742652,-73.99019293432467,MANHATTAN
Controller. in STATEN ISLAND.,Broken Streetlight,40.59093567756712,-74.15235424668677,STATEN ISLAND
Branch Cracked and Will Fall. at 1521 EASTERN PARKWAY in BROOKLYN.,Fallen Tree / Vegetation,40.67043589883155,-73.91765432106502,BROOKLYN
Other Air Problem. at CRANFORD AVENUE in BRONX.,Pollution,40.90396991795598,-73.84230136616549,BRONX
Banging/Pounding. at 145-93 GUY BREWER BOULEVARD in QUEENS.,Pollution,40.66370812426095,-73.76851578847516,QUEENS
Street Flooding (SJ). at 1746 MELVILLE STREET in BRONX.,Drainage / Flooding,40.84233952301372,-73.87015371882852,BRONX
Sewer Backup (Use Comments) (SA). at 1675 WEST    9 STREET in BROOKLYN.,Drainage / Flooding,40.60621952961851,-73.98224876816387,BROOKLYN
Street Light Out. in STATEN ISLAND.,Broken Streetlight,40.62510489030365,-74.14876859310395,STATEN ISLAND
Banging/Pounding. at 85 COFFEY STREET in BROOKLYN.,Pollution,40.67566320336588,-74.013313767197,BROOKLYN
Sewer Backup (Use Comments) (SA). at 113-18 107 AVENUE in QUEENS.,Drainage / Flooding,40.68302591222401,-73.82800149472538,QUEENS
Loud Music/Party. at 2308 7 AVENUE in MANHATTAN.,Pollution,40.8156185820437,-73.94348264472475,MANHATTAN
Sewer Backup (Use Comments) (SA). at 747 GREENWICH STREET in MANHATTAN.,Drainage / Flooding,40.73549963035868,-74.00684508439319,MANHATTAN
Branch or Limb Has Fallen Down. at 78-03 66 ROAD in QUEENS.,Fallen Tree / Vegetation,40.71459941487969,-73.87513888472081,QUEENS
Leak (Use Comments) (WA2). in BROOKLYN.,Water Leakage / Sanitation,40.69135370433244,-73.9214111666864,BROOKLYN
Chronic Dumping. at 31 ASH PLACE in STATEN ISLAND.,Garbage / Waste,40.60675822089136,-74.13582742430664,STATEN ISLAND
Street Light Out. in BRONX.,Broken Streetlight,40.81304707050153,-73.8600631255296,BRONX
Lamppost Knocked Down. in BROOKLYN.,Broken Streetlight,40.60226011851513,-74.0030681989304,BROOKLYN
Controller. in BROOKLYN.,Broken Streetlight,40.70890414845771,-73.959252467909,BROOKLYN
Veh Signal Lamp. in BRONX.,Broken Streetlight,40.85419982476028,-73.8544097235632,BRONX
Controller. in STATEN ISLAND.,Broken Streetlight,40.64224365088969,-74.07519430684629,STATEN ISLAND
Branch Cracked and Will Fall. at 49 BERRY AVENUE in STATEN ISLAND.,Fallen Tree / Vegetation,40.560733870840565,-74.17408415331214,STATEN ISLAND
Entire Tree Has Fallen Down. at 212-77 WHITEHALL TERRACE in QUEENS.,Fallen Tree / Vegetation,40.72623246888767,-73.75316713495378,QUEENS
Removal Request. at 95 MOORE STREET in BROOKLYN.,Garbage / Waste,40.70383807699828,-73.9418606422092,BROOKLYN
Branch or Limb Has Fallen Down. at 90-26 215 STREET in QUEENS.,Fallen Tree / Vegetation,40.72326136726536,-73.74627295251527,QUEENS
Loud Music/Party. at 397 GREENE AVENUE in BROOKLYN.,Pollution,40.68794632861221,-73.95515826830517,BROOKLYN
Pothole. in BROOKLYN.,Pothole / Road Damage,40.63494729011493,-73.93249898044225,BROOKLYN
"Rough, Pitted or Cracked Roads. at 24 AVENUE in QUEENS.",Pothole / Road Damage,40.76635217444648,-73.87301301309917,QUEENS
Blocking Street. at 4509 5 AVENUE in BROOKLYN.,Fallen Tree / Vegetation,40.64778500598568,-74.00751717138104,BROOKLYN
Branch or Limb Has Fallen Down. at 114-49 148 STREET in QUEENS.,Fallen Tree / Vegetation,40.68499756382918,-73.79503717169959,QUEENS
Pothole. in QUEENS.,Pothole / Road Damage,40.69605612278218,-73.72748331611038,QUEENS
Leak (Use Comments) (WA2). at 131-16 225 STREET in QUEENS.,Water Leakage / Sanitation,40.6804168337318,-73.7432091244257,QUEENS
Hydrant Running (WC3). at 780 RIVERSIDE DRIVE in MANHATTAN.,Water Leakage / Sanitation,40.83420797158663,-73.94809965222906,MANHATTAN
Sewer Backup (Use Comments) (SA). at 544 UNION AVENUE in BROOKLYN.,Drainage / Flooding,40.71732214543583,-73.95167180291469,BROOKLYN
Removal Request. at 119-25 217 STREET in QUEENS.,Garbage / Waste,40.691893129724846,-73.7446037308698,QUEENS
Hydrant Running (WC3). at 2816 BRONX PARK EAST in BRONX.,Water Leakage / Sanitation,40.86698181952344,-73.87045269137981,BRONX
Street Light Out. at BROOKLYN HEIGHTS PROMENADE in BROOKLYN.,Broken Streetlight,40.695072234123536,-73.99796611140084,BROOKLYN
Vehicle Idling Odor. at 200 LAWRENCE AVENUE in BROOKLYN.,Pollution,40.631022372665534,-73.97281023795009,BROOKLYN
Tree Alive - in Poor Condition. at 47 CLAREMONT AVENUE in MANHATTAN.,Fallen Tree / Vegetation,40.81009335844755,-73.96369159055986,MANHATTAN
Restaurant Odor. at 906 THIRD AVENUE in MANHATTAN.,Pollution,40.75875182071105,-73.96863589765839,MANHATTAN
Catch Basin Clogged/Flooding (Use Comments) (SC). in BRONX.,Drainage / Flooding,40.88431935104054,-73.91373678710868,BRONX
Vehicle Idling Odor. at 640 8 AVENUE in MANHATTAN.,Pollution,40.75666417742652,-73.99019293432467,MANHATTAN
Blocked - Construction. at WEXFORD TERRACE in QUEENS.,Pothole / Road Damage,,,QUEENS
"Rough, Pitted or Cracked Roads. at 6801 21 AVENUE in BROOKLYN.",Pothole / Road Damage,40.61338115878282,-73.98552807847415,BROOKLYN
Sewer Backup (Use Comments) (SA). at 31-06 31 AVENUE in QUEENS.,Drainage / Flooding,40.764269457583474,-73.92331059272891,QUEENS
Car/Truck Music. at 845 CONCOURSE VILLAGE WEST in BRONX.,Pollution,40.82554456288676,-73.92183080208228,BRONX
Catch Basin Clogged/Flooding (Use Comments) (SC). at 802 TINTON AVENUE in BRONX.,Drainage / Flooding,40.8194354563634,-73.90445618913316,BRONX
Catch Basin Clogged/Flooding (Use Comments) (SC). at 1264 ASTOR AVENUE in BRONX.,Drainage / Flooding,40.85979968067991,-73.85063050713622,BRONX
Vehicle Idling Odor. at 247 NORTH 8 STREET in BROOKLYN.,Pollution,40.7163651240392,-73.95386575837125,BROOKLYN
Controller. in BROOKLYN.,Broken Streetlight,40.69953105419444,-73.91103665226316,BROOKLYN
Loud Music/Party. at 190 ALLEN STREET in MANHATTAN.,Pollution,40.722247617621264,-73.9888992427031,MANHATTAN
Tree Alive - in Poor Condition. at 437 DECATUR AVENUE in STATEN ISLAND.,Fallen Tree / Vegetation,40.609903433848544,-74.14507910355113,STATEN ISLAND
Hydrant Running (WC3). in QUEENS.,Water Leakage / Sanitation,40.747891920593744,-73.90534917685362,QUEENS
Branch or Limb Has Fallen Down. at 376 GUYON AVENUE in STATEN ISLAND.,Fallen Tree / Vegetation,40.55846774818475,-74.11688224998029,STATEN ISLAND
Removal Request. at 2780 CROPSEY AVENUE in BROOKLYN.,Garbage / Waste,40.586356200407565,-73.98831337797155,BROOKLYN
Street Light Out. at 429 ISABELLA AVENUE in STATEN ISLAND.,Broken Streetlight,40.558415384568576,-74.11436658858212,STATEN ISLAND
Removal Request. at 125-19 DEFOE STREET in QUEENS.,Garbage / Waste,40.680933285108765,-73.75473010816906,QUEENS
Hitting Building. at 1312 HERKIMER STREET in BROOKLYN.,Fallen Tree / Vegetation,40.67747890607415,-73.9101972074464,BROOKLYN
Branch or Limb Has Fallen Down. at 1235 GRAND CONCOURSE in BRONX.,Fallen Tree / Vegetation,40.835465919864326,-73.91678512639237,BRONX
Dead Branches in Tree. at 87 SUMMIT STREET in BROOKLYN.,Fallen Tree / Vegetation,40.682248632719,-74.00348290526469,BROOKLYN
Dirty Water (WE). at 25 DEPPE PLACE in STATEN ISLAND.,Water Leakage / Sanitation,40.61759160235388,-74.15353891265164,STATEN ISLAND
"Rough, Pitted or Cracked Roads. at 87 STREET in QUEENS.",Pothole / Road Damage,,,QUEENS
Banging/Pounding. at 102-01 159 DRIVE in QUEENS.,Pollution,40.65913167273328,-73.83108706767946,QUEENS
Catch Basin Clogged/Flooding (Use Comments) (SC). at 80 BRUCKNER BOULEVARD in BRONX.,Drainage / Flooding,40.806199762400574,-73.92597866184836,BRONX
Loud Music/Party. at 4615 3 AVENUE in BRONX.,Pollution,40.856446976510696,-73.8910385963576,BRONX
Controller. in QUEENS.,Broken Streetlight,40.744027466141794,-73.7176261930003,QUEENS
Street Light Out. in BROOKLYN.,Broken Streetlight,40.63134407505026,-73.89351013040914,BROOKLYN
Vehicle Idling Odor. at 640 8 AVENUE in MANHATTAN.,Pollution,40.75666417742652,-73.99019293432467,MANHATTAN
Veh Signal Lamp. in QUEENS.,Broken Streetlight,40.66023979907147,-73.83243948196912,QUEENS
Hydrant Running (WC3). at CLIFTON PLACE in BROOKLYN.,Water Leakage / Sanitation,,,BROOKLYN
Vehicle Idling Odor. at 640 8 AVENUE in MANHATTAN.,Pollution,40.75666417742652,-73.99019293432467,MANHATTAN
Removal Request. at 106-01 LIBERTY AVENUE in QUEENS.,Garbage / Waste,40.6830608527961,-73.83499255166271,QUEENS
Hitting Building. at 133 CAMBRIDGE PLACE in BROOKLYN.,Fallen Tree / Vegetation,40.683228032065,-73.96275832513646,BROOKLYN
Street Light Out. in BRONX.,Broken Streetlight,40.862919470567576,-73.852033463877,BRONX
Hitting Building. at 119-53 230 STREET in QUEENS.,Fallen Tree / Vegetation,40.688343752951695,-73.73354379860167,QUEENS
Loud Music/Party. at 999 MANHATTAN AVENUE in BROOKLYN.,Pollution,40.73322652960307,-73.95477058008431,BROOKLYN
Hitting Power Lines. at 115-69 203 STREET in QUEENS.,Fallen Tree / Vegetation,40.697236248243605,-73.75041828451266,QUEENS
Removal Request. at 67 WEST 9 STREET in MANHATTAN.,Garbage / Waste,40.73403138346413,-73.99871544736621,MANHATTAN
Underground. in MANHATTAN.,Broken Streetlight,40.86536647782944,-73.92438348096172,MANHATTAN
Hitting Building. at 2795 MILL AVENUE in BROOKLYN.,Fallen Tree / Vegetation,40.60695006984199,-73.91539530057912,BROOKLYN
Other Air Problem. at 2875 GRAND CONCOURSE in BRONX.,Pollution,40.87067462733511,-73.89011858603276,BRONX
Street Light Out. at 1642 KIMBALL ROAD in BROOKLYN.,Broken Streetlight,40.61740124194221,-73.93492645520676,BROOKLYN
Hydrant Running Full (WA4). at 220-15 120 AVENUE in QUEENS.,Water Leakage / Sanitation,40.690156438432105,-73.74247927534797,QUEENS
Sewer Backup (Use Comments) (SA). at 164-50 84 STREET in QUEENS.,Drainage / Flooding,40.64875534688221,-73.84599296575269,QUEENS
Banging/Pounding. at 1055 OGDEN AVENUE in BRONX.,Pollution,40.83466951959193,-73.92840795314878,BRONX
Removal Request. at 79 JEROME ROAD in STATEN ISLAND.,Garbage / Waste,40.59347219211711,-74.0858406664661,STATEN ISLAND
Branch or Limb Has Fallen Down. at 464 WINANT AVENUE in STATEN ISLAND.,Fallen Tree / Vegetation,40.5472991968816,-74.21691474154181,STATEN ISLAND
Pothole. in BRONX.,Pothole / Road Damage,40.80213229040411,-73.90729476365911,BRONX
Controller. in MANHATTAN.,Broken Streetlight,40.7553005625042,-73.97534387376678,MANHATTAN
Hydrant Running (WC3). at 225 6 AVENUE in BROOKLYN.,Water Leakage / Sanitation,40.67470677293904,-73.97844520092033,BROOKLYN
Sewer Backup (Use Comments) (SA). at 78 RIDGE STREET in MANHATTAN.,Drainage / Flooding,40.71770718532209,-73.98382798018937,MANHATTAN
Pedestrian Signal. in BROOKLYN.,Broken Streetlight,40.70054837797368,-73.9170689414556,BROOKLYN
Hydrant Running (WC3). at 2653 BAINBRIDGE AVENUE in BRONX.,Water Leakage / Sanitation,40.86526632376739,-73.89170022891888,BRONX
Loud Music/Party. at EAST 87 STREET in BROOKLYN.,Pollution,,,BROOKLYN
Manhole Cover Missing (Emergency) (SA3). at 75 STATE STREET in BROOKLYN.,Drainage / Flooding,40.691613793353405,-73.99659954349934,BROOKLYN
Branch or Limb Has Fallen Down. at 109-04 98 STREET in QUEENS.,Fallen Tree / Vegetation,40.67819047194545,-73.84001233449911,QUEENS
Loud Talking. at BRADY AVENUE in BRONX.,Pollution,,,BRONX
Hitting Building. at 86-01 85 STREET in QUEENS.,Fallen Tree / Vegetation,40.69350139647425,-73.85935841405829,QUEENS
Cable. in MANHATTAN.,Broken Streetlight,40.73883073056864,-73.98314805353145,MANHATTAN
APS. in QUEENS.,Broken Streetlight,40.67803108604805,-73.82301386574628,QUEENS
Hydrant Running (WC3). at 125 WEST TREMONT AVENUE in BRONX.,Water Leakage / Sanitation,40.85004074060992,-73.91361858586654,BRONX
Hydrant Running (WC3). in BROOKLYN.,Water Leakage / Sanitation,40.58377974426305,-73.9573487138063,BROOKLYN
Hydrant Running (WC3). in BROOKLYN.,Water Leakage / Sanitation,40.67417161211275,-73.97882390470171,BROOKLYN
Controller Cabinet. in QUEENS.,Broken Streetlight,40.72738299351371,-73.86409989809731,QUEENS
Vehicle Idling Odor. at 4350 BULLARD AVENUE in BRONX.,Pollution,40.89853319747606,-73.85969866938525,BRONX
Street Light Out. at BELT PKWY in BROOKLYN.,Broken Streetlight,,,BROOKLYN
Ped Lamp. in BROOKLYN.,Broken Streetlight,40.694471381557854,-73.9570867780522,BROOKLYN
Street Light Out. in QUEENS.,Broken Streetlight,40.67934679788091,-73.85952526810226,QUEENS
Hydrant Running Full (WA4). at 2347 TIEBOUT AVENUE in BRONX.,Water Leakage / Sanitation,40.8578793303259,-73.89658891377702,BRONX
Leak (Use Comments) (WA2). at 237-31 FAIRBURY AVENUE in QUEENS.,Water Leakage / Sanitation,40.72473682632098,-73.73004302786931,QUEENS
Pedestrian Signal. in BRONX.,Broken Streetlight,40.84292334753507,-73.90955823631849,BRONX
Hitting Power Lines. at 327 HART AVENUE in STATEN ISLAND.,Fallen Tree / Vegetation,40.62567406906994,-74.10569549134291,STATEN ISLAND
Loud Music/Party. at 141 MESEROLE STREET in BROOKLYN.,Pollution,40.708027587036725,-73.94387323807607,BROOKLYN
Chronic Dumping. at 43-23 COLDEN STREET in QUEENS.,Garbage / Waste,40.752535283074295,-73.8249815011565,QUEENS
Bracket Arm Missing. at 35-62 88 STREET in QUEENS.,Broken Streetlight,40.750625513966405,-73.87879605086522,QUEENS
Tree Leaning/Uprooted. at 151-50 BAISLEY BOULEVARD in QUEENS.,Fallen Tree / Vegetation,40.66812124785964,-73.78671882826002,QUEENS
Vehicle Idling Odor. at 570 CLAWSON STREET in STATEN ISLAND.,Pollution,40.56597735732959,-74.11706815181962,STATEN ISLAND
Removal Request. at BROADWAY in STATEN ISLAND.,Garbage / Waste,40.63456702071798,-74.11719928427827,STATEN ISLAND
Blocking Street. at 220-15 46 AVENUE in QUEENS.,Fallen Tree / Vegetation,40.75983331150982,-73.76072407068811,QUEENS
Removal Request. at 774 EAST 40 STREET in BROOKLYN.,Garbage / Waste,40.63633948448825,-73.93843533682454,BROOKLYN
Loud Music/Party. at 63-01 FRESH POND ROAD in QUEENS.,Pollution,40.71181041913066,-73.90012323508752,QUEENS
Street Light Out. at 2100 WESTBURY COURT in BROOKLYN.,Broken Streetlight,40.65667163234827,-73.96070078703764,BROOKLYN
Controller. in QUEENS.,Broken Streetlight,40.76897496846176,-73.77376014984088,QUEENS
Branch or Limb Has Fallen Down. at 83-53 240 STREET in QUEENS.,Fallen Tree / Vegetation,40.73414876333839,-73.72660586119346,QUEENS
Hitting Building. at 165 EAST 179 STREET in BRONX.,Fallen Tree / Vegetation,40.851319006018336,-73.9056321454284,BRONX
Street Light Out. in BROOKLYN.,Broken Streetlight,40.60257555529321,-73.94331367265006,BROOKLYN
Hitting Building. at 235-18 SEWARD AVENUE in QUEENS.,Fallen Tree / Vegetation,40.73587191341948,-73.73577137064568,QUEENS
Vehicle Idling Odor. at 640 8 AVENUE in MANHATTAN.,Pollution,40.75666417742652,-73.99019293432467,MANHATTAN
Hydrant Running (WC3). in BROOKLYN.,Water Leakage / Sanitation,40.67417161211275,-73.97882390470171,BROOKLYN
Controller. in BROOKLYN.,Broken Streetlight,40.68479855463378,-73.95640432752157,BROOKLYN
Vehicle Idling Odor. at 2755 EAST 11 STREET in BROOKLYN.,Pollution,40.58379134555581,-73.95905879046644,BROOKLYN
Removal Request. at 42-41 JUDGE STREET in QUEENS.,Garbage / Waste,40.74414377219608,-73.88009620043174,QUEENS
Branch or Limb Has Fallen Down. at 89-12 WOODHAVEN BOULEVARD in QUEENS.,Fallen Tree / Vegetation,40.69085271454112,-73.85066281416191,QUEENS
Street Light Out. at 872 45 STREET in BROOKLYN.,Broken Streetlight,40.643025793773546,-73.9993405828176,BROOKLYN
Street Light Out. in BROOKLYN.,Broken Streetlight,40.592553925703626,-73.98798823487964,BROOKLYN
Hydrant Defective (WC2). at 240 AUTUMN AVENUE in BROOKLYN.,Water Leakage / Sanitation,40.6845554122188,-73.87039245422032,BROOKLYN
Cave-in. at 323 JEFFERSON AVENUE in BROOKLYN.,Pothole / Road Damage,40.683868687736535,-73.94501490771565,BROOKLYN
Hitting Building. at 90-52 217 STREET in QUEENS.,Fallen Tree / Vegetation,40.72442250819236,-73.7438404897924,QUEENS
Vehicle Idling Odor. at 5 AVENUE in MANHATTAN.,Pollution,40.77246135980183,-73.96704087525497,MANHATTAN
Blocking Street. at BROADWAY in MANHATTAN.,Fallen Tree / Vegetation,40.83917804362096,-73.94113521565505,MANHATTAN
Loud Music/Party. at 95 DELANCEY STREET in MANHATTAN.,Pollution,40.71884963627994,-73.98921726619577,MANHATTAN
"Rough, Pitted or Cracked Roads. at EAST 35 STREET in MANHATTAN.",Pothole / Road Damage,40.74544143979836,-73.9753944383944,MANHATTAN
Ped Lamp. in QUEENS.,Broken Streetlight,40.75502974129672,-73.87269170145485,QUEENS
Blocked - Construction. at GREENWICH STREET in MANHATTAN.,Pothole / Road Damage,40.73500282176335,-74.0069821505247,MANHATTAN
Hydrant Running Full (WA4). at 99 GOLD STREET in BROOKLYN.,Water Leakage / Sanitation,40.70193014153072,-73.9828147585138,BROOKLYN
Loud Music/Party. at 2420 AMSTERDAM AVENUE in MANHATTAN.,Pollution,40.84755220737575,-73.93131456588488,MANHATTAN
Street Light Out. in STATEN ISLAND.,Broken Streetlight,40.59832654233959,-74.1378412162012,STATEN ISLAND
Vehicle Exhaust Smoke. at 78-15 PARSONS BOULEVARD in QUEENS.,Pollution,40.72195913199264,-73.80969682426189,QUEENS
Street Light Out. at PITMAN AVENUE in BRONX.,Broken Streetlight,,,BRONX
Street Light Out. at 23-16 HEALEY AVENUE in QUEENS.,Broken Streetlight,40.60531378527751,-73.75974729376024,QUEENS
Hitting Building. at 616 53 STREET in BROOKLYN.,Fallen Tree / Vegetation,40.64173811648738,-74.00928571196185,BROOKLYN
Asbestos Disturbance. at 770 FULTON STREET in BROOKLYN.,Pollution,40.68480308376534,-73.97070425482374,BROOKLYN
Tree Alive - in Poor Condition. at 1727 WEST 5 STREET in BROOKLYN.,Fallen Tree / Vegetation,40.60546675364954,-73.97817224519817,BROOKLYN
Sewer Backup (Use Comments) (SA). at 50-14 43 STREET in QUEENS.,Drainage / Flooding,40.73729093627218,-73.92272820412238,QUEENS
Hitting Building. at 719 EAST 102 STREET in BROOKLYN.,Fallen Tree / Vegetation,40.64726259918662,-73.89819463401233,BROOKLYN
Hitting Phone/Cable Lines. at 2425 83 STREET in BROOKLYN.,Fallen Tree / Vegetation,40.60065372326683,-73.98704689429198,BROOKLYN
Manhole Cover Missing (Emergency) (SA3). at 1425 KINGS HIGHWAY in BROOKLYN.,Drainage / Flooding,40.608508194435615,-73.9588815646739,BROOKLYN
Hydrant Running (WC3). at 769 5 AVENUE in BROOKLYN.,Water Leakage / Sanitation,40.65777896767343,-73.99714910194311,BROOKLYN
Branch Cracked and Will Fall. at 1011 WOODYCREST AVENUE in BRONX.,Fallen Tree / Vegetation,40.832942699931614,-73.9277738072192,BRONX
Catch Basin Clogged/Flooding (Use Comments) (SC). at 50 WEST  192 STREET in BRONX.,Drainage / Flooding,40.86642452690667,-73.90079127508994,BRONX
Removal Request. at GILROY STREET in STATEN ISLAND.,Garbage / Waste,40.54399297706525,-74.2042388986559,STATEN ISLAND
Hydrant Leaking (WC1). at 45 RIVINGTON STREET in MANHATTAN.,Water Leakage / Sanitation,40.720875423620654,-73.99102433685879,MANHATTAN
Hitting Building. at 118 EAST 238 STREET in BRONX.,Fallen Tree / Vegetation,40.89910509886816,-73.87239404282546,BRONX
Removal Request. at 45-40 COURT SQUARE in QUEENS.,Garbage / Waste,40.74581449906705,-73.94354908016709,QUEENS
Dust from Construction. at 104-21 104 STREET in QUEENS.,Pollution,40.68139167615355,-73.83666961156277,QUEENS
Branch or Limb Has Fallen Down. at 251-08 HILLSIDE AVENUE in QUEENS.,Fallen Tree / Vegetation,40.73560063941232,-73.71634844777697,QUEENS
Hydrant Running (WC3). at 677 CARROLL STREET in BROOKLYN.,Water Leakage / Sanitation,40.67432538660784,-73.97919157237979,BROOKLYN
Hitting Building. at 181 AVENUE D in MANHATTAN.,Fallen Tree / Vegetation,40.7262114385672,-73.97420733339678,MANHATTAN
Loud Music/Party. at 613 BUSHWICK AVENUE in BROOKLYN.,Pollution,40.698407560246245,-73.93421988036695,BROOKLYN
Hitting Building. at 251 POWERS STREET in BROOKLYN.,Fallen Tree / Vegetation,40.71295512191259,-73.93979661223176,BROOKLYN
Street Light Cycling. at 243 MC DONALD AVENUE in BROOKLYN.,Broken Streetlight,40.64855214041278,-73.98051495048979,BROOKLYN
Failed Street Repair. at 3900 MONTICELLO AVENUE in BRONX.,Pothole / Road Damage,40.88910071187905,-73.83744683838482,BRONX
Culvert Blocked/Needs Cleaning (SE). at 528 EAST    6 STREET in MANHATTAN.,Drainage / Flooding,40.725120681414765,-73.98315152041313,MANHATTAN
Hydrant Running Full (WA4). at 1238 MORRIS AVENUE in BRONX.,Water Leakage / Sanitation,40.83436282548944,-73.91343657194555,BRONX
Street Light Out. at 137-56 SLOAN STREET in QUEENS.,Broken Streetlight,40.67482564584338,-73.75708507236605,QUEENS
No Water (WNW). at 459 37 STREET in BROOKLYN.,Water Leakage / Sanitation,40.65297283166544,-74.00369761149061,BROOKLYN
Loud Music/Party. at 12 PARK STREET in BROOKLYN.,Pollution,40.699398062262304,-73.93853578828099,BROOKLYN
Pedestrian Signal. in MANHATTAN.,Broken Streetlight,40.73588925328537,-73.99120995092437,MANHATTAN
Tree Alive - in Poor Condition. at 2574 FLINT AVENUE in BRONX.,Fallen Tree / Vegetation,40.88919485532816,-73.81778248542099,BRONX
Hydrant Knocked Over/Missing (WC). at 5515 7 AVENUE in BROOKLYN.,Water Leakage / Sanitation,40.63949839704049,-74.00896111390016,BROOKLYN
Branch or Limb Has Fallen Down. at MONTAGUE STREET in BROOKLYN.,Fallen Tree / Vegetation,40.69564313405081,-73.99738188693807,BROOKLYN
Removal Request. at 159-01 GRAND CENTRAL PARKWAY in QUEENS.,Garbage / Waste,40.71605253140748,-73.8064851291151,QUEENS
Pothole. in QUEENS.,Pothole / Road Damage,40.71037170078991,-73.84110376887807,QUEENS
Street Light Out. in BRONX.,Broken Streetlight,40.88697899007038,-73.84744469566341,BRONX
Street Light Out. at 163 WEST TREMONT AVENUE in BRONX.,Broken Streetlight,40.85072298293725,-73.91572141207084,BRONX
Dust from Construction. at 2160 BROADWAY in MANHATTAN.,Pollution,40.78185699918521,-73.98101757419873,MANHATTAN
Catch Basin Sunken/Damaged/Raised (SC1). at 3217 IRWIN AVENUE in BRONX.,Drainage / Flooding,40.88289273778891,-73.90745699480331,BRONX
Possible Water Main Break (Use Comments) (WA1). at 7402 BAY PARKWAY in BROOKLYN.,Water Leakage / Sanitation,40.60867399244361,-73.98682564552746,BROOKLYN
Street Light Out. at 115 CAMDEN AVENUE in STATEN ISLAND.,Broken Streetlight,40.50882683659387,-74.22870037923607,STATEN ISLAND
Removal Request. at 25-99 25 ROAD in QUEENS.,Garbage / Waste,40.77187928590296,-73.92132335981441,QUEENS
Pothole. in QUEENS.,Pothole / Road Damage,40.66023979907147,-73.83243948196912,QUEENS
Branch or Limb Has Fallen Down. at 2039 MILL AVENUE in BROOKLYN.,Fallen Tree / Vegetation,40.61638358273319,-73.91492229627048,BROOKLYN
Line/Marking - Faded. at 3525 FT HAMILTON PARKWAY in BROOKLYN.,Pothole / Road Damage,40.645122065632535,-73.98690493258896,BROOKLYN
Dead Branches in Tree. at 41 RIVERSIDE DRIVE in MANHATTAN.,Fallen Tree / Vegetation,40.78324908520495,-73.98438620410325,MANHATTAN
Sewer Backup (Use Comments) (SA). at 112-30 ROCKAWAY BEACH BOULEVARD in QUEENS.,Drainage / Flooding,40.58071713236663,-73.83403939991045,QUEENS
Loud Music/Party. at 708 ROGERS AVENUE in BROOKLYN.,Pollution,40.65424504696277,-73.95286716612556,BROOKLYN
Vehicle Signal. in MANHATTAN.,Broken Streetlight,40.8746385103204,-73.90973566879792,MANHATTAN
Bike Signal. in BROOKLYN.,Broken Streetlight,40.64495353538624,-73.95185394553866,BROOKLYN
Leak (Use Comments) (WA2). at 90-15 QUEENS BOULEVARD in QUEENS.,Water Leakage / Sanitation,40.73384724725437,-73.87157752015248,QUEENS
Controller. in MANHATTAN.,Broken Streetlight,40.74342393208858,-73.9998484302905,MANHATTAN
Branch or Limb Has Fallen Down. at 111-12 39 AVENUE in QUEENS.,Fallen Tree / Vegetation,40.7524793621194,-73.85594943506246,QUEENS
Controller. in BRONX.,Broken Streetlight,40.85016447956678,-73.86518644463881,BRONX
Blocking Street. at 98 SINCLAIR AVENUE in STATEN ISLAND.,Fallen Tree / Vegetation,40.5487535952701,-74.18410658129764,STATEN ISLAND
Hydrant Leaking (WC1). at 93-17 71 DRIVE in QUEENS.,Water Leakage / Sanitation,40.709026890401496,-73.84936327400385,QUEENS
Hydrant Running Full (WA4). at 1784 RANDALL AVENUE in BRONX.,Water Leakage / Sanitation,40.81692129571824,-73.86353771112596,BRONX
Manhole Overflow (Use Comments) (SA1). at 52-01 SKILLMAN AVENUE in QUEENS.,Drainage / Flooding,40.74592402085359,-73.91239662356028,QUEENS
Loud Music/Party. at 8706 AVENUE L in BROOKLYN.,Pollution,40.633976110593686,-73.90254917520005,BROOKLYN
Removal Request. at 117 NORTH 4 STREET in BROOKLYN.,Garbage / Waste,40.71667493494428,-73.96029745738925,BROOKLYN
Loud Music/Party. at 68-17 FOREST AVENUE in QUEENS.,Pollution,40.70314344425539,-73.90127591325967,QUEENS
Catch Basin Clogged/Flooding (Use Comments) (SC). in MANHATTAN.,Drainage / Flooding,40.72686582646435,-73.97990757169026,MANHATTAN
Sewer Backup (Use Comments) (SA). at 22 EAST   60 STREET in MANHATTAN.,Drainage / Flooding,40.76409088575159,-73.97068381949168,MANHATTAN
Vehicle Idling Odor. at 610 RIVERSIDE DRIVE in MANHATTAN.,Pollution,40.82305659515964,-73.95563086927642,MANHATTAN
Vehicle Idling Odor. at 432 WEST 162 STREET in MANHATTAN.,Pollution,40.835328755400376,-73.93882218293369,MANHATTAN
Entire Tree Has Fallen Down. at 1010 DORCHESTER ROAD in BROOKLYN.,Fallen Tree / Vegetation,40.63735886809059,-73.96806602023605,BROOKLYN
Sewer Odor (SA2). at 281 EAST   49 STREET in BROOKLYN.,Drainage / Flooding,40.65504690223386,-73.93173621471203,BROOKLYN
Manhole Overflow (Use Comments) (SA1). at 3253 ATLANTIC AVENUE in BROOKLYN.,Drainage / Flooding,40.68059197220651,-73.87537561780385,BROOKLYN
Loud Music/Party. at 2783 ATLANTIC AVENUE in BROOKLYN.,Pollution,40.67638691148331,-73.89157433137026,BROOKLYN
Street Light Out. in BRONX.,Broken Streetlight,40.85907127565783,-73.83190600929403,BRONX
Cave-in. at RIDGEWOOD AVENUE in BROOKLYN.,Pothole / Road Damage,,,BROOKLYN
Tree Alive - in Poor Condition. at 8 SHORE ROAD in STATEN ISLAND.,Fallen Tree / Vegetation,40.50535901411295,-74.25402210644896,STATEN ISLAND
Removal Request. at 1350 GRAND CONCOURSE in BRONX.,Garbage / Waste,40.83767382859059,-73.91461762857192,BRONX
Catch Basin Clogged/Flooding (Use Comments) (SC). in QUEENS.,Drainage / Flooding,40.71079770266842,-73.78266141672187,QUEENS
Removal Request. at 84-09 164 STREET in QUEENS.,Garbage / Waste,40.71367059559641,-73.80195057887121,QUEENS
Chimney/Vent Smoke. at 30 FAIRVIEW AVENUE in MANHATTAN.,Pollution,40.8574099430714,-73.92926191694492,MANHATTAN
Hitting Building. at 164 AINSLIE STREET in BROOKLYN.,Fallen Tree / Vegetation,40.71269569549328,-73.94816180343673,BROOKLYN
Hydrant Running Full (WA4). at 1235 MORRIS AVENUE in BRONX.,Water Leakage / Sanitation,40.83401990736171,-73.91366468236463,BRONX
Hitting Building. at 75-29 60 PLACE in QUEENS.,Fallen Tree / Vegetation,40.69802776935369,-73.89570086221255,QUEENS
Street Flooding (SJ). at 931 MAGENTA STREET in BRONX.,Drainage / Flooding,40.87435556475961,-73.85997748839267,BRONX
Street Flooding (SJ). at 4590 BEDFORD AVENUE in BROOKLYN.,Drainage / Flooding,40.58964548111593,-73.94469643636046,BROOKLYN
Conduit. in QUEENS.,Broken Streetlight,40.74753565069028,-73.88485401338326,QUEENS
Pothole. in MANHATTAN.,Pothole / Road Damage,40.73035038271091,-74.00820119902546,MANHATTAN
Controller. in BROOKLYN.,Broken Streetlight,40.60593544076196,-74.00045737407888,BROOKLYN
Branch or Limb Has Fallen Down. at 120-33 142 PLACE in QUEENS.,Fallen Tree / Vegetation,40.67589331308425,-73.79824850624206,QUEENS
Blocking Street. at 48 AVENUE in QUEENS.,Fallen Tree / Vegetation,40.7561965881882,-73.76341899871136,QUEENS
Glassware Hanging. at 41 CHARLESTON AVENUE in STATEN ISLAND.,Broken Streetlight,40.54944505633648,-74.2157702397924,STATEN ISLAND
Loud Music/Party. at 2400 CAMBRELENG AVENUE in BRONX.,Pollution,40.85462716597478,-73.88530121298899,BRONX
Removal Request. at 314 57 STREET in BROOKLYN.,Garbage / Waste,40.64336747959823,-74.01803497225072,BROOKLYN
Hitting Power Lines. at 40-09 201 STREET in QUEENS.,Fallen Tree / Vegetation,40.76140809378375,-73.78397989510299,QUEENS
Controller. in QUEENS.,Broken Streetlight,40.763634928612,-73.84198747193851,QUEENS
Possible Water Main Break (Use Comments) (WA1). at 42-52 MURRAY STREET in QUEENS.,Water Leakage / Sanitation,40.759774141158,-73.81166074960565,QUEENS
Dead Branches in Tree. at 24-53 37 STREET in QUEENS.,Fallen Tree / Vegetation,40.76856343980018,-73.91339213114098,QUEENS
Street Light Lamp Dim. in BROOKLYN.,Broken Streetlight,40.66812757904117,-73.90357348858655,BROOKLYN
Loud Music/Party. at 10 HOPE STREET in BROOKLYN.,Pollution,40.71377820117416,-73.95746753247961,BROOKLYN
Street Light Out. at 126-12 5 AVENUE in QUEENS.,Broken Streetlight,40.7925171312129,-73.84147471004289,QUEENS
Dust from Construction. at 775 RIVERSIDE DRIVE in MANHATTAN.,Pollution,40.83461400268721,-73.94768736804515,MANHATTAN
Chronic Dumping. at 726 EAST 96 STREET in BROOKLYN.,Garbage / Waste,40.65145332466998,-73.9107367749405,BROOKLYN
Blocking Street. at 12 SCRANTON STREET in STATEN ISLAND.,Fallen Tree / Vegetation,40.59982572232477,-74.09031052708482,STATEN ISLAND
Cave-in. at UNION TURNPIKE in QUEENS.,Pothole / Road Damage,40.73577809149982,-73.74653922101146,QUEENS
Veh Signal Head. in QUEENS.,Broken Streetlight,40.74827705606773,-73.93917280509925,QUEENS
Vehicle Signal. in BROOKLYN.,Broken Streetlight,40.60460969195782,-73.9982533698945,BROOKLYN
Sewer Backup (Use Comments) (SA). at 26-47 29 STREET in QUEENS.,Drainage / Flooding,40.77030289892349,-73.92000747701202,QUEENS
LED Pedestrian Unit. in MANHATTAN.,Broken Streetlight,40.83771452526321,-73.93999451245215,MANHATTAN
Asbestos Disturbance. at 2149 PACIFIC STREET in BROOKLYN.,Pollution,40.67578102595231,-73.91531519320986,BROOKLYN
Restaurant Odor. at 141-03 JEWEL AVENUE in QUEENS.,Pollution,40.729679220755166,-73.82466990010856,QUEENS
Cave-in. at 116 AVENUE in QUEENS.,Pothole / Road Damage,40.67879468553541,-73.80631563318876,QUEENS
Entire Tree Has Fallen Down. at 141-08 LABURNUM AVENUE in QUEENS.,Fallen Tree / Vegetation,40.75015596132212,-73.81640874355337,QUEENS
Hitting Building. at 57-10 MYRTLE AVENUE in QUEENS.,Fallen Tree / Vegetation,40.7004305205386,-73.90322021560861,QUEENS
Sewer Backup (Use Comments) (SA). at 230-39 146 AVENUE in QUEENS.,Drainage / Flooding,40.65926902453884,-73.74979262598849,QUEENS
Controller Cabinet. in QUEENS.,Broken Streetlight,40.72738299351371,-73.86409989809731,QUEENS
Cave-in. at 7301 13 AVENUE in BROOKLYN.,Pothole / Road Damage,40.62137747812973,-74.00629665239339,BROOKLYN
Loud Talking. at 1171 HAVEMEYER AVENUE in BRONX.,Pollution,40.83186042406053,-73.84787823269062,BRONX
Line/Marking - Faded. at 13 STREET in QUEENS.,Pothole / Road Damage,40.75564818664161,-73.94205003716061,QUEENS
Manhole Overflow (Use Comments) (SA1). in BROOKLYN.,Drainage / Flooding,40.67920428144961,-73.95529393829852,BROOKLYN
Branch or Limb Has Fallen Down. at 25-11 DITMARS BOULEVARD in QUEENS.,Fallen Tree / Vegetation,40.7785410933522,-73.91409407386479,QUEENS
Hydrant Leaking (WC1). at 225 6 AVENUE in BROOKLYN.,Water Leakage / Sanitation,40.67470677293904,-73.97844520092033,BROOKLYN
Dust from Construction. at 1407 BROADWAY in MANHATTAN.,Pollution,40.75343880205395,-73.98715073117594,MANHATTAN
Vehicle Idling Odor. at 18 MILBANK ROAD in STATEN ISLAND.,Pollution,40.561154772543695,-74.10267465976658,STATEN ISLAND
Vehicle Idling Odor. at 640 8 AVENUE in MANHATTAN.,Pollution,40.75666417742652,-73.99019293432467,MANHATTAN
Other Air Problem. at 134-33 59 AVENUE in QUEENS.,Pollution,40.74440622068844,-73.83109822547385,QUEENS
Entire Tree Has Fallen Down. at 1504 8 AVENUE in BROOKLYN.,Fallen Tree / Vegetation,40.66203754370285,-73.98232762878466,BROOKLYN
Branch Cracked and Will Fall. at WEST 141 STREET in MANHATTAN.,Fallen Tree / Vegetation,40.81652803207674,-73.93487264703299,MANHATTAN
Asbestos Disturbance. at 792 COLUMBUS AVENUE in MANHATTAN.,Pollution,40.79540999565012,-73.96674419547618,MANHATTAN
Street Light Out. in BRONX.,Broken Streetlight,40.86538805477803,-73.85289205806623,BRONX
Loud Music/Party. at 1282 ST NICHOLAS AVENUE in MANHATTAN.,Pollution,40.84493695838399,-73.93691944779661,MANHATTAN
Asbestos Disturbance. at 341 77 STREET in BROOKLYN.,Pollution,40.62974878986108,-74.02719284583883,BROOKLYN
Branch or Limb Has Fallen Down. at 25-12 DITMARS BOULEVARD in QUEENS.,Fallen Tree / Vegetation,40.77851364331258,-73.91409049857208,QUEENS
Other Air Problem. at 275 DELANCEY STREET in MANHATTAN.,Pollution,40.7161174624654,-73.98055291555104,MANHATTAN
Pothole. at CODWISE PLACE in QUEENS.,Pothole / Road Damage,,,QUEENS
Post. in QUEENS.,Broken Streetlight,40.68823585360696,-73.76195456984738,QUEENS
Possible Water Main Break (Use Comments) (WA1). at 115-45 146 STREET in QUEENS.,Water Leakage / Sanitation,40.682410533110485,-73.79576622526726,QUEENS
Street Light Out. at 21-12 45 AVENUE in QUEENS.,Broken Streetlight,40.74728195007427,-73.94725068332922,QUEENS
Street Light Dayburning. in QUEENS.,Broken Streetlight,40.76199424727413,-73.94247047328723,QUEENS
Manhole Cover Missing (Emergency) (SA3). at 1076 EASTERN PARKWAY in BROOKLYN.,Drainage / Flooding,40.668875653970886,-73.93267011611928,BROOKLYN
Other Air Problem. at EAST 56 STREET in BROOKLYN.,Pollution,,,BROOKLYN
Vehicle Idling Odor. at 367 WADSWORTH AVENUE in MANHATTAN.,Pollution,40.85632085432521,-73.93017765242645,MANHATTAN
Street Light Out. in BROOKLYN.,Broken Streetlight,40.61125751871624,-73.9745146689648,BROOKLYN
Catch Basin Clogged/Flooding (Use Comments) (SC). at 146-01 116 AVENUE in QUEENS.,Drainage / Flooding,40.68190481737504,-73.79538559286392,QUEENS
Vehicle Idling Odor. at 640 8 AVENUE in MANHATTAN.,Pollution,40.75666417742652,-73.99019293432467,MANHATTAN
Vehicle Idling Odor. at 640 8 AVENUE in MANHATTAN.,Pollution,40.75666417742652,-73.99019293432467,MANHATTAN
Loud Music/Party. at 98-05 NORTHERN BOULEVARD in QUEENS.,Pollution,40.75715694291976,-73.87025118924203,QUEENS
Vehicle Idling Odor. at 63-07 60 PLACE in QUEENS.,Pollution,40.71090973260951,-73.9028587244321,QUEENS
Controller. in QUEENS.,Broken Streetlight,40.73403191987995,-73.7236511333097,QUEENS
Tree Alive - in Poor Condition. at 492 ST MARKS AVENUE in BROOKLYN.,Fallen Tree / Vegetation,40.67638652400706,-73.95829172800721,BROOKLYN
Catch Basin Clogged/Flooding (Use Comments) (SC). at 61-61 69 STREET in QUEENS.,Drainage / Flooding,40.71803721234228,-73.88991569767612,QUEENS
Controller. in BROOKLYN.,Broken Streetlight,40.67664647024078,-73.91646415012636,BROOKLYN
Blocked - Construction. at 84 STREET in BROOKLYN.,Pothole / Road Damage,40.62564652216663,-74.0331099743488,BROOKLYN
Tree Alive - in Poor Condition. at 2038 GERRITSEN AVENUE in BROOKLYN.,Fallen Tree / Vegetation,40.60440360302768,-73.93802182714849,BROOKLYN
Branch Cracked and Will Fall. at CHARLES M LEE TRIANGLE in BRONX.,Fallen Tree / Vegetation,40.85590399757832,-73.8608477635144,BRONX
Tree Alive - in Poor Condition. at 713 CLASSON AVENUE in BROOKLYN.,Fallen Tree / Vegetation,40.67610154077955,-73.95961860513562,BROOKLYN
Removal Request. at 623 WEST 142 STREET in MANHATTAN.,Garbage / Waste,40.82479274498717,-73.95247898727598,MANHATTAN
Hitting Building. at 140-30 QUINCE AVENUE in QUEENS.,Fallen Tree / Vegetation,40.74686186938924,-73.81445452707518,QUEENS
Removal Request. at 1308 JEROME AVENUE in BRONX.,Garbage / Waste,40.83828639437494,-73.91911259619394,BRONX
Branch or Limb Has Fallen Down. at 76 VALDEMAR AVENUE in STATEN ISLAND.,Fallen Tree / Vegetation,40.52898443478729,-74.2010526523838,STATEN ISLAND
Restaurant Odor. at 198 UNDERHILL AVENUE in BROOKLYN.,Pollution,40.674695781330406,-73.96684764970726,BROOKLYN
Branch or Limb Has Fallen Down. at 443 KEAP STREET in BROOKLYN.,Fallen Tree / Vegetation,40.71220905814648,-73.95264221645617,BROOKLYN
Branch Cracked and Will Fall. at BRUSH AVENUE in BRONX.,Fallen Tree / Vegetation,40.8245695119039,-73.83909673620316,BRONX
Banging/Pounding. at 247 THIRD AVENUE in MANHATTAN.,Pollution,40.73715385745763,-73.9843573127709,MANHATTAN
Sewer Backup (Use Comments) (SA). at 283 EAST  234 STREET in BRONX.,Drainage / Flooding,40.896835637278365,-73.86786251156862,BRONX
Pothole. at MONTICELLO AVENUE in BRONX.,Pothole / Road Damage,,,BRONX
No Water (WNW). at 964 MADISON STREET in BROOKLYN.,Water Leakage / Sanitation,40.68879132219137,-73.91922904330669,BROOKLYN
Tree Trunk Split. at 716 OCEAN PARKWAY in BROOKLYN.,Fallen Tree / Vegetation,40.63105780663573,-73.97177984371524,BROOKLYN
Removal Request. at SHORE AVENUE in QUEENS.,Garbage / Waste,40.69376851588692,-73.80051315491846,QUEENS
Pothole. at ST NICHOLAS AVENUE in MANHATTAN.,Pothole / Road Damage,,,MANHATTAN
Removal Request. at 12 UNDERHILL AVENUE in BROOKLYN.,Garbage / Waste,40.68068148263308,-73.96465979705562,BROOKLYN
Hydrant Running Full (WA4). in BROOKLYN.,Water Leakage / Sanitation,40.65381039677691,-73.8967827026482,BROOKLYN
Plate Condition - Shifted. at 940 MADISON AVENUE in MANHATTAN.,Pothole / Road Damage,40.77326202817216,-73.96436876829624,MANHATTAN
Leak (Use Comments) (WA2). in MANHATTAN.,Water Leakage / Sanitation,40.79335027611389,-73.97273310665051,MANHATTAN
Street Light Out. in QUEENS.,Broken Streetlight,40.66776424358689,-73.73993427994054,QUEENS
Loud Music/Party. at 1555 ST NICHOLAS AVENUE in MANHATTAN.,Pollution,40.85349960696376,-73.93068668271616,MANHATTAN
Hitting Building. at 1455 CONEY ISLAND AVENUE in BROOKLYN.,Fallen Tree / Vegetation,40.62180313274835,-73.96460091573071,BROOKLYN
Sewer Backup (Use Comments) (SA). at 580 BAY STREET in STATEN ISLAND.,Drainage / Flooding,40.62752271374113,-74.0761612138779,STATEN ISLAND
No Water (WNW). at 850 ST NICHOLAS AVENUE in MANHATTAN.,Water Leakage / Sanitation,40.82913834843453,-73.94204746073962,MANHATTAN
Pothole. at WALKER STREET in MANHATTAN.,Pothole / Road Damage,,,MANHATTAN
Sewer Odor (SA2). at 72-21 48 AVENUE in QUEENS.,Drainage / Flooding,40.73827340178404,-73.89184891047539,QUEENS
Ped Lamp. in BROOKLYN.,Broken Streetlight,40.69953105419444,-73.91103665226316,BROOKLYN
Removal Request. at WESTCHESTER AVENUE in BRONX.,Garbage / Waste,,,BRONX
Street Light Out. at 7 BIALYSTOKER PLACE in MANHATTAN.,Broken Streetlight,40.71532738030961,-73.9831467814205,MANHATTAN
Hydrant Running (WC3). at 51 ARGYLE ROAD in BROOKLYN.,Water Leakage / Sanitation,40.64838455927181,-73.96766794384405,BROOKLYN
Hitting Building. at 2766 BAINBRIDGE AVENUE in BRONX.,Fallen Tree / Vegetation,40.867333863545056,-73.88962877867789,BRONX
Controller. in BROOKLYN.,Broken Streetlight,40.61717981585385,-74.03876808356814,BROOKLYN
Catch Basin Sunken/Damaged/Raised (SC1). at 435 EAST   26 STREET in MANHATTAN.,Drainage / Flooding,40.73849742971597,-73.97639656721564,MANHATTAN
Hitting Building. at 61-11 168 STREET in QUEENS.,Fallen Tree / Vegetation,40.73780080059005,-73.80092981694551,QUEENS
Loud Music/Party. at 740 5 AVENUE in BROOKLYN.,Pollution,40.65959046056335,-73.99526759696761,BROOKLYN
Cave-in. at WEST 187 STREET in MANHATTAN.,Pothole / Road Damage,40.85509784049095,-73.93689173668447,MANHATTAN
Manhole Overflow (Use Comments) (SA1). at 73-01 51 AVENUE in QUEENS.,Drainage / Flooding,40.73644571170359,-73.88929350198721,QUEENS
Banging/Pounding. at 752 MCDONALD AVENUE in BROOKLYN.,Pollution,40.63598334221197,-73.97814424844115,BROOKLYN
Removal Request. at 2155 EAST 33 STREET in BROOKLYN.,Garbage / Waste,40.60583769865207,-73.93070612058635,BROOKLYN
Tree Trunk Split. at 134-09 BOOTH MEMORIAL AVENUE in QUEENS.,Fallen Tree / Vegetation,40.748014763968165,-73.83054771791613,QUEENS
Hydrant Running (WC3). at 250 EAST   87 STREET in MANHATTAN.,Water Leakage / Sanitation,40.77872492359474,-73.95168139915737,MANHATTAN
Hitting Building. at 89 ROAD in QUEENS.,Fallen Tree / Vegetation,40.71668999759815,-73.76282693450304,QUEENS
Branch or Limb Has Fallen Down. at 3110 NOSTRAND AVENUE in BROOKLYN.,Fallen Tree / Vegetation,40.6084686787293,-73.94340590947847,BROOKLYN
Branch or Limb Has Fallen Down. at 160 BEACH 116 STREET in QUEENS.,Fallen Tree / Vegetation,40.57890383720071,-73.83666824693822,QUEENS
Manhole Overflow (Use Comments) (SA1). at 898 WHEELER AVENUE in BRONX.,Drainage / Flooding,40.82182641949738,-73.87853629670715,BRONX
Traffic Signal Light. in MANHATTAN.,Broken Streetlight,40.723010314091134,-73.98575320366534,MANHATTAN
No Water (WNW). at 140-32 169 STREET in QUEENS.,Water Leakage / Sanitation,40.67061070431386,-73.77097919585759,QUEENS
Controller. in QUEENS.,Broken Streetlight,40.69540937865024,-73.74100207328576,QUEENS
Street Light Out. at 2261 BOSTON ROAD in BRONX.,Broken Streetlight,40.85905461481472,-73.86758691308724,BRONX
Sewer Backup (Use Comments) (SA). at 550 WASHINGTON STREET in MANHATTAN.,Drainage / Flooding,40.728157221318135,-74.00952144828382,MANHATTAN
Controller. in MANHATTAN.,Broken Streetlight,40.76114768546093,-73.97951459534153,MANHATTAN
Street Light Lamp Missing. at VICTORY BLVD.,Broken Streetlight,,,Unspecified
Branch Cracked and Will Fall. at 1242 ALLERTON AVENUE in BRONX.,Fallen Tree / Vegetation,40.86534761795212,-73.85132305343917,BRONX
Line/Marking - Faded. at 245 EAST 35 STREET in MANHATTAN.,Pothole / Road Damage,40.74582588945308,-73.97627487602091,MANHATTAN
Pedestrian Signal. in BROOKLYN.,Broken Streetlight,40.65231396566228,-73.95601110914542,BROOKLYN
Traffic Sign or Signal Blocked. at 57-42 136 STREET in QUEENS.,Fallen Tree / Vegetation,40.74614911612738,-73.82922075809138,QUEENS
Street Light Out. at 3638 PALMER AVENUE in BRONX.,Broken Streetlight,40.88383710954341,-73.83795515929397,BRONX
Vehicle Idling Odor. at 640 8 AVENUE in MANHATTAN.,Pollution,40.75666417742652,-73.99019293432467,MANHATTAN
Asbestos Disturbance. at 455 CARLTON AVENUE in BROOKLYN.,Pollution,40.6841279566602,-73.97104708283445,BROOKLYN
Hydrant Running Full (WA4). in MANHATTAN.,Water Leakage / Sanitation,40.86125849849244,-73.92566793186856,MANHATTAN
Removal Request. at 3890 BOSTON ROAD in BRONX.,Garbage / Waste,40.88328689703473,-73.83511762571811,BRONX
Vehicle Idling Odor. at 827 DEAN STREET in BROOKLYN.,Pollution,40.67909162943131,-73.96266689670611,BROOKLYN
Dust from Construction. at 50 TAAFFE PLACE in BROOKLYN.,Pollution,40.697357475638576,-73.9608535137711,BROOKLYN
Controller. in BRONX.,Broken Streetlight,40.82809877780817,-73.9202017729653,BRONX
Catch Basin Clogged/Flooding (Use Comments) (SC). at 305 TROY AVENUE in BROOKLYN.,Drainage / Flooding,40.66824116783167,-73.9367260843877,BROOKLYN
Dust from Construction. at 247 EAST 39 STREET in MANHATTAN.,Pollution,40.74828753761745,-73.97444420277945,MANHATTAN
Pothole. at 42 AVENUE in QUEENS.,Pothole / Road Damage,,,QUEENS
Removal Request. at 302 BLEECKER STREET in MANHATTAN.,Garbage / Waste,40.73259856652774,-74.00379223536149,MANHATTAN
Tree Alive - in Poor Condition. at 492 ST MARKS AVENUE in BROOKLYN.,Fallen Tree / Vegetation,40.67638652400706,-73.95829172800721,BROOKLYN
Branch or Limb Has Fallen Down. at 2326 EAST 63 STREET in BROOKLYN.,Fallen Tree / Vegetation,40.61253688988944,-73.90970469220024,BROOKLYN
Hydrant Running Full (WA4). in BRONX.,Water Leakage / Sanitation,40.82504317031682,-73.85258740925035,BRONX
Hitting Building. at 533 EAST 87 STREET in MANHATTAN.,Fallen Tree / Vegetation,40.77623279932913,-73.94573296954357,MANHATTAN
Hydrant Running (WC3). at 223 STANHOPE STREET in BROOKLYN.,Water Leakage / Sanitation,40.70065783895164,-73.92049136349274,BROOKLYN
Vehicle Idling Odor. at 640 8 AVENUE in MANHATTAN.,Pollution,40.75666417742652,-73.99019293432467,MANHATTAN
Catch Basin Clogged/Flooding (Use Comments) (SC). at 1004 VAN NEST AVENUE in BRONX.,Drainage / Flooding,40.84688592742416,-73.85500403873101,BRONX
Hydrant Running (WC3). at 573 WEST  191 STREET in MANHATTAN.,Water Leakage / Sanitation,40.85537028371638,-73.92870016530128,MANHATTAN
Vehicle Idling Odor. at 121 AVENUE in QUEENS.,Pollution,40.677967242770585,-73.78696494560916,QUEENS
Pothole. at TERRACE COURT in QUEENS.,Pothole / Road Damage,,,QUEENS
Tree Leaning/Uprooted. at 94-11 34 ROAD in QUEENS.,Fallen Tree / Vegetation,40.75374863866246,-73.87332217947434,QUEENS
Removal Request. at 4199 WEBSTER AVENUE in BRONX.,Garbage / Waste,40.89521953409441,-73.86358675644752,BRONX
Tree Leaning/Uprooted. at 4508 FOSTER AVENUE in BROOKLYN.,Fallen Tree / Vegetation,40.63949885999418,-73.93372306165578,BROOKLYN
Hitting Building. at 111-34 131 STREET in QUEENS.,Fallen Tree / Vegetation,40.683005385695,-73.81139803343517,QUEENS
Sewer Backup (Use Comments) (SA). at 67-35 YELLOWSTONE BOULEVARD in QUEENS.,Drainage / Flooding,40.72744105938765,-73.84901858247126,QUEENS
Branch Cracked and Will Fall. at 56 HURON STREET in BROOKLYN.,Fallen Tree / Vegetation,40.73257502498823,-73.95946170243438,BROOKLYN
Loud Music/Party. at 397 GREENE AVENUE in BROOKLYN.,Pollution,40.68794632861221,-73.95515826830517,BROOKLYN
Sewer Backup (Use Comments) (SA). at 8 FOUNTAIN AVENUE in BROOKLYN.,Drainage / Flooding,40.679775227998825,-73.87648759556762,BROOKLYN
Vehicle Idling Odor. at 475 CLERMONT AVENUE in BROOKLYN.,Pollution,40.68330396241382,-73.96889132213484,BROOKLYN
Tree Trunk Split. at 1003 52 STREET in BROOKLYN.,Fallen Tree / Vegetation,40.63724802090754,-74.00030626015017,BROOKLYN
Branch or Limb Has Fallen Down. at 754 WARWICK STREET in BROOKLYN.,Fallen Tree / Vegetation,40.66432351715333,-73.8830728405798,BROOKLYN
Loud Music/Party. at 1212 LINCOLN PLACE in BROOKLYN.,Pollution,40.67000569213066,-73.93606112152096,BROOKLYN
Removal Request. at 2076 EAST 68 STREET in BROOKLYN.,Garbage / Waste,40.618594845635045,-73.90995224328783,BROOKLYN
Branch or Limb Has Fallen Down. at 1142 EAST 28 STREET in BROOKLYN.,Fallen Tree / Vegetation,40.6230979222888,-73.9481521400699,BROOKLYN
Veh Signal Lamp. in QUEENS.,Broken Streetlight,,,QUEENS
Vehicle Idling Odor. at GRATTAN STREET in BROOKLYN.,Pollution,40.70644526205035,-73.92682521873122,BROOKLYN
Hitting Building. at 2136 NEW YORK AVENUE in BROOKLYN.,Fallen Tree / Vegetation,40.62055919506833,-73.9427976995387,BROOKLYN
Asbestos Disturbance. at 245 DUFFIELD STREET in BROOKLYN.,Pollution,40.69090737963044,-73.98439340414983,BROOKLYN
Loud Music/Party. at 833 EAST 52 STREET in BROOKLYN.,Pollution,40.63963759706789,-73.92712548158596,BROOKLYN
APS. in QUEENS.,Broken Streetlight,40.71181195872825,-73.7878451222173,QUEENS
Loud Music/Party. at 1282 ST NICHOLAS AVENUE in MANHATTAN.,Pollution,40.84493695838399,-73.93691944779661,MANHATTAN
Cave-in. at 204 JACKSON STREET in BROOKLYN.,Pothole / Road Damage,40.716837660921286,-73.94262849329249,BROOKLYN
Loud Music/Party. at 833 EAST 52 STREET in BROOKLYN.,Pollution,40.63963759706789,-73.92712548158596,BROOKLYN
Cave-in. at 39 AVENUE in QUEENS.,Pothole / Road Damage,40.76657389116463,-73.76446154695398,QUEENS
Tree Alive - in Poor Condition. at 2 AVENUE in MANHATTAN.,Fallen Tree / Vegetation,40.78043687037072,-73.94988197391493,MANHATTAN
Lamppost Knocked Down. at CROSS ISL PKWY in QUEENS.,Broken Streetlight,40.79857024227067,-73.79354615537696,QUEENS
Loud Music/Party. at 1388 JESUP AVENUE in BRONX.,Pollution,40.84091437504712,-73.92097788675667,BRONX
Branch Cracked and Will Fall. at 480 EASTERN PARKWAY in BROOKLYN.,Fallen Tree / Vegetation,40.669961514725614,-73.95252802055411,BROOKLYN
Asbestos Disturbance. at 120 CHAUNCEY STREET in BROOKLYN.,Pollution,40.68039353078744,-73.92942084455248,BROOKLYN
Hydrant Running (WC3). in MANHATTAN.,Water Leakage / Sanitation,40.8240995502785,-73.94890966201687,MANHATTAN
Tree Alive - in Poor Condition. at 457 ST MARKS AVENUE in BROOKLYN.,Fallen Tree / Vegetation,40.67653771741822,-73.95893335614143,BROOKLYN
Branch or Limb Has Fallen Down. at 1971 EAST 33 STREET in BROOKLYN.,Fallen Tree / Vegetation,40.60878479860682,-73.93399125437854,BROOKLYN
Asbestos Disturbance. at 2501 86 STREET in BROOKLYN.,Pollution,40.59786501220483,-73.98707624276909,BROOKLYN
Chimney/Vent Smoke. at 624 SOUTH CONDUIT BOULEVARD in BROOKLYN.,Pollution,40.67590510222738,-73.86665990579837,BROOKLYN
Removal Request. at 2801 ST THERESA AVENUE in BRONX.,Garbage / Waste,40.84967606805519,-73.83566360660056,BRONX
Sewer Backup (Use Comments) (SA). at 250-10 RUSHMORE TERRACE in QUEENS.,Drainage / Flooding,40.7654426815853,-73.73283824492133,QUEENS
Restaurant Odor. at 344 7 AVENUE in BROOKLYN.,Pollution,40.66649500153321,-73.98192633269691,BROOKLYN
Cave-in. at 60 PLACE in QUEENS.,Pothole / Road Damage,40.7104456912986,-73.90265019356733,QUEENS
Sewer Backup (Use Comments) (SA). at 36 WEST   28 STREET in MANHATTAN.,Drainage / Flooding,40.74550120706838,-73.98925986854637,MANHATTAN
Hydrant Leaking (WC1). in BRONX.,Water Leakage / Sanitation,40.8846860238732,-73.88984589103906,BRONX
Branch Cracked and Will Fall. at 25-09 BROADWAY in QUEENS.,Fallen Tree / Vegetation,40.76331743980176,-73.92820307873986,QUEENS
Street Light Out. at -999 VERONA STREET in BROOKLYN.,Broken Streetlight,,,BROOKLYN
Hydrant Running Full (WA4). in BRONX.,Water Leakage / Sanitation,40.838334239843086,-73.91691886882532,BRONX
Hydrant Running Full (WA4). at 271 VAN SICLEN AVENUE in BROOKLYN.,Water Leakage / Sanitation,40.67338582995605,-73.89047607545501,BROOKLYN
Manhole Overflow (Use Comments) (SA1). at 230 LIVINGSTON AVENUE in STATEN ISLAND.,Drainage / Flooding,40.599850082288654,-74.12820435968717,STATEN ISLAND
Defective Hardware. at 77 BAY RIDGE AVENUE in BROOKLYN.,Pothole / Road Damage,40.63789106896943,-74.03295391049316,BROOKLYN
Catch Basin Clogged/Flooding (Use Comments) (SC). at 90 MORTON STREET in MANHATTAN.,Drainage / Flooding,40.73103934284925,-74.00781882183554,MANHATTAN
Pothole. at GRAND AVENUE in QUEENS.,Pothole / Road Damage,,,QUEENS
Controller. in BROOKLYN.,Broken Streetlight,40.62029796128757,-73.9614138148195,BROOKLYN
Possible Water Main Break (Use Comments) (WA1). at 237-30 FAIRBURY AVENUE in QUEENS.,Water Leakage / Sanitation,40.72472034939616,-73.73003948680744,QUEENS
Loud Music/Party. at 397 GREENE AVENUE in BROOKLYN.,Pollution,40.68794632861221,-73.95515826830517,BROOKLYN
Catch Basin Clogged/Flooding (Use Comments) (SC). at 1481 BLONDELL AVENUE in BRONX.,Drainage / Flooding,40.84495098472401,-73.84452674062642,BRONX
Cave-in. at HEGEMAN AVENUE in BROOKLYN.,Pothole / Road Damage,40.66116171363454,-73.88879489026272,BROOKLYN
Hitting Building. at 181 AVENUE D in MANHATTAN.,Fallen Tree / Vegetation,40.7262114385672,-73.97420733339678,MANHATTAN
Blocking Street. at 2033 PITKIN AVENUE in BROOKLYN.,Fallen Tree / Vegetation,40.67166309011898,-73.89749768832112,BROOKLYN
Blank Out Matrix Sgn. in QUEENS.,Broken Streetlight,40.76300885313022,-73.87532248292224,QUEENS
Entire Tree Has Fallen Down. at 1026 ROSSVILLE AVENUE in STATEN ISLAND.,Fallen Tree / Vegetation,40.55218570298199,-74.21211583308958,STATEN ISLAND
Cave-in. at EAST 222 STREET in BRONX.,Pothole / Road Damage,40.88569315009606,-73.86163891179699,BRONX
Street Light Out. at 2015 BUSSING AVENUE in BRONX.,Broken Streetlight,40.89557076788952,-73.84401408111519,BRONX
Asbestos Disturbance. at 2149 PACIFIC STREET in BROOKLYN.,Pollution,40.67578102595231,-73.91531519320986,BROOKLYN
Street Flooding (SJ). at 211-61 JAMAICA AVENUE in QUEENS.,Drainage / Flooding,40.71553233823948,-73.74763347148415,QUEENS
Defective Hardware. at LEROY STREET in MANHATTAN.,Pothole / Road Damage,40.7304466607431,-74.0043044630722,MANHATTAN
Post. in BROOKLYN.,Broken Streetlight,40.62577363807008,-73.9363196421612,BROOKLYN
Hitting Power Lines. at 421 HYLAN BOULEVARD in STATEN ISLAND.,Fallen Tree / Vegetation,40.60960280954303,-74.0748658143478,STATEN ISLAND
Veh Signal Lamp. in BROOKLYN.,Broken Streetlight,40.69953105419444,-73.91103665226316,BROOKLYN
Cave-in. at 60-94 67 AVENUE in QUEENS.,Pothole / Road Damage,40.70528990111614,-73.89818175779003,QUEENS
Controller. in BROOKLYN.,Broken Streetlight,40.73232344165765,-73.95460882398066,BROOKLYN
Hitting Power Lines. at 89-88 212 PLACE in QUEENS.,Fallen Tree / Vegetation,40.722435335778925,-73.75010384686891,QUEENS
Removal Request. at SHORE AVENUE in QUEENS.,Garbage / Waste,40.69376851588692,-73.80051315491846,QUEENS
Hitting Building. at 447 84 STREET in BROOKLYN.,Fallen Tree / Vegetation,40.62355122184325,-74.0264734589007,BROOKLYN
Asbestos Disturbance. at 491 EAST 166 STREET in BRONX.,Pollution,40.82802652267602,-73.90795245784298,BRONX
Pothole. at OLINVILLE AVENUE in BRONX.,Pothole / Road Damage,,,BRONX
Branch or Limb Has Fallen Down. at 377 MACON STREET in BROOKLYN.,Fallen Tree / Vegetation,40.68259896347446,-73.93649973588786,BROOKLYN
Catch Basin Clogged/Flooding (Use Comments) (SC). at 1545 HAIGHT AVENUE in BRONX.,Drainage / Flooding,40.845199335995325,-73.84966935096737,BRONX
Controller. in BROOKLYN.,Broken Streetlight,40.589041564473646,-73.94457092038316,BROOKLYN
Asbestos Disturbance. at 2865 OCEAN AVENUE in BROOKLYN.,Pollution,40.59149512052406,-73.94990496196527,BROOKLYN
Branch or Limb Has Fallen Down. at 100 GOFF AVENUE in STATEN ISLAND.,Fallen Tree / Vegetation,40.52727225069943,-74.21290728087172,STATEN ISLAND
Street Light Out. in STATEN ISLAND.,Broken Streetlight,40.5947174537195,-74.08330372632511,STATEN ISLAND
Vehicle Idling Odor. at 604 RIVERSIDE DRIVE in MANHATTAN.,Pollution,40.82255166990045,-73.95589857491959,MANHATTAN
Loud Music/Party. at 12 PARK STREET in BROOKLYN.,Pollution,40.699398062262304,-73.93853578828099,BROOKLYN
Street Light Out. in BROOKLYN.,Broken Streetlight,40.68358445537789,-73.8953412625771,BROOKLYN
Hydrant Running (WC3). at 161 DYCKMAN STREET in MANHATTAN.,Water Leakage / Sanitation,40.863718021154384,-73.92609179191042,MANHATTAN
Vehicle Idling Odor. at 640 8 AVENUE in MANHATTAN.,Pollution,40.75666417742652,-73.99019293432467,MANHATTAN
Loud Music/Party. at 750 4 AVENUE in BROOKLYN.,Pollution,40.66075981164861,-73.99772927176525,BROOKLYN
Hydrant Running Full (WA4). at 969 TELLER AVENUE in BRONX.,Water Leakage / Sanitation,40.82709874763185,-73.91502505270722,BRONX
Street Light Out. at 70-22 71 STREET in QUEENS.,Broken Streetlight,40.70489492939058,-73.88127766586831,QUEENS
Vehicle Idling Odor. at 190 UNDERHILL AVENUE in BROOKLYN.,Pollution,40.674868683422766,-73.96678267208053,BROOKLYN
"Rough, Pitted or Cracked Roads. at 21-36 80 STREET in QUEENS.",Pothole / Road Damage,40.77006672650112,-73.88990911907412,QUEENS
Street Light Out. at 2609 MILL AVENUE in BROOKLYN.,Broken Streetlight,40.60945053132338,-73.91168252276216,BROOKLYN
Cave-in. at 7008 AVENUE L in BROOKLYN.,Pothole / Road Damage,40.62623714166454,-73.91458911606392,BROOKLYN
Hitting Power Lines. at 90 ANNADALE ROAD in STATEN ISLAND.,Fallen Tree / Vegetation,40.56133565585716,-74.17723482341088,STATEN ISLAND
Vehicle Idling Odor. at 94-50 FORBELL STREET in QUEENS.,Pollution,40.68275706239934,-73.86516072920108,QUEENS
Fixture/Luminaire Damaged. at 1600 PARKVIEW AVENUE in BRONX.,Broken Streetlight,40.845310116161045,-73.8268843257178,BRONX
Fixture/Luminaire Damaged. at BKLYN QUEENS EXPY in BROOKLYN.,Broken Streetlight,,,BROOKLYN
Removal Request. at 914 3 AVENUE in MANHATTAN.,Garbage / Waste,40.759097592350855,-73.96839388815684,MANHATTAN
Branch Cracked and Will Fall. at 90-03 214 STREET in QUEENS.,Fallen Tree / Vegetation,40.72266396028115,-73.74795641210765,QUEENS
Street Flooding (SJ). at 4517 BARNES AVENUE in BRONX.,Drainage / Flooding,40.89940507171362,-73.85021594727792,BRONX
Pothole. in BRONX.,Pothole / Road Damage,40.90268732705498,-73.90400370553442,BRONX
Controller. in STATEN ISLAND.,Broken Streetlight,40.60940248051937,-74.09010738879118,STATEN ISLAND
Hitting Building. at 2202 EAST 28 STREET in BROOKLYN.,Fallen Tree / Vegetation,40.5977035552442,-73.94334661624833,BROOKLYN
Controller. in BROOKLYN.,Broken Streetlight,40.68479855463378,-73.95640432752157,BROOKLYN
Dead Branches in Tree.,Fallen Tree / Vegetation,,,Unspecified
Sewer Odor (SA2). at 92-54 173 STREET in QUEENS.,Drainage / Flooding,40.70695648378213,-73.78637455764934,QUEENS
Traffic Sign or Signal Blocked. at BEACH 9 STREET in QUEENS.,Fallen Tree / Vegetation,40.60495453576413,-73.74585824851685,QUEENS
Loud Music/Party. at 2614 NEWKIRK AVENUE in BROOKLYN.,Pollution,40.63975498670418,-73.95203425303694,BROOKLYN
Street Light Out. in BRONX.,Broken Streetlight,40.83208924481255,-73.88979203964699,BRONX
Tree Leaning/Uprooted. at SOUTH 1 STREET in BROOKLYN.,Fallen Tree / Vegetation,40.71504601178742,-73.96480029621546,BROOKLYN
Street Light Out. in BRONX.,Broken Streetlight,40.90522300186876,-73.84751134556954,BRONX
Vehicle Idling Odor. at 157 STREET in QUEENS.,Pollution,40.67584368520417,-73.7830421082411,QUEENS
Hydrant Running (WC3). in MANHATTAN.,Water Leakage / Sanitation,40.8011722776532,-73.9614570576982,MANHATTAN
Entire Tree Has Fallen Down. at 184 EAGLE STREET in BROOKLYN.,Fallen Tree / Vegetation,40.73530378018608,-73.95344490072459,BROOKLYN
Blocking Street. at 90-23 205 STREET in QUEENS.,Fallen Tree / Vegetation,40.717470258916926,-73.75791086440296,QUEENS
Removal Request. at 14 STUYVESANT AVENUE in BROOKLYN.,Garbage / Waste,40.69614613758103,-73.93468731709979,BROOKLYN
Removal Request. at 951 52 STREET in BROOKLYN.,Garbage / Waste,40.638000082425904,-74.00154933351494,BROOKLYN
Blocking Street. at 830 KENT AVENUE in BROOKLYN.,Fallen Tree / Vegetation,40.69593253557353,-73.95967871867727,BROOKLYN
Street Light Out. at 92-96 220 STREET in QUEENS.,Broken Streetlight,40.72391068339932,-73.73717531334371,QUEENS
Removal Request. at 53-78 62 STREET in QUEENS.,Garbage / Waste,40.7299093099922,-73.90326760453345,QUEENS
Loud Music/Party. at 299 VANDERVORT AVENUE in BROOKLYN.,Pollution,40.7154770910346,-73.93393970196206,BROOKLYN
Loud Music/Party. at 1813 CARTER AVENUE in BRONX.,Pollution,40.846219507751485,-73.90253101166311,BRONX
Loud Music/Party. at 750 4 AVENUE in BROOKLYN.,Pollution,40.66075981164861,-73.99772927176525,BROOKLYN
Vehicle Idling Odor. at 640 8 AVENUE in MANHATTAN.,Pollution,40.75666417742652,-73.99019293432467,MANHATTAN
Veh Signal Lamp. in QUEENS.,Broken Streetlight,40.74843798743709,-73.87625202188431,QUEENS
Street Light Dayburning. in BROOKLYN.,Broken Streetlight,40.62053969823663,-73.93700544374092,BROOKLYN
Asbestos Disturbance. at 770 FULTON STREET in BROOKLYN.,Pollution,40.68480308376534,-73.97070425482374,BROOKLYN
Asbestos Disturbance. at 2501 86 STREET in BROOKLYN.,Pollution,40.59786501220483,-73.98707624276909,BROOKLYN
Blocking Street. at 2778 THIRD AVENUE in BRONX.,Fallen Tree / Vegetation,40.81495944495904,-73.91967562512845,BRONX
Tree Alive - in Poor Condition. at 30-15 35 AVENUE in QUEENS.,Fallen Tree / Vegetation,40.75841587977845,-73.92909632763435,QUEENS
Defective Hardware. at 1074 FIRST AVENUE in MANHATTAN.,Pothole / Road Damage,40.75927139356286,-73.96221045553305,MANHATTAN
Hitting Building. at 768 EAST 220 STREET in BRONX.,Fallen Tree / Vegetation,40.8836937671865,-73.86060154355741,BRONX
Tree Leaning/Uprooted. at 1989 EAST 2 STREET in BROOKLYN.,Fallen Tree / Vegetation,40.60091685761402,-73.97028732330801,BROOKLYN
Lamppost Missing. in QUEENS.,Broken Streetlight,,,QUEENS
Street Light Out. at 3114 VILLA AVENUE in BRONX.,Broken Streetlight,40.87470426708049,-73.88771094880946,BRONX
Removal Request. at 220 FLUSHING AVENUE in BROOKLYN.,Garbage / Waste,40.69768610521971,-73.96726537047942,BROOKLYN
Hitting Building. at PAYSON AVENUE in MANHATTAN.,Fallen Tree / Vegetation,40.86634670693636,-73.92929941176281,MANHATTAN
Pothole. at THAMES STREET in BROOKLYN.,Pothole / Road Damage,,,BROOKLYN
Loud Music/Party. at 4455 BROADWAY in MANHATTAN.,Pollution,40.857175780096576,-73.9323999650772,MANHATTAN
Pothole. at HALSEY STREET in BROOKLYN.,Pothole / Road Damage,,,BROOKLYN
Tree Leaning/Uprooted. at 1846 EAST 34 STREET in BROOKLYN.,Fallen Tree / Vegetation,40.611258740898194,-73.93554472480531,BROOKLYN
Restaurant Odor. at 76 MOTT STREET in MANHATTAN.,Pollution,40.71639081910568,-73.99801235626208,MANHATTAN
Sewer Backup (Use Comments) (SA). at 84 NORTH    3 STREET in BROOKLYN.,Drainage / Flooding,40.71696932443857,-73.96238234221563,BROOKLYN
Entire Tree Has Fallen Down. at 3411 FLATLANDS AVENUE in BROOKLYN.,Fallen Tree / Vegetation,40.617739254254005,-73.94074697134803,BROOKLYN
Removal Request. at 9224 4 AVENUE in BROOKLYN.,Garbage / Waste,40.61809912524724,-74.03028224130318,BROOKLYN
Pothole. in MANHATTAN.,Pothole / Road Damage,40.77310012095384,-73.96447355684663,MANHATTAN
Controller. in BROOKLYN.,Broken Streetlight,40.661122143373326,-74.00060192646814,BROOKLYN
Blocking Street. at 2020 EAST 54 STREET in BROOKLYN.,Fallen Tree / Vegetation,40.612337120829146,-73.92175630993053,BROOKLYN
Lamppost Knocked Down. at BRONX RVR PKWY in BRONX.,Broken Streetlight,40.878289523978026,-73.87005819791149,BRONX
Tree Leaning/Uprooted. at 1190 EAST 223 STREET in BRONX.,Fallen Tree / Vegetation,40.88177786346227,-73.84749279344359,BRONX
Removal Request. at 3020 AVENUE Y in BROOKLYN.,Garbage / Waste,40.5920895856974,-73.93646338389036,BROOKLYN
Catch Basin Clogged/Flooding (Use Comments) (SC). in BRONX.,Drainage / Flooding,40.85005132357941,-73.85780929151602,BRONX
Branch or Limb Has Fallen Down. at 3128 FAIRFIELD AVENUE in BRONX.,Fallen Tree / Vegetation,40.88358678149406,-73.9140885296694,BRONX
Catch Basin Clogged/Flooding (Use Comments) (SC). at 96 INDIA STREET in BROOKLYN.,Drainage / Flooding,40.73214299580921,-73.95644190849734,BROOKLYN
Branch or Limb Has Fallen Down. at 106 DEVOE STREET in BROOKLYN.,Fallen Tree / Vegetation,40.71353229051003,-73.9469383171362,BROOKLYN
Blocking Street. at 3331 PERRY AVENUE in BRONX.,Fallen Tree / Vegetation,40.87800375287516,-73.87473077186706,BRONX
Removal Request. at 746 EAST 221 STREET in BRONX.,Garbage / Waste,40.88453920405832,-73.8606612507803,BRONX
Catch Basin Clogged/Flooding (Use Comments) (SC). at 304 HENRY STREET in BROOKLYN.,Drainage / Flooding,40.690924842522286,-73.99616325733571,BROOKLYN
Asbestos Disturbance. at 120 CHAUNCEY STREET in BROOKLYN.,Pollution,40.68039353078744,-73.92942084455248,BROOKLYN
Tree Alive - in Poor Condition. at 445 EAST 102 STREET in MANHATTAN.,Fallen Tree / Vegetation,40.78640212922363,-73.94035131523282,MANHATTAN
Vehicle Idling Odor. at ST NICHOLAS AVENUE in MANHATTAN.,Pollution,40.847998812236256,-73.93469364081751,MANHATTAN
Vehicle Idling Odor. at 167 FRANKLIN STREET in BROOKLYN.,Pollution,40.73230002586203,-73.9580005485057,BROOKLYN
Removal Request. at 600 WEST 57 STREET in MANHATTAN.,Garbage / Waste,40.7703660383441,-73.99154837531617,MANHATTAN
Removal Request. at 246 EAST 15 STREET in MANHATTAN.,Garbage / Waste,40.73327011970919,-73.9850221430027,MANHATTAN
Controller. in QUEENS.,Broken Streetlight,,,QUEENS
Hydrant Leaking (WC1). at 788 WILLOUGHBY AVENUE in BROOKLYN.,Water Leakage / Sanitation,40.69527454282186,-73.9369131946958,BROOKLYN
Branch or Limb Has Fallen Down. at 24-39 81 STREET in QUEENS.,Fallen Tree / Vegetation,40.764009827450245,-73.88783981631173,QUEENS
Hydrant Running Full (WA4). in BRONX.,Water Leakage / Sanitation,40.88464952371015,-73.82661191249979,BRONX
Loud Music/Party. at 20-30 STEINWAY STREET in QUEENS.,Pollution,40.775789861408725,-73.90248606662297,QUEENS
Loud Music/Party. at 141 2 AVENUE in MANHATTAN.,Pollution,40.729018776682125,-73.98737913726657,MANHATTAN
Veh Signal Lamp. in BROOKLYN.,Broken Streetlight,40.60388765806748,-74.00617256005583,BROOKLYN
Controller. in BROOKLYN.,Broken Streetlight,40.694471381557854,-73.9570867780522,BROOKLYN
Vehicle Idling Odor. at 233 FORBELL STREET in BROOKLYN.,Pollution,40.67727136435564,-73.86377299237697,BROOKLYN
Hitting Building. at 69-15 165 STREET in QUEENS.,Fallen Tree / Vegetation,40.73270078404921,-73.8039831837283,QUEENS
Asbestos Disturbance. at 750 BRYANT AVENUE in BRONX.,Pollution,40.815773549995136,-73.885852282221,BRONX
Branch or Limb Has Fallen Down. at EDISON STREET in STATEN ISLAND.,Fallen Tree / Vegetation,,,STATEN ISLAND
Loud Music/Party. at 4615 3 AVENUE in BRONX.,Pollution,40.856446976510696,-73.8910385963576,BRONX
Pothole. in BRONX.,Pothole / Road Damage,40.84021817607633,-73.87541631240484,BRONX
Controller. in QUEENS.,Broken Streetlight,40.74918617235523,-73.90058330358141,QUEENS
Removal Request. at 583 THIRD AVENUE in MANHATTAN.,Garbage / Waste,40.74842788513807,-73.9761476317831,MANHATTAN
Hitting Building. at 82-30 155 AVENUE in QUEENS.,Fallen Tree / Vegetation,40.66441879133682,-73.8514609244079,QUEENS
Sewer Backup (Use Comments) (SA). at 643 BEACH   67 STREET in QUEENS.,Drainage / Flooding,40.59799881130362,-73.7966941978063,QUEENS
Sewer Backup (Use Comments) (SA). at 22-33 119 STREET in QUEENS.,Drainage / Flooding,40.77956080649135,-73.84877763955956,QUEENS
Vehicle Idling Odor. at 640 8 AVENUE in MANHATTAN.,Pollution,40.75666417742652,-73.99019293432467,MANHATTAN
Hydrant Running (WC3). at 1226 FLUSHING AVENUE in BROOKLYN.,Water Leakage / Sanitation,40.70742887810631,-73.92411539070756,BROOKLYN
Failed Street Repair. at 89-26 PONTIAC STREET in QUEENS.,Pothole / Road Damage,40.72912701546103,-73.73414202243707,QUEENS
Hydrant Running Full (WA4). at 611 WEST  137 STREET in MANHATTAN.,Water Leakage / Sanitation,40.821612489031935,-73.95464185827556,MANHATTAN
Street Light Out. at 494 EAST   23 STREET in BROOKLYN.,Broken Streetlight,40.63797786327979,-73.95577194565016,BROOKLYN
Loud Music/Party. at 1555 ST NICHOLAS AVENUE in MANHATTAN.,Pollution,40.85349960696376,-73.93068668271616,MANHATTAN
Other Air Problem. at 1201 RANDALL AVENUE in BRONX.,Pollution,40.81154284159878,-73.89038599966794,BRONX
Loud Music/Party. at 63 CARMINE STREET in MANHATTAN.,Pollution,40.72973027769671,-74.00435492965178,MANHATTAN
Pothole. at BROADWAY in MANHATTAN.,Pothole / Road Damage,,,MANHATTAN
Street Light Lamp Missing. at 4120 BAYCHESTER AVENUE in BRONX.,Broken Streetlight,40.893646626636745,-73.8439281722891,BRONX
Traffic Sign or Signal Blocked. at ARTHUR KILL ROAD in STATEN ISLAND.,Fallen Tree / Vegetation,40.55025246136078,-74.22131435334978,STATEN ISLAND
Vehicle Idling Odor. at 640 8 AVENUE in MANHATTAN.,Pollution,40.75666417742652,-73.99019293432467,MANHATTAN
Chronic Dumping. at 325 EAST 87 STREET in BROOKLYN.,Garbage / Waste,40.64636613441132,-73.91657773591226,BROOKLYN
Branch Cracked and Will Fall. at 1961 EAST 15 STREET in BROOKLYN.,Fallen Tree / Vegetation,40.60209292052039,-73.95700930919162,BROOKLYN
Hydrant Running (WC3). at 225 6 AVENUE in BROOKLYN.,Water Leakage / Sanitation,40.67470677293904,-73.97844520092033,BROOKLYN
Branch Cracked and Will Fall. at 480 EASTERN PARKWAY in BROOKLYN.,Fallen Tree / Vegetation,40.669961514725614,-73.95252802055411,BROOKLYN
Manhole Cover Missing (Emergency) (SA3). in BRONX.,Drainage / Flooding,40.848363534857896,-73.86250813549724,BRONX
Catch Basin Clogged/Flooding (Use Comments) (SC). at 105 WEST   58 STREET in MANHATTAN.,Drainage / Flooding,40.765217705069645,-73.9772065639627,MANHATTAN
Pothole. in QUEENS.,Pothole / Road Damage,40.7517228133464,-73.9361306676382,QUEENS
Ped Multiple Lamps. in QUEENS.,Broken Streetlight,40.75297636035804,-73.91023258393237,QUEENS
Controller. in QUEENS.,Broken Streetlight,40.70980731042191,-73.76881378722643,QUEENS
Manhole Cover Missing (Emergency) (SA3). at 130 WILSON AVENUE in BROOKLYN.,Drainage / Flooding,40.70075747376544,-73.92583606933124,BROOKLYN
Hydrant Defective (WC2). at 4204 FILLMORE AVENUE in BROOKLYN.,Water Leakage / Sanitation,40.614238307674576,-73.92872720493926,BROOKLYN
Pedestrian Signal. in QUEENS.,Broken Streetlight,40.75373073496746,-73.88503821041631,QUEENS
Street Light Out. in BRONX.,Broken Streetlight,40.856287888803706,-73.91388882169674,BRONX
Removal Request. at 610 BUSHWICK AVENUE in BROOKLYN.,Garbage / Waste,40.69837735957342,-73.93420548470381,BROOKLYN
Chronic Dumping. at 624 WEST 41 STREET in MANHATTAN.,Garbage / Waste,40.76072681620749,-74.00016965778438,MANHATTAN
Removal Request. at 20 STREET in BROOKLYN.,Garbage / Waste,40.657920907168034,-73.98622843906954,BROOKLYN
Branch or Limb Has Fallen Down. at 92-36 214 PLACE in QUEENS.,Fallen Tree / Vegetation,40.72048915220893,-73.74503167759008,QUEENS
Street Flooding (SJ). in BRONX.,Drainage / Flooding,40.824138029930246,-73.89294867750611,BRONX
Pothole. at 203 JACKSON STREET in BROOKLYN.,Pothole / Road Damage,40.71686777947829,-73.94248056538169,BROOKLYN
Sewer Backup (Use Comments) (SA). at 23-62 37 STREET in QUEENS.,Drainage / Flooding,40.77069456409328,-73.91136760161329,QUEENS
Loud Talking. at 1815 GRAND CONCOURSE in BRONX.,Pollution,40.84731104281934,-73.908175168756,BRONX
Pothole. at EAST TREMONT AVENUE in BRONX.,Pothole / Road Damage,,,BRONX
Banging/Pounding. at 40-46 24 STREET in QUEENS.,Pollution,40.75329999967202,-73.93927649865398,QUEENS
Pothole. at SUNKEN GARDEN LOOP in MANHATTAN.,Pothole / Road Damage,,,MANHATTAN
Entire Tree Has Fallen Down. at 1050 EAST GUN HILL ROAD in BRONX.,Fallen Tree / Vegetation,40.874462083595226,-73.85730871564088,BRONX
Branch or Limb Has Fallen Down. at 66-22 71 STREET in QUEENS.,Fallen Tree / Vegetation,40.714150511453006,-73.88420106496133,QUEENS
Hitting Phone/Cable Lines. at 89-15 69 ROAD in QUEENS.,Fallen Tree / Vegetation,40.711317350719135,-73.85466409699792,QUEENS
Vehicle Idling Odor. at 640 8 AVENUE in MANHATTAN.,Pollution,40.75666417742652,-73.99019293432467,MANHATTAN
Branch Cracked and Will Fall. at 331 EAST 8 STREET in MANHATTAN.,Fallen Tree / Vegetation,40.72499101237226,-73.97909277311462,MANHATTAN
Defective Hardware. at 260 IRVING AVENUE in BROOKLYN.,Pothole / Road Damage,40.699880557488,-73.91590849619232,BROOKLYN
Hitting Building. at 85-18 86 STREET in QUEENS.,Fallen Tree / Vegetation,40.69492805609701,-73.85885053909368,QUEENS
Removal Request. at 99-05 195 STREET in QUEENS.,Garbage / Waste,40.709690493662514,-73.76399886188874,QUEENS
Pothole. at JACKSON STREET in BROOKLYN.,Pothole / Road Damage,,,BROOKLYN
Branch Cracked and Will Fall. at 271 FORDHAM PLACE in BRONX.,Fallen Tree / Vegetation,40.84679331123651,-73.78361224978705,BRONX
Branch or Limb Has Fallen Down. at 114 PLACE in QUEENS.,Fallen Tree / Vegetation,40.67137325896475,-73.8254720579759,QUEENS
Street Light Out. in BRONX.,Broken Streetlight,40.84299307292763,-73.91098213867018,BRONX
Removal Request. at 179-38 144 ROAD in QUEENS.,Garbage / Waste,40.66780964675617,-73.76620173999348,QUEENS
Restaurant Odor. at 3145 BRIGHTON 4 STREET in BROOKLYN.,Pollution,40.57558571299791,-73.96297313198868,BROOKLYN
Pothole. in BROOKLYN.,Pothole / Road Damage,40.69811675109303,-73.97753243839242,BROOKLYN
Chronic Dumping. at 985 ANDERSON AVENUE in BRONX.,Garbage / Waste,40.83176234935422,-73.92757634080255,BRONX
Pothole. at EAST    6 STREET in MANHATTAN.,Pothole / Road Damage,,,MANHATTAN
Removal Request. at 92-01 157 AVENUE in QUEENS.,Garbage / Waste,40.66240463937861,-73.84156405418187,QUEENS
Pedestrian Signal. in BROOKLYN.,Broken Streetlight,40.68157149608653,-73.92578529755689,BROOKLYN
Pothole. at 67 AVENUE in QUEENS.,Pothole / Road Damage,,,QUEENS
Controller. in BROOKLYN.,Broken Streetlight,40.68866994798084,-73.87547230106438,BROOKLYN
Hydrant Running (WC3). in BRONX.,Water Leakage / Sanitation,40.87245206131356,-73.87806415924757,BRONX
Sweet Odor From Unknown Source. at 420 EAST 38 STREET in MANHATTAN.,Pollution,40.746008580854536,-73.97100214556139,MANHATTAN
Cave-in. at 214-14 36 AVENUE in QUEENS.,Pothole / Road Damage,40.7683796462923,-73.7711267502312,QUEENS
Pothole. at WEST   89 STREET in MANHATTAN.,Pothole / Road Damage,,,MANHATTAN
Hitting Power Lines. at 3741 RICHMOND AVENUE in STATEN ISLAND.,Fallen Tree / Vegetation,40.54659076404303,-74.16604855569922,STATEN ISLAND
Loud Music/Party. at 2719 ATLANTIC AVENUE in BROOKLYN.,Pollution,40.676043184780085,-73.8938425353388,BROOKLYN
Veh Signal Lamp. in BROOKLYN.,Broken Streetlight,40.63347553689002,-74.02991452151254,BROOKLYN
Hitting Building. at 54 WINDSOR ROAD in STATEN ISLAND.,Fallen Tree / Vegetation,40.612306329030176,-74.11489472222844,STATEN ISLAND
Hitting Power Lines. at 120-31 142 PLACE in QUEENS.,Fallen Tree / Vegetation,40.67590978800963,-73.79825206156215,QUEENS
Hydrant Leaking (WC1). at 57 WEST   58 STREET in MANHATTAN.,Water Leakage / Sanitation,40.764520196364096,-73.97552817786556,MANHATTAN
Pothole. at EAST   29 STREET in BROOKLYN.,Pothole / Road Damage,,,BROOKLYN
Vehicle Idling Odor. at 640 8 AVENUE in MANHATTAN.,Pollution,40.75666417742652,-73.99019293432467,MANHATTAN
Hydrant Running (WC3). at 2524 ALBEMARLE ROAD in BROOKLYN.,Water Leakage / Sanitation,40.64795971753323,-73.95341575581875,BROOKLYN
Removal Request. at 64-02 99 STREET in QUEENS.,Garbage / Waste,40.73081806511106,-73.85619470796914,QUEENS
Street Light Out. in BRONX.,Broken Streetlight,40.859341727806,-73.83103408682776,BRONX
Sewer Backup (Use Comments) (SA). at 58-30 GRAND AVENUE in QUEENS.,Drainage / Flooding,40.71965029514378,-73.91119017246214,QUEENS
Pedestrian Signal. in QUEENS.,Broken Streetlight,40.70146009417932,-73.80412913825911,QUEENS
Cave-in. at 48 AVENUE in QUEENS.,Pothole / Road Damage,40.7390961828414,-73.91761276723011,QUEENS
Loud Music/Party. at 1388 JESUP AVENUE in BRONX.,Pollution,40.84091437504712,-73.92097788675667,BRONX
No Water (WNW). at 90-28 80 STREET in QUEENS.,Water Leakage / Sanitation,40.68723985079482,-73.86102666763009,QUEENS
Lamppost Damaged. at 655 UNION STREET in BROOKLYN.,Broken Streetlight,40.677647281811765,-73.98363580089548,BROOKLYN
Vehicle Signal. in BROOKLYN.,Broken Streetlight,40.645310537004,-73.9460736794159,BROOKLYN
Catch Basin Clogged/Flooding (Use Comments) (SC). at 50 BEDFORD AVENUE in BROOKLYN.,Drainage / Flooding,40.7219806668189,-73.95328104075044,BROOKLYN
Restaurant Odor. at 237 WILLIS AVENUE in BRONX.,Pollution,40.80921139978787,-73.92282171260759,BRONX
Catch Basin Clogged/Flooding (Use Comments) (SC). at 57 MONTAGUE STREET in BROOKLYN.,Drainage / Flooding,40.69552509770242,-73.99692390290882,BROOKLYN
Catch Basin Clogged/Flooding (Use Comments) (SC). at 3037 GRACE AVENUE in BRONX.,Drainage / Flooding,40.87239187527471,-73.83611367852846,BRONX
Sewer Backup (Use Comments) (SA). at 96-28 46 AVENUE in QUEENS.,Drainage / Flooding,40.74401730811445,-73.86738970767279,QUEENS
Controller. in QUEENS.,Broken Streetlight,,,QUEENS
Junction Box. in QUEENS.,Broken Streetlight,40.74758953859268,-73.86853026923187,QUEENS
Entire Tree Has Fallen Down. at 120-31 142 PLACE in QUEENS.,Fallen Tree / Vegetation,40.67590978800963,-73.79825206156215,QUEENS
Controller. in MANHATTAN.,Broken Streetlight,40.723680859014365,-74.00363659537572,MANHATTAN
Tree Trunk Split. at 1402 AVENUE L in BROOKLYN.,Fallen Tree / Vegetation,40.620306143567696,-73.96125891779349,BROOKLYN
Removal Request. at 181 EAST END AVENUE in MANHATTAN.,Garbage / Waste,40.77630870491671,-73.94375791743246,MANHATTAN
APS. in BROOKLYN.,Broken Streetlight,40.622084982789325,-74.02864502942202,BROOKLYN
Hitting Building. at 95-16 149 AVENUE in QUEENS.,Fallen Tree / Vegetation,40.6709202956822,-73.8405488771853,QUEENS
Street Light Out. at 3065 EAST  204 STREET in BRONX.,Broken Streetlight,,,BRONX
Branch or Limb Has Fallen Down. at 40 HUDSON STREET in STATEN ISLAND.,Fallen Tree / Vegetation,40.624606458003264,-74.08202256016355,STATEN ISLAND
Removal Request. at 198-16 LINDEN BOULEVARD in QUEENS.,Garbage / Waste,40.69399654819193,-73.75384182186623,QUEENS
Hydrant Leaking (WC1). at 394 LENOX ROAD in BROOKLYN.,Water Leakage / Sanitation,40.65438216764375,-73.94633304160959,BROOKLYN
Hydrant Running (WC3). at 278 FOUNTAIN AVENUE in BROOKLYN.,Water Leakage / Sanitation,40.67307616563631,-73.87481646670307,BROOKLYN
Vehicle Idling Odor. at 640 8 AVENUE in MANHATTAN.,Pollution,40.75666417742652,-73.99019293432467,MANHATTAN
Asbestos Disturbance. at 2501 86 STREET in BROOKLYN.,Pollution,40.59786501220483,-73.98707624276909,BROOKLYN
Controller. in MANHATTAN.,Broken Streetlight,40.76546008934449,-73.98198972667757,MANHATTAN
Controller. in BROOKLYN.,Broken Streetlight,40.598629446084686,-73.95825747725965,BROOKLYN
Vehicle Idling Odor. at 640 8 AVENUE in MANHATTAN.,Pollution,40.75666417742652,-73.99019293432467,MANHATTAN
Manhole Cover Missing (Emergency) (SA3). at 319 GREAT KILLS ROAD in STATEN ISLAND.,Drainage / Flooding,40.54630009383754,-74.14122051412124,STATEN ISLAND
Asbestos Disturbance. at 250 HAWTHORNE STREET in BROOKLYN.,Pollution,40.65772780833192,-73.95198168447644,BROOKLYN
Cave-in. at 21-59 78 STREET in QUEENS.,Pothole / Road Damage,40.76955514744633,-73.89168980391183,QUEENS
Controller. in BROOKLYN.,Broken Streetlight,40.636326482088855,-73.95839963535299,BROOKLYN
Hydrant Running Full (WA4). in BRONX.,Water Leakage / Sanitation,40.81721467137587,-73.93094485589141,BRONX
Street Light Out. at 333 EAST   55 STREET in MANHATTAN.,Broken Streetlight,40.75763650908263,-73.96533727320879,MANHATTAN
Branch Cracked and Will Fall. at 85-05 144 STREET in QUEENS.,Fallen Tree / Vegetation,40.710029498257455,-73.81250827501687,QUEENS
Car/Truck Music. at 1810 CARTER AVENUE in BRONX.,Pollution,40.846063114562426,-73.90259629953476,BRONX
Vehicle Idling Odor. at DRIGGS AVENUE in BROOKLYN.,Pollution,40.72170509226293,-73.95064766614973,BROOKLYN
Highway Flooding (SH). in BRONX.,Drainage / Flooding,,,BRONX
Entire Tree Has Fallen Down. at 83-49 240 STREET in QUEENS.,Fallen Tree / Vegetation,40.73419271345041,-73.72662011414775,QUEENS
Loud Music/Party. at 1388 JESUP AVENUE in BRONX.,Pollution,40.84091437504712,-73.92097788675667,BRONX
Branch Cracked and Will Fall. at 18 STREET in BROOKLYN.,Fallen Tree / Vegetation,40.65407960126911,-73.97759772458647,BROOKLYN
Junction Box. in QUEENS.,Broken Streetlight,40.76605061656474,-73.87586551362999,QUEENS
Blocking Street. at 2827 WEST 22 STREET in BROOKLYN.,Fallen Tree / Vegetation,40.577701935311445,-73.98929765084318,BROOKLYN
Manhole Cover Missing (Emergency) (SA3). at 97-49 DREW STREET in QUEENS.,Drainage / Flooding,40.67975499263287,-73.86343983104805,QUEENS
Pothole. in QUEENS.,Pothole / Road Damage,40.59507541192095,-73.78454321313197,QUEENS
Asbestos Disturbance. at 1185 CARROLL STREET in BROOKLYN.,Pollution,40.66712768077816,-73.94964990195497,BROOKLYN
Banging/Pounding. at 32 BRONX SHORE ROAD in MANHATTAN.,Pollution,40.799945575803086,-73.92337784761392,MANHATTAN
Leak (Use Comments) (WA2). at 93-17 71 DRIVE in QUEENS.,Water Leakage / Sanitation,40.709026890401496,-73.84936327400385,QUEENS
Hydrant Defective (WC2). at 2518 QUENTIN ROAD in BROOKLYN.,Water Leakage / Sanitation,40.60935473853476,-73.9481448058278,BROOKLYN
Pothole. at BAY    7 STREET in BROOKLYN.,Pothole / Road Damage,,,BROOKLYN
Blocking Street. at 2468 EAST 14 STREET in BROOKLYN.,Fallen Tree / Vegetation,40.59075371077285,-73.95583202750194,BROOKLYN
Hitting Building. at HARLEM ART PARK in MANHATTAN.,Fallen Tree / Vegetation,40.800970336632616,-73.93878513386512,MANHATTAN
Leak (Use Comments) (WA2). at 52 ARDEN STREET in MANHATTAN.,Water Leakage / Sanitation,40.86232454147022,-73.92739483266651,MANHATTAN
Chimney/Vent Smoke. at 986 LEGGETT AVENUE in BRONX.,Pollution,40.81464481004734,-73.89991471920176,BRONX
Removal Request. at 101-27 117 STREET in QUEENS.,Garbage / Waste,40.68914603303429,-73.82751333855572,QUEENS
Vehicle Idling Odor. at 38-21 48 AVENUE in QUEENS.,Pollution,40.740255656558645,-73.9275458985201,QUEENS
Hydrant Running Full (WA4). at 760 GRAND CONCOURSE in BRONX.,Water Leakage / Sanitation,40.82396799829674,-73.92430045067182,BRONX
Manhole Overflow (Use Comments) (SA1). in BROOKLYN.,Drainage / Flooding,40.60874677483663,-73.95827996342706,BROOKLYN
Loud Music/Party. at 86-15 LEFFERTS BOULEVARD in QUEENS.,Pollution,40.70085258612968,-73.83128070000103,QUEENS
Dead Branches in Tree. at 1945 BATCHELDER STREET in BROOKLYN.,Fallen Tree / Vegetation,40.60427823328176,-73.93969653974692,BROOKLYN
Cave-in. at LEFFERTS BOULEVARD in QUEENS.,Pothole / Road Damage,40.70279438166465,-73.83213055212143,QUEENS
Loud Music/Party. at 67-10 ROCKAWAY BEACH BOULEVARD in QUEENS.,Pollution,40.59068844290121,-73.79615836783032,QUEENS
Dust from Construction. at CENTRAL PARK WEST in MANHATTAN.,Pollution,40.77242019358396,-73.97872406623014,MANHATTAN
Cave-in. at 104 STREET in QUEENS.,Pothole / Road Damage,40.75223809545808,-73.86291948564494,QUEENS
Dead Branches in Tree. at 444 67 STREET in BROOKLYN.,Fallen Tree / Vegetation,40.63631005390705,-74.02141989434527,BROOKLYN
Controller. in MANHATTAN.,Broken Streetlight,40.77115503657826,-73.97965231891881,MANHATTAN
Blocking Street. at 324 BAY 13 STREET in BROOKLYN.,Fallen Tree / Vegetation,40.603327164261074,-74.0128743973214,BROOKLYN
Hitting Building. at 564 4 STREET in BROOKLYN.,Fallen Tree / Vegetation,40.66811320236328,-73.97536528925004,BROOKLYN
Removal Request. at 40-55 71 STREET in QUEENS.,Garbage / Waste,40.7452088660478,-73.89423757159857,QUEENS
Multiple Street Lights Out. in STATEN ISLAND.,Broken Streetlight,40.57416002039983,-74.11668293093383,STATEN ISLAND
Loud Music/Party. at 63-01 FRESH POND ROAD in QUEENS.,Pollution,40.71181041913066,-73.90012323508752,QUEENS
Catch Basin Clogged/Flooding (Use Comments) (SC). at 88-08 JUSTICE AVENUE in QUEENS.,Drainage / Flooding,40.73688677185528,-73.87505381831023,QUEENS
Dead Branches in Tree. at 225 MAUJER STREET in BROOKLYN.,Fallen Tree / Vegetation,40.71114435066915,-73.94129156880494,BROOKLYN
Pothole. at WEST   23 STREET in MANHATTAN.,Pothole / Road Damage,,,MANHATTAN
Removal Request. at 376 3 AVENUE in MANHATTAN.,Garbage / Waste,40.741495585546254,-73.98121672594459,MANHATTAN
Cave-in. at 848 EAST 48 STREET in BROOKLYN.,Pothole / Road Damage,40.64052664068552,-73.93114572514956,BROOKLYN
Hitting Phone/Cable Lines. at 215-06 48 AVENUE in QUEENS.,Fallen Tree / Vegetation,40.755770716049625,-73.76589300817969,QUEENS
Chronic Dumping. at 107-58 164 STREET in QUEENS.,Garbage / Waste,40.69759695700989,-73.79094131396458,QUEENS
Defective/Missing Curb Piece (SC4). at 187 PEARL STREET in MANHATTAN.,Drainage / Flooding,40.70643262062413,-74.00708736205439,MANHATTAN
Manhole Cover Missing (Emergency) (SA3). in BRONX.,Drainage / Flooding,40.85870155237525,-73.84833740840321,BRONX
Dead Branches in Tree. at 82 CLIFTON PLACE in BROOKLYN.,Fallen Tree / Vegetation,40.687967784332166,-73.96133859789738,BROOKLYN
Catch Basin Search (SC2). in BRONX.,Drainage / Flooding,40.86183103497358,-73.89285185125252,BRONX
Asbestos Disturbance. at 1185 CARROLL STREET in BROOKLYN.,Pollution,40.66712768077816,-73.94964990195497,BROOKLYN
Catch Basin Grating Missing (SA4). in QUEENS.,Drainage / Flooding,40.696185598524806,-73.75196569695593,QUEENS
Loud Music/Party. at 112-51 ROOSEVELT AVENUE in QUEENS.,Pollution,40.752073687054605,-73.8542034226563,QUEENS
Blocking Street. at 87-14 161 AVENUE in QUEENS.,Fallen Tree / Vegetation,40.65505524724948,-73.84441067026103,QUEENS
Catch Basin Clogged/Flooding (Use Comments) (SC). at 200-27 39 AVENUE in QUEENS.,Drainage / Flooding,40.76232071740539,-73.78470973217134,QUEENS
Catch Basin Clogged/Flooding (Use Comments) (SC). at 655 MADISON AVENUE in MANHATTAN.,Drainage / Flooding,40.76419243108964,-73.97064406558574,MANHATTAN
Culvert Blocked/Needs Cleaning (SE). in QUEENS.,Drainage / Flooding,40.733963004846565,-73.8720066840482,QUEENS
Restaurant Odor. at 135 EAST 149 STREET in BRONX.,Pollution,40.81887647971722,-73.92849720124862,BRONX
Street Light Out. at 8 TRENT STREET in STATEN ISLAND.,Broken Streetlight,40.55125251507883,-74.14058686258139,STATEN ISLAND
Removal Request. at 412 WEST 36 STREET in MANHATTAN.,Garbage / Waste,40.75486396607337,-73.99582028887788,MANHATTAN
Street Light Out. at 4192 BRONXWOOD AVENUE in BRONX.,Broken Streetlight,40.89226303190049,-73.8520585688994,BRONX
Possible Water Main Break (Use Comments) (WA1). in BROOKLYN.,Water Leakage / Sanitation,40.60874677483663,-73.95827996342706,BROOKLYN
Catch Basin Sunken/Damaged/Raised (SC1). at 781 OCEAN AVENUE in BROOKLYN.,Drainage / Flooding,40.64374339145297,-73.95979673833071,BROOKLYN
Loud Music/Party. at 397 GREENE AVENUE in BROOKLYN.,Pollution,40.68794632861221,-73.95515826830517,BROOKLYN
Street Light Feed. in QUEENS.,Broken Streetlight,40.77746191991443,-73.90309381782075,QUEENS
Sewer Backup (Use Comments) (SA). at 962 EAST  229 STREET in BRONX.,Drainage / Flooding,40.888246770321445,-73.8514490563508,BRONX
Vehicle Idling Odor. at 640 8 AVENUE in MANHATTAN.,Pollution,40.75666417742652,-73.99019293432467,MANHATTAN
Vehicle Idling Odor. at 401 WEST 14 STREET in MANHATTAN.,Pollution,40.74108526523044,-74.00566562121959,MANHATTAN
Pothole. at EAST  111 STREET in MANHATTAN.,Pothole / Road Damage,,,MANHATTAN
Hydrant Defective (WC2). in MANHATTAN.,Water Leakage / Sanitation,40.74524269734116,-73.98479209057659,MANHATTAN
Branch or Limb Has Fallen Down. at 537 EAST 48 STREET in BROOKLYN.,Fallen Tree / Vegetation,40.64871758772662,-73.93199855189268,BROOKLYN
Loud Music/Party. at 390 METROPOLITAN AVENUE in BROOKLYN.,Pollution,40.71406551515884,-73.95513348200073,BROOKLYN
Hitting Power Lines. at 18 SANDBORN STREET in STATEN ISLAND.,Fallen Tree / Vegetation,40.535053929351285,-74.16630409944665,STATEN ISLAND
Hydrant Running (WC3). at 225 6 AVENUE in BROOKLYN.,Water Leakage / Sanitation,40.67470677293904,-73.97844520092033,BROOKLYN
"Rough, Pitted or Cracked Roads. at 60-01 30 AVENUE in QUEENS.",Pothole / Road Damage,40.75938232983942,-73.90312373112573,QUEENS
Hydrant Running Full (WA4). at 135-25 140 STREET in QUEENS.,Water Leakage / Sanitation,40.667691590215234,-73.79807145041073,QUEENS
Hydrant Running Full (WA4). in BROOKLYN.,Water Leakage / Sanitation,40.62757180142643,-73.96184551661086,BROOKLYN
Loud Music/Party. at 1631 AMSTERDAM AVENUE in MANHATTAN.,Pollution,40.82248321775647,-73.94960461640152,MANHATTAN
Manhole Overflow (Use Comments) (SA1). in MANHATTAN.,Drainage / Flooding,40.8060810703871,-73.96530843266166,MANHATTAN
Culvert Blocked/Needs Cleaning (SE). at 65-41 BOOTH STREET in QUEENS.,Drainage / Flooding,40.72691783045527,-73.85846528617489,QUEENS
Tree Alive - in Poor Condition. at 457 ST MARKS AVENUE in BROOKLYN.,Fallen Tree / Vegetation,40.67653771741822,-73.95893335614143,BROOKLYN
Dust. at 51-51 69 PLACE in QUEENS.,Pollution,40.73436233175764,-73.89503779187294,QUEENS
APS. in QUEENS.,Broken Streetlight,40.68075525344497,-73.8134414592107,QUEENS
Garbage has been accumulating near the hostel for three days and nobody collected it,Garbage / Waste,,,
Please resolve: Garbage has been accumulating near the hostel for three days and nobody collected it,Garbage / Waste,,,
Urgent complaint: Garbage has been accumulating near the hostel for three days and nobody collected it,Garbage / Waste,,,
Reporting issue: Garbage has been accumulating near the hostel for three days and nobody collected it,Garbage / Waste,,,
Complaint regarding Garbage has been accumulating near the hostel for three days and nobody collected it,Garbage / Waste,,,
Trash bins are overflowing on the street corner creating foul smell and unhygienic conditions,Garbage / Waste,,,
Please resolve: Trash bins are overflowing on the street corner creating foul smell and unhygienic conditions,Garbage / Waste,,,
Urgent complaint: Trash bins are overflowing on the street corner creating foul smell and unhygienic conditions,Garbage / Waste,,,
Reporting issue: Trash bins are overflowing on the street corner creating foul smell and unhygienic conditions,Garbage / Waste,,,
Complaint regarding Trash bins are overflowing on the street corner creating foul smell and unhygienic conditions,Garbage / Waste,,,
Huge pile of waste and plastic dumped near the market entrance,Garbage / Waste,,,
Please resolve: Huge pile of waste and plastic dumped near the market entrance,Garbage / Waste,,,
Urgent complaint: Huge pile of waste and plastic dumped near the market entrance,Garbage / Waste,,,
Reporting issue: Huge pile of waste and plastic dumped near the market entrance,Garbage / Waste,,,
Complaint regarding Huge pile of waste and plastic dumped near the market entrance,Garbage / Waste,,,
Rotting food waste and garbage attracting stray dogs and flies outside building,Garbage / Waste,,,
Please resolve: Rotting food waste and garbage attracting stray dogs and flies outside building,Garbage / Waste,,,
Urgent complaint: Rotting food waste and garbage attracting stray dogs and flies outside building,Garbage / Waste,,,
Reporting issue: Rotting food waste and garbage attracting stray dogs and flies outside building,Garbage / Waste,,,
Complaint regarding Rotting food waste and garbage attracting stray dogs and flies outside building,Garbage / Waste,,,
Sanitation workers have not picked up rubbish for a week now,Garbage / Waste,,,
Please resolve: Sanitation workers have not picked up rubbish for a week now,Garbage / Waste,,,
Urgent complaint: Sanitation workers have not picked up rubbish for a week now,Garbage / Waste,,,
Reporting issue: Sanitation workers have not picked up rubbish for a week now,Garbage / Waste,,,
Complaint regarding Sanitation workers have not picked up rubbish for a week now,Garbage / Waste,,,
Illegal trash dumping in the open vacant plot near our residential colony,Garbage / Waste,,,
Please resolve: Illegal trash dumping in the open vacant plot near our residential colony,Garbage / Waste,,,
Urgent complaint: Illegal trash dumping in the open vacant plot near our residential colony,Garbage / Waste,,,
Reporting issue: Illegal trash dumping in the open vacant plot near our residential colony,Garbage / Waste,,,
Complaint regarding Illegal trash dumping in the open vacant plot near our residential colony,Garbage / Waste,,,
Debris and household garbage scattered all over the pedestrian pavement,Garbage / Waste,,,
Please resolve: Debris and household garbage scattered all over the pedestrian pavement,Garbage / Waste,,,
Urgent complaint: Debris and household garbage scattered all over the pedestrian pavement,Garbage / Waste,,,
Reporting issue: Debris and household garbage scattered all over the pedestrian pavement,Garbage / Waste,,,
Complaint regarding Debris and household garbage scattered all over the pedestrian pavement,Garbage / Waste,,,
Overflowing community garbage container spilling trash onto main road,Garbage / Waste,,,
Please resolve: Overflowing community garbage container spilling trash onto main road,Garbage / Waste,,,
Urgent complaint: Overflowing community garbage container spilling trash onto main road,Garbage / Waste,,,
Reporting issue: Overflowing community garbage container spilling trash onto main road,Garbage / Waste,,,
Complaint regarding Overflowing community garbage container spilling trash onto main road,Garbage / Waste,,,
Huge pothole on the middle of the road causing traffic jams and vehicle damage,Pothole / Road Damage,,,
Please resolve: Huge pothole on the middle of the road causing traffic jams and vehicle damage,Pothole / Road Damage,,,
Urgent complaint: Huge pothole on the middle of the road causing traffic jams and vehicle damage,Pothole / Road Damage,,,
Reporting issue: Huge pothole on the middle of the road causing traffic jams and vehicle damage,Pothole / Road Damage,,,
Complaint regarding Huge pothole on the middle of the road causing traffic jams and vehicle damage,Pothole / Road Damage,,,
Dangerous deep crater and potholes formed on the road after rain,Pothole / Road Damage,,,
Please resolve: Dangerous deep crater and potholes formed on the road after rain,Pothole / Road Damage,,,
Urgent complaint: Dangerous deep crater and potholes formed on the road after rain,Pothole / Road Damage,,,
Reporting issue: Dangerous deep crater and potholes formed on the road after rain,Pothole / Road Damage,,,
Complaint regarding Dangerous deep crater and potholes formed on the road after rain,Pothole / Road Damage,,,
Cracked pavement and broken road surface outside the government school,Pothole / Road Damage,,,
Please resolve: Cracked pavement and broken road surface outside the government school,Pothole / Road Damage,,,
Urgent complaint: Cracked pavement and broken road surface outside the government school,Pothole / Road Damage,,,
Reporting issue: Cracked pavement and broken road surface outside the government school,Pothole / Road Damage,,,
Complaint regarding Cracked pavement and broken road surface outside the government school,Pothole / Road Damage,,,
Motorcycle slipped due to an unmarked deep pothole on the highway,Pothole / Road Damage,,,
Please resolve: Motorcycle slipped due to an unmarked deep pothole on the highway,Pothole / Road Damage,,,
Urgent complaint: Motorcycle slipped due to an unmarked deep pothole on the highway,Pothole / Road Damage,,,
Reporting issue: Motorcycle slipped due to an unmarked deep pothole on the highway,Pothole / Road Damage,,,
Complaint regarding Motorcycle slipped due to an unmarked deep pothole on the highway,Pothole / Road Damage,,,
Road has completely disintegrated with loose gravel and multiple potholes,Pothole / Road Damage,,,
Please resolve: Road has completely disintegrated with loose gravel and multiple potholes,Pothole / Road Damage,,,
Urgent complaint: Road has completely disintegrated with loose gravel and multiple potholes,Pothole / Road Damage,,,
Reporting issue: Road has completely disintegrated with loose gravel and multiple potholes,Pothole / Road Damage,,,
Complaint regarding Road has completely disintegrated with loose gravel and multiple potholes,Pothole / Road Damage,,,
Asphalt is broken and sunken causing severe risk of accidents to commuters,Pothole / Road Damage,,,
Please resolve: Asphalt is broken and sunken causing severe risk of accidents to commuters,Pothole / Road Damage,,,
Urgent complaint: Asphalt is broken and sunken causing severe risk of accidents to commuters,Pothole / Road Damage,,,
Reporting issue: Asphalt is broken and sunken causing severe risk of accidents to commuters,Pothole / Road Damage,,,
Complaint regarding Asphalt is broken and sunken causing severe risk of accidents to commuters,Pothole / Road Damage,,,
Water pipeline burst and leaking clean drinking water on the road since morning,Water Leakage / Sanitation,,,
Please resolve: Water pipeline burst and leaking clean drinking water on the road since morning,Water Leakage / Sanitation,,,
Urgent complaint: Water pipeline burst and leaking clean drinking water on the road since morning,Water Leakage / Sanitation,,,
Reporting issue: Water pipeline burst and leaking clean drinking water on the road since morning,Water Leakage / Sanitation,,,
Complaint regarding Water pipeline burst and leaking clean drinking water on the road since morning,Water Leakage / Sanitation,,,
Continuous water leakage from main municipal pipe wasting gallons of potable water,Water Leakage / Sanitation,,,
Please resolve: Continuous water leakage from main municipal pipe wasting gallons of potable water,Water Leakage / Sanitation,,,
Urgent complaint: Continuous water leakage from main municipal pipe wasting gallons of potable water,Water Leakage / Sanitation,,,
Reporting issue: Continuous water leakage from main municipal pipe wasting gallons of potable water,Water Leakage / Sanitation,,,
Complaint regarding Continuous water leakage from main municipal pipe wasting gallons of potable water,Water Leakage / Sanitation,,,
Sewage pipe leaking dirty wastewater in front of our residential gate,Water Leakage / Sanitation,,,
Please resolve: Sewage pipe leaking dirty wastewater in front of our residential gate,Water Leakage / Sanitation,,,
Urgent complaint: Sewage pipe leaking dirty wastewater in front of our residential gate,Water Leakage / Sanitation,,,
Reporting issue: Sewage pipe leaking dirty wastewater in front of our residential gate,Water Leakage / Sanitation,,,
Complaint regarding Sewage pipe leaking dirty wastewater in front of our residential gate,Water Leakage / Sanitation,,,
Severe water shortage because the underground pipeline is broken and gushing water,Water Leakage / Sanitation,,,
Please resolve: Severe water shortage because the underground pipeline is broken and gushing water,Water Leakage / Sanitation,,,
Urgent complaint: Severe water shortage because the underground pipeline is broken and gushing water,Water Leakage / Sanitation,,,
Reporting issue: Severe water shortage because the underground pipeline is broken and gushing water,Water Leakage / Sanitation,,,
Complaint regarding Severe water shortage because the underground pipeline is broken and gushing water,Water Leakage / Sanitation,,,
Low water pressure caused by massive underground pipeline fracture,Water Leakage / Sanitation,,,
Please resolve: Low water pressure caused by massive underground pipeline fracture,Water Leakage / Sanitation,,,
Urgent complaint: Low water pressure caused by massive underground pipeline fracture,Water Leakage / Sanitation,,,
Reporting issue: Low water pressure caused by massive underground pipeline fracture,Water Leakage / Sanitation,,,
Complaint regarding Low water pressure caused by massive underground pipeline fracture,Water Leakage / Sanitation,,,
Broken public tap leaking water constantly into the storm drain,Water Leakage / Sanitation,,,
Please resolve: Broken public tap leaking water constantly into the storm drain,Water Leakage / Sanitation,,,
Urgent complaint: Broken public tap leaking water constantly into the storm drain,Water Leakage / Sanitation,,,
Reporting issue: Broken public tap leaking water constantly into the storm drain,Water Leakage / Sanitation,,,
Complaint regarding Broken public tap leaking water constantly into the storm drain,Water Leakage / Sanitation,,,
Streetlights on 4th cross road are not working and it is pitch dark at night,Broken Streetlight,,,
Please resolve: Streetlights on 4th cross road are not working and it is pitch dark at night,Broken Streetlight,,,
Urgent complaint: Streetlights on 4th cross road are not working and it is pitch dark at night,Broken Streetlight,,,
Reporting issue: Streetlights on 4th cross road are not working and it is pitch dark at night,Broken Streetlight,,,
Complaint regarding Streetlights on 4th cross road are not working and it is pitch dark at night,Broken Streetlight,,,
Non functioning street light poles making the street very unsafe for women walking at night,Broken Streetlight,,,
Please resolve: Non functioning street light poles making the street very unsafe for women walking at night,Broken Streetlight,,,
Urgent complaint: Non functioning street light poles making the street very unsafe for women walking at night,Broken Streetlight,,,
Reporting issue: Non functioning street light poles making the street very unsafe for women walking at night,Broken Streetlight,,,
Complaint regarding Non functioning street light poles making the street very unsafe for women walking at night,Broken Streetlight,,,
All the lights along the main avenue are flickering and completely dead,Broken Streetlight,,,
Please resolve: All the lights along the main avenue are flickering and completely dead,Broken Streetlight,,,
Urgent complaint: All the lights along the main avenue are flickering and completely dead,Broken Streetlight,,,
Reporting issue: All the lights along the main avenue are flickering and completely dead,Broken Streetlight,,,
Complaint regarding All the lights along the main avenue are flickering and completely dead,Broken Streetlight,,,
Broken lamp post with hanging wires outside our building gate,Broken Streetlight,,,
Please resolve: Broken lamp post with hanging wires outside our building gate,Broken Streetlight,,,
Urgent complaint: Broken lamp post with hanging wires outside our building gate,Broken Streetlight,,,
Reporting issue: Broken lamp post with hanging wires outside our building gate,Broken Streetlight,,,
Complaint regarding Broken lamp post with hanging wires outside our building gate,Broken Streetlight,,,
Streetlight bulb has fused and the lane is in total darkness since five days,Broken Streetlight,,,
Please resolve: Streetlight bulb has fused and the lane is in total darkness since five days,Broken Streetlight,,,
Urgent complaint: Streetlight bulb has fused and the lane is in total darkness since five days,Broken Streetlight,,,
Reporting issue: Streetlight bulb has fused and the lane is in total darkness since five days,Broken Streetlight,,,
Complaint regarding Streetlight bulb has fused and the lane is in total darkness since five days,Broken Streetlight,,,
Traffic signal is turned off causing chaotic collisions at the intersection,Broken Streetlight,,,
Please resolve: Traffic signal is turned off causing chaotic collisions at the intersection,Broken Streetlight,,,
Urgent complaint: Traffic signal is turned off causing chaotic collisions at the intersection,Broken Streetlight,,,
Reporting issue: Traffic signal is turned off causing chaotic collisions at the intersection,Broken Streetlight,,,
Complaint regarding Traffic signal is turned off causing chaotic collisions at the intersection,Broken Streetlight,,,
Drain is blocked with silt causing dirty stormwater to flood the residential road,Drainage / Flooding,,,
Please resolve: Drain is blocked with silt causing dirty stormwater to flood the residential road,Drainage / Flooding,,,
Urgent complaint: Drain is blocked with silt causing dirty stormwater to flood the residential road,Drainage / Flooding,,,
Reporting issue: Drain is blocked with silt causing dirty stormwater to flood the residential road,Drainage / Flooding,,,
Complaint regarding Drain is blocked with silt causing dirty stormwater to flood the residential road,Drainage / Flooding,,,
Waterlogging in our area after moderate rain because the gutter is choked,Drainage / Flooding,,,
Please resolve: Waterlogging in our area after moderate rain because the gutter is choked,Drainage / Flooding,,,
Urgent complaint: Waterlogging in our area after moderate rain because the gutter is choked,Drainage / Flooding,,,
Reporting issue: Waterlogging in our area after moderate rain because the gutter is choked,Drainage / Flooding,,,
Complaint regarding Waterlogging in our area after moderate rain because the gutter is choked,Drainage / Flooding,,,
Manhole overflowing with black sewage water flooding the entire neighborhood,Drainage / Flooding,,,
Please resolve: Manhole overflowing with black sewage water flooding the entire neighborhood,Drainage / Flooding,,,
Urgent complaint: Manhole overflowing with black sewage water flooding the entire neighborhood,Drainage / Flooding,,,
Reporting issue: Manhole overflowing with black sewage water flooding the entire neighborhood,Drainage / Flooding,,,
Complaint regarding Manhole overflowing with black sewage water flooding the entire neighborhood,Drainage / Flooding,,,
Blocked drainage culvert resulting in knee deep stagnant flood water,Drainage / Flooding,,,
Please resolve: Blocked drainage culvert resulting in knee deep stagnant flood water,Drainage / Flooding,,,
Urgent complaint: Blocked drainage culvert resulting in knee deep stagnant flood water,Drainage / Flooding,,,
Reporting issue: Blocked drainage culvert resulting in knee deep stagnant flood water,Drainage / Flooding,,,
Complaint regarding Blocked drainage culvert resulting in knee deep stagnant flood water,Drainage / Flooding,,,
Stormwater drain clogged with plastic bags causing overflow during monsoon,Drainage / Flooding,,,
Please resolve: Stormwater drain clogged with plastic bags causing overflow during monsoon,Drainage / Flooding,,,
Urgent complaint: Stormwater drain clogged with plastic bags causing overflow during monsoon,Drainage / Flooding,,,
Reporting issue: Stormwater drain clogged with plastic bags causing overflow during monsoon,Drainage / Flooding,,,
Complaint regarding Stormwater drain clogged with plastic bags causing overflow during monsoon,Drainage / Flooding,,,
Large tree branch fell on the electric wires during the storm,Fallen Tree / Vegetation,,,
Please resolve: Large tree branch fell on the electric wires during the storm,Fallen Tree / Vegetation,,,
Urgent complaint: Large tree branch fell on the electric wires during the storm,Fallen Tree / Vegetation,,,
Reporting issue: Large tree branch fell on the electric wires during the storm,Fallen Tree / Vegetation,,,
Complaint regarding Large tree branch fell on the electric wires during the storm,Fallen Tree / Vegetation,,,
Old banyan tree collapsed across the road blocking all ambulance and vehicle movement,Fallen Tree / Vegetation,,,
Please resolve: Old banyan tree collapsed across the road blocking all ambulance and vehicle movement,Fallen Tree / Vegetation,,,
Urgent complaint: Old banyan tree collapsed across the road blocking all ambulance and vehicle movement,Fallen Tree / Vegetation,,,
Reporting issue: Old banyan tree collapsed across the road blocking all ambulance and vehicle movement,Fallen Tree / Vegetation,,,
Complaint regarding Old banyan tree collapsed across the road blocking all ambulance and vehicle movement,Fallen Tree / Vegetation,,,
Dangerous heavy branch hanging loosely and about to fall on pedestrians,Fallen Tree / Vegetation,,,
Please resolve: Dangerous heavy branch hanging loosely and about to fall on pedestrians,Fallen Tree / Vegetation,,,
Urgent complaint: Dangerous heavy branch hanging loosely and about to fall on pedestrians,Fallen Tree / Vegetation,,,
Reporting issue: Dangerous heavy branch hanging loosely and about to fall on pedestrians,Fallen Tree / Vegetation,,,
Complaint regarding Dangerous heavy branch hanging loosely and about to fall on pedestrians,Fallen Tree / Vegetation,,,
Overgrown roadside shrubs and tree branches completely obstructing traffic vision,Fallen Tree / Vegetation,,,
Please resolve: Overgrown roadside shrubs and tree branches completely obstructing traffic vision,Fallen Tree / Vegetation,,,
Urgent complaint: Overgrown roadside shrubs and tree branches completely obstructing traffic vision,Fallen Tree / Vegetation,,,
Reporting issue: Overgrown roadside shrubs and tree branches completely obstructing traffic vision,Fallen Tree / Vegetation,,,
Complaint regarding Overgrown roadside shrubs and tree branches completely obstructing traffic vision,Fallen Tree / Vegetation,,,
Fallen tree trunk lying across the pavement preventing walking,Fallen Tree / Vegetation,,,
Please resolve: Fallen tree trunk lying across the pavement preventing walking,Fallen Tree / Vegetation,,,
Urgent complaint: Fallen tree trunk lying across the pavement preventing walking,Fallen Tree / Vegetation,,,
Reporting issue: Fallen tree trunk lying across the pavement preventing walking,Fallen Tree / Vegetation,,,
Complaint regarding Fallen tree trunk lying across the pavement preventing walking,Fallen Tree / Vegetation,,,
Heavy black smoke and toxic air pollution from factory chimney nearby,Pollution,,,
Please resolve: Heavy black smoke and toxic air pollution from factory chimney nearby,Pollution,,,
Urgent complaint: Heavy black smoke and toxic air pollution from factory chimney nearby,Pollution,,,
Reporting issue: Heavy black smoke and toxic air pollution from factory chimney nearby,Pollution,,,
Complaint regarding Heavy black smoke and toxic air pollution from factory chimney nearby,Pollution,,,
Intense burning of garbage and plastic releasing toxic fumes in the evening,Pollution,,,
Please resolve: Intense burning of garbage and plastic releasing toxic fumes in the evening,Pollution,,,
Urgent complaint: Intense burning of garbage and plastic releasing toxic fumes in the evening,Pollution,,,
Reporting issue: Intense burning of garbage and plastic releasing toxic fumes in the evening,Pollution,,,
Complaint regarding Intense burning of garbage and plastic releasing toxic fumes in the evening,Pollution,,,
Chemical smell and foul industrial air causing breathing difficulties in our colony,Pollution,,,
Please resolve: Chemical smell and foul industrial air causing breathing difficulties in our colony,Pollution,,,
Urgent complaint: Chemical smell and foul industrial air causing breathing difficulties in our colony,Pollution,,,
Reporting issue: Chemical smell and foul industrial air causing breathing difficulties in our colony,Pollution,,,
Complaint regarding Chemical smell and foul industrial air causing breathing difficulties in our colony,Pollution,,,
Excessive vehicle exhaust and smog making air quality unbreathable,Pollution,,,
Please resolve: Excessive vehicle exhaust and smog making air quality unbreathable,Pollution,,,
Urgent complaint: Excessive vehicle exhaust and smog making air quality unbreathable,Pollution,,,
Reporting issue: Excessive vehicle exhaust and smog making air quality unbreathable,Pollution,,,
Complaint regarding Excessive vehicle exhaust and smog making air quality unbreathable,Pollution,,,
Factory dumping untreated chemical liquid and polluting the nearby local stream,Pollution,,,
Please resolve: Factory dumping untreated chemical liquid and polluting the nearby local stream,Pollution,,,
Urgent complaint: Factory dumping untreated chemical liquid and polluting the nearby local stream,Pollution,,,
Reporting issue: Factory dumping untreated chemical liquid and polluting the nearby local stream,Pollution,,,
Complaint regarding Factory dumping untreated chemical liquid and polluting the nearby local stream,Pollution,,,
