unique_key,created_date,complaint_type,descriptor,incident_address,borough,latitude,longitude,status
70271491,2026-09-02T01:33:32.000,Illegal Dumping,Chronic Dumping,1801 CROSS BRONX EXPRESSWAY,BRONX,40.83544092156094,-73.86674852983514,In Progress
70264773,2026-09-01T23:57:42.000,Illegal Dumping,Chronic Dumping,326 EAST 4 STREET,MANHATTAN,40.72182905599458,-73.97911901847648,In Progress
70268765,2026-09-01T23:51:53.000,Illegal Dumping,Removal Request,315 EAST 4 STREET,MANHATTAN,40.7219526149964,-73.97936790692738,In Progress
70272802,2026-09-01T23:49:46.000,Illegal Dumping,Removal Request,3203 PARSIFAL PLACE,BRONX,40.83923277291051,-73.82112857081471,In Progress
70272798,2026-09-01T22:45:40.000,Illegal Dumping,Removal Request,1201 AVENUE J,BROOKLYN,40.624901826971076,-73.96403729873298,In Progress
70270127,2026-09-01T22:34:00.000,Illegal Dumping,Chronic Dumping,43-23 COLDEN STREET,QUEENS,40.752535283074295,-73.8249815011565,In Progress
70263388,2026-09-01T22:30:22.000,Illegal Dumping,Removal Request,463 LAFAYETTE AVENUE,BROOKLYN,40.68930820159475,-73.9563725320358,In Progress
70264728,2026-09-01T22:06:19.000,Illegal Dumping,Removal Request,107-50 VAN WYCK EXPRESSWAY,QUEENS,40.68814503023297,-73.80893153893146,In Progress
70267416,2026-09-01T22:03:16.000,Illegal Dumping,Removal Request,119 FULTON STREET,MANHATTAN,40.70993219017995,-74.00714905296479,In Progress
70268781,2026-09-01T21:40:18.000,Illegal Dumping,Removal Request,150 ALEXANDER AVENUE,BRONX,40.80789372262517,-73.9267064624413,In Progress
70267409,2026-09-01T21:37:53.000,Illegal Dumping,Removal Request,23 ALABAMA AVENUE,BROOKLYN,40.67625719438394,-73.89987364506827,In Progress
70267421,2026-09-01T21:27:49.000,Illegal Dumping,Removal Request,53-78 62 STREET,QUEENS,40.7299093099922,-73.90326760453345,In Progress
70264729,2026-09-01T21:24:09.000,Illegal Dumping,Removal Request,623 WEST 142 STREET,MANHATTAN,40.82479274498717,-73.95247898727598,In Progress
70270129,2026-09-01T21:08:57.000,Illegal Dumping,Chronic Dumping,9246 SEVENTH AVENUE,BROOKLYN,40.61161191282919,-74.02401958376025,In Progress
70266060,2026-09-01T21:08:51.000,Illegal Dumping,Removal Request,599 MORGAN AVENUE,BROOKLYN,40.724960619669524,-73.93963784678968,In Progress
70270128,2026-09-01T20:46:31.000,Illegal Dumping,Chronic Dumping,198-06 118 AVENUE,QUEENS,40.69292828178993,-73.75358612780013,In Progress
70264730,2026-09-01T20:02:21.000,Illegal Dumping,Removal Request,131-01 109 AVENUE,QUEENS,40.68535094223868,-73.81232526737647,In Progress
70266067,2026-09-01T19:57:38.000,Illegal Dumping,Removal Request,131-01 109 AVENUE,QUEENS,40.68535094223868,-73.81232526737647,In Progress
70268783,2026-09-01T19:11:00.000,Illegal Dumping,Removal Request,101-27 117 STREET,QUEENS,40.689146033034284,-73.82751333855572,In Progress
70271445,2026-09-01T19:09:18.000,Illegal Dumping,Removal Request,175-11 148 ROAD,QUEENS,40.65869674700999,-73.77018752048971,In Progress
70266052,2026-09-01T19:00:45.000,Illegal Dumping,Removal Request,125-19 DEFOE STREET,QUEENS,40.680933285108765,-73.75473010816906,In Progress
70270075,2026-09-01T18:53:13.000,Illegal Dumping,Removal Request,1350 GRAND CONCOURSE,BRONX,40.83767382859059,-73.91461762857192,In Progress
70268767,2026-09-01T18:49:15.000,Illegal Dumping,Removal Request,210 EAST 170 STREET,BRONX,40.838471437786175,-73.91314210916714,In Progress
70267420,2026-09-01T18:45:35.000,Illegal Dumping,Removal Request,104-12 38 AVENUE,QUEENS,40.75157284205484,-73.86206185344726,In Progress
70263393,2026-09-01T18:43:57.000,Illegal Dumping,Removal Request,715 ROSEWOOD STREET,BRONX,40.87322170503649,-73.86667643315054,In Progress
70267419,2026-09-01T18:22:04.000,Illegal Dumping,Removal Request,875 WOODWARD AVENUE,QUEENS,40.70261965099787,-73.90181046515279,In Progress
70271400,2026-09-01T18:01:40.000,Illegal Dumping,Chronic Dumping,233 LANDING ROAD,BRONX,40.86240645467484,-73.91109714827905,In Progress
70272787,2026-09-01T17:59:04.000,Illegal Dumping,Removal Request,114-02 VAN WYCK EXPRESSWAY,QUEENS,40.68259314451197,-73.80612793026772,In Progress
70263390,2026-09-01T17:55:20.000,Illegal Dumping,Removal Request,143 EAST 29 STREET,MANHATTAN,40.74307386967149,-73.98154107151684,In Progress
70266062,2026-09-01T17:45:23.000,Illegal Dumping,Removal Request,HILLSIDE AVENUE,QUEENS,40.70771588180822,-73.8027870320592,In Progress
70266059,2026-09-01T17:43:43.000,Illegal Dumping,Removal Request,2173 86 STREET,BROOKLYN,40.60224080307827,-73.99427053628109,In Progress
70267414,2026-09-01T17:27:20.000,Illegal Dumping,Removal Request,1100 ROCKAWAY AVENUE,BROOKLYN,40.65254502222085,-73.90637100508326,In Progress
70270081,2026-09-01T17:02:01.000,Illegal Dumping,Removal Request,72 STREET,BROOKLYN,40.61817722091726,-73.99927238970166,In Progress
70267418,2026-09-01T17:00:43.000,Illegal Dumping,Removal Request,72 STREET,BROOKLYN,,,In Progress
70270074,2026-09-01T16:57:25.000,Illegal Dumping,Removal Request,667 9 AVENUE,MANHATTAN,40.76114363882891,-73.99066154392087,In Progress
70272801,2026-09-01T16:48:26.000,Illegal Dumping,Removal Request,302 BLEECKER STREET,MANHATTAN,40.73259856652774,-74.00379223536149,In Progress
70270130,2026-09-01T16:45:41.000,Illegal Dumping,Chronic Dumping,181 BEDFORD AVENUE,BROOKLYN,40.71795851239095,-73.9575766949627,In Progress
70270072,2026-09-01T16:28:49.000,Illegal Dumping,Removal Request,27-07 BQE,QUEENS,40.761535805882815,-73.90176692912998,In Progress
70264735,2026-09-01T16:23:51.000,Illegal Dumping,Removal Request,1655 PUTNAM AVENUE,QUEENS,40.69932806239275,-73.90770459328262,In Progress
70270084,2026-09-01T16:21:57.000,Illegal Dumping,Removal Request,ADELPHI STREET,BROOKLYN,40.69321060665914,-73.9718725383069,In Progress
70271492,2026-09-01T16:13:46.000,Illegal Dumping,Chronic Dumping,104-17 132 STREET,QUEENS,40.69018140765446,-73.81380452591951,In Progress
70271441,2026-09-01T16:06:53.000,Illegal Dumping,Removal Request,104-23 133 STREET,QUEENS,40.690353322592635,-73.81318382444236,In Progress
70268778,2026-09-01T16:01:20.000,Illegal Dumping,Removal Request,131-01 109 AVENUE,QUEENS,40.68535094223868,-73.81232526737647,In Progress
70270073,2026-09-01T15:46:06.000,Illegal Dumping,Removal Request,86-19 115 STREET,QUEENS,40.69942709092899,-73.83440026098033,In Progress
70264731,2026-09-01T15:44:02.000,Illegal Dumping,Removal Request,WEST 236 STREET,BRONX,,,In Progress
70270083,2026-09-01T15:31:10.000,Illegal Dumping,Removal Request,514 EAST 85 STREET,BROOKLYN,40.64260181147529,-73.91491048715397,In Progress
70270080,2026-09-01T15:30:18.000,Illegal Dumping,Removal Request,TYSENS LANE,STATEN ISLAND,40.55837885498764,-74.1066902642099,In Progress
70266066,2026-09-01T15:29:56.000,Illegal Dumping,Removal Request,562 FLATBUSH AVENUE,BROOKLYN,40.66005317294398,-73.96061589616208,In Progress
70267450,2026-09-01T15:25:53.000,Illegal Dumping,Chronic Dumping,137-47 225 STREET,QUEENS,40.67358041551916,-73.74730914017891,In Progress
70272792,2026-09-01T15:17:54.000,Illegal Dumping,Removal Request,914 3 AVENUE,MANHATTAN,40.759097592350855,-73.96839388815684,In Progress
70270082,2026-09-01T15:14:57.000,Illegal Dumping,Removal Request,421 WEST 43 STREET,MANHATTAN,40.759527158343964,-73.99312717864257,In Progress
70267412,2026-09-01T15:11:55.000,Illegal Dumping,Removal Request,197 BEACH 25 STREET,QUEENS,40.59477643937777,-73.75842411160292,In Progress
70270086,2026-09-01T15:05:37.000,Illegal Dumping,Removal Request,84-09 164 STREET,QUEENS,40.71367059559641,-73.80195057887121,In Progress
70264734,2026-09-01T15:00:15.000,Illegal Dumping,Removal Request,8 CLINTON PLACE,BRONX,40.856525549235776,-73.90543678111086,In Progress
70271449,2026-09-01T14:50:35.000,Illegal Dumping,Removal Request,40-55 71 STREET,QUEENS,40.7452088660478,-73.89423757159857,In Progress
70263383,2026-09-01T14:50:08.000,Illegal Dumping,Removal Request,BROADWAY,STATEN ISLAND,40.63456702071798,-74.11719928427827,In Progress
70267410,2026-09-01T14:50:02.000,Illegal Dumping,Removal Request,WEMPLE STREET,STATEN ISLAND,,,In Progress
70272794,2026-09-01T14:42:14.000,Illegal Dumping,Removal Request,179-38 144 ROAD,QUEENS,40.66780964675617,-73.76620173999348,In Progress
70270071,2026-09-01T14:40:12.000,Illegal Dumping,Removal Request,41-07 56 STREET,QUEENS,40.74485342374801,-73.90867727405143,In Progress
70263391,2026-09-01T14:28:46.000,Illegal Dumping,Removal Request,88-17 ROOSEVELT AVENUE,QUEENS,40.74825605992701,-73.87810020259583,In Progress
70264774,2026-09-01T14:26:37.000,Illegal Dumping,Chronic Dumping,1827 PALMETTO STREET,QUEENS,40.70339806331892,-73.90709664992319,In Progress
70271447,2026-09-01T14:12:39.000,Illegal Dumping,Removal Request,1368 CONEY ISLAND AVENUE,BROOKLYN,40.62420222529821,-73.96507515439829,In Progress
70266053,2026-09-01T14:02:50.000,Illegal Dumping,Removal Request,114 ROAD,QUEENS,40.69733217043022,-73.76201224958494,In Progress
70266058,2026-09-01T14:02:26.000,Illegal Dumping,Removal Request,1477 LELAND AVENUE,BRONX,40.837052080158905,-73.8644035049952,In Progress
70266064,2026-09-01T13:56:36.000,Illegal Dumping,Removal Request,68-17 MYRTLE AVENUE,QUEENS,40.701691812002835,-73.88399549332432,In Progress
70264736,2026-09-01T13:53:18.000,Illegal Dumping,Removal Request,17 AVENUE,BROOKLYN,40.62336988839489,-73.98948845527158,In Progress
70272791,2026-09-01T13:41:48.000,Illegal Dumping,Removal Request,14 STUYVESANT AVENUE,BROOKLYN,40.696146137581025,-73.93468731709979,In Progress
70272793,2026-09-01T13:34:10.000,Illegal Dumping,Removal Request,17 GRANITE STREET,BROOKLYN,40.68232994517095,-73.90801655924989,In Progress
70266055,2026-09-01T13:20:49.000,Illegal Dumping,Removal Request,168-20 JAMAICA AVENUE,QUEENS,40.70654116219774,-73.79189792443901,In Progress
70271442,2026-09-01T13:19:39.000,Illegal Dumping,Removal Request,100 ROAD,QUEENS,40.714997647678615,-73.73090493370833,In Progress
70271450,2026-09-01T13:10:54.000,Illegal Dumping,Removal Request,BOERUM STREET,BROOKLYN,40.70573884725338,-73.94468668683048,In Progress
70266061,2026-09-01T13:00:19.000,Illegal Dumping,Removal Request,110-46 MERRICK BOULEVARD,QUEENS,40.69499188529521,-73.7819159718858,In Progress
70268782,2026-09-01T12:45:05.000,Illegal Dumping,Removal Request,1173 REV JAMES A POLITE AVENUE,BRONX,40.827169822932994,-73.89776400494804,In Progress
70268769,2026-09-01T12:42:06.000,Illegal Dumping,Removal Request,2170 WALTON AVENUE,BRONX,40.856055179664764,-73.90419391877361,In Progress
70271444,2026-09-01T12:41:33.000,Illegal Dumping,Removal Request,98 FORSYTH STREET,MANHATTAN,40.71830096972829,-73.99288973123392,In Progress
70270093,2026-09-01T12:38:04.000,Illegal Dumping,Removal Request,30 THOMPSON STREET,MANHATTAN,40.72300837457703,-74.00418853633742,In Progress
70268766,2026-09-01T12:33:44.000,Illegal Dumping,Removal Request,22-03 35 STREET,QUEENS,40.77479608266742,-73.90897198853531,In Progress
70264739,2026-09-01T12:29:09.000,Illegal Dumping,Removal Request,9 AVENUE,MANHATTAN,40.76922627408269,-73.98476495262703,In Progress
70264738,2026-09-01T12:16:57.000,Illegal Dumping,Removal Request,99 LAFAYETTE AVENUE,BROOKLYN,40.68724950475265,-73.97416831783468,In Progress
70268776,2026-09-01T12:14:25.000,Illegal Dumping,Removal Request,BEARD STREET,BROOKLYN,40.6760305684195,-74.01665221488285,In Progress
70268773,2026-09-01T12:11:47.000,Illegal Dumping,Removal Request,1101 EAST 179 STREET,BRONX,40.84068064600093,-73.87668037504619,In Progress
70263384,2026-09-01T12:07:25.000,Illegal Dumping,Removal Request,178-10 JAMAICA AVENUE,QUEENS,40.70798195887983,-73.7828689764747,In Progress
70270126,2026-09-01T11:55:56.000,Illegal Dumping,Chronic Dumping,124 WITHERS STREET,BROOKLYN,40.71713898194421,-73.94710138526322,In Progress
70264727,2026-09-01T11:54:34.000,Illegal Dumping,Removal Request,46-02 37 AVENUE,QUEENS,40.7508514086885,-73.91685834171955,In Progress
70263398,2026-09-01T11:46:41.000,Illegal Dumping,Removal Request,132 BOGART STREET,BROOKLYN,40.70800597048085,-73.93415630531206,In Progress
70270077,2026-09-01T11:36:26.000,Illegal Dumping,Removal Request,591 4 AVENUE,BROOKLYN,40.66514853042235,-73.99313329856625,In Progress
70270092,2026-09-01T11:31:04.000,Illegal Dumping,Removal Request,1169 SHORE PARKWAY,BROOKLYN,40.602470768239854,-74.01304708900867,In Progress
70268772,2026-09-01T11:21:22.000,Illegal Dumping,Removal Request,3601 GREYSTONE AVENUE,BRONX,40.885888730228395,-73.90596281053244,In Progress
70264724,2026-09-01T11:21:04.000,Illegal Dumping,Removal Request,89-12 199 STREET,QUEENS,40.71744084627931,-73.76223625495146,In Progress
70266051,2026-09-01T11:18:59.000,Illegal Dumping,Removal Request,HILLSIDE AVENUE,QUEENS,40.739021917142864,-73.70059684703173,In Progress
70271448,2026-09-01T11:18:28.000,Illegal Dumping,Removal Request,9224 4 AVENUE,BROOKLYN,40.61809912524724,-74.03028224130318,In Progress
70268774,2026-09-01T11:17:16.000,Illegal Dumping,Removal Request,BARRY STREET,BRONX,40.81383223808051,-73.89363358985568,In Progress
70263397,2026-09-01T11:16:24.000,Illegal Dumping,Removal Request,121 NELSON STREET,BROOKLYN,40.67712144480182,-74.00096980278154,In Progress
70264733,2026-09-01T11:15:03.000,Illegal Dumping,Removal Request,3000 FULTON STREET,BROOKLYN,40.68011799365832,-73.88408349674067,In Progress
70271451,2026-09-01T11:14:06.000,Illegal Dumping,Removal Request,161 HENRY STREET,MANHATTAN,40.71344796832201,-73.98944178517061,In Progress
70266054,2026-09-01T11:13:49.000,Illegal Dumping,Removal Request,169-15 SAYRES AVENUE,QUEENS,40.692408238472325,-73.78148809022116,In Progress
70271446,2026-09-01T11:08:34.000,Illegal Dumping,Removal Request,162-22 59 AVENUE,QUEENS,40.740436477789714,-73.80617252752694,In Progress
70270079,2026-09-01T11:06:46.000,Illegal Dumping,Removal Request,5836 PRESTON COURT,BROOKLYN,40.63934353732372,-73.92236961163766,In Progress
70263396,2026-09-01T10:42:52.000,Illegal Dumping,Removal Request,37-57 JUNCTION BOULEVARD,QUEENS,40.750484395047984,-73.87019561071867,In Progress
70263385,2026-09-01T10:39:15.000,Illegal Dumping,Removal Request,3020 AVENUE Y,BROOKLYN,40.5920895856974,-73.93646338389036,In Progress
70267415,2026-09-01T10:36:27.000,Illegal Dumping,Removal Request,BRADFORD STREET,BROOKLYN,40.67976798649127,-73.89399524187553,In Progress
70263395,2026-09-01T10:30:05.000,Illegal Dumping,Removal Request,8 CLINTON PLACE,BRONX,40.856525549235776,-73.90543678111086,In Progress
70272834,2026-09-01T10:24:08.000,Illegal Dumping,Chronic Dumping,107-58 164 STREET,QUEENS,40.69759695700989,-73.79094131396458,In Progress
70267451,2026-09-01T10:23:09.000,Illegal Dumping,Chronic Dumping,53-20 FLUSHING AVENUE,QUEENS,40.71455267203706,-73.91401422003322,In Progress
70267369,2026-09-01T10:22:46.000,Illegal Dumping,Removal Request,516 57 STREET,BROOKLYN,40.64082639232153,-74.01381847842086,Closed
70266065,2026-09-01T10:18:17.000,Illegal Dumping,Removal Request,87-21 129 STREET,QUEENS,40.70106813713941,-73.82311139390424,In Progress
70268775,2026-09-01T10:16:19.000,Illegal Dumping,Removal Request,67 WEST 9 STREET,MANHATTAN,40.73403138346413,-73.99871544736621,In Progress
70270091,2026-09-01T10:15:12.000,Illegal Dumping,Removal Request,1532 MYRTLE AVENUE,BROOKLYN,40.699400430649646,-73.91250464008209,In Progress
70270090,2026-09-01T10:13:16.000,Illegal Dumping,Removal Request,3103 SEDGWICK AVENUE,BRONX,40.87676533307896,-73.89939813345883,In Progress
70267413,2026-09-01T10:13:15.000,Illegal Dumping,Removal Request,601 VAN SINDEREN AVENUE,BROOKLYN,40.66182517354533,-73.89990251641406,In Progress
70268779,2026-09-01T10:11:42.000,Illegal Dumping,Removal Request,116-20 139 STREET,QUEENS,40.679282346014,-73.80255024127689,In Progress
70263335,2026-09-01T10:06:48.000,Illegal Dumping,Removal Request,1994 CONEY ISLAND AVENUE,BROOKLYN,40.608635571239084,-73.96213005430654,Closed
70263389,2026-09-01T10:04:37.000,Illegal Dumping,Removal Request,267 WEST 15 STREET,MANHATTAN,40.739995734443475,-74.00094184901674,In Progress
70263387,2026-09-01T10:00:44.000,Illegal Dumping,Removal Request,1069 MORRIS AVENUE,BRONX,40.82999240822301,-73.91602229653515,In Progress
70263382,2026-09-01T09:56:41.000,Illegal Dumping,Removal Request,MANOR ROAD,STATEN ISLAND,40.60936284518915,-74.1212716186953,In Progress
70272795,2026-09-01T09:51:56.000,Illegal Dumping,Removal Request,LIVONIA AVENUE,BROOKLYN,40.666469358702265,-73.8825067547414,In Progress
70264725,2026-09-01T09:50:32.000,Illegal Dumping,Removal Request,106-10 DUNKIRK STREET,QUEENS,40.70315577859612,-73.77386450338388,In Progress
70263394,2026-09-01T09:46:14.000,Illegal Dumping,Removal Request,122-30 ROCKAWAY BOULEVARD,QUEENS,40.67559795252992,-73.81522961490981,In Progress
70264737,2026-09-01T09:44:22.000,Illegal Dumping,Removal Request,8752 16 AVENUE,BROOKLYN,40.607359541863865,-74.01015608203413,In Progress
70266056,2026-09-01T09:37:30.000,Illegal Dumping,Removal Request,679 48 STREET,BROOKLYN,40.64396438591978,-74.00538711779073,In Progress
70268780,2026-09-01T09:36:36.000,Illegal Dumping,Removal Request,555 BERGEN AVENUE,BRONX,40.81595890656978,-73.91635431306804,In Progress
70263434,2026-09-01T09:32:35.000,Illegal Dumping,Chronic Dumping,1450 COLLEGE AVENUE,BRONX,40.8388887868002,-73.90976610421663,Closed
70267411,2026-09-01T09:31:03.000,Illegal Dumping,Removal Request,638 WEST 227 STREET,BRONX,40.88097566723513,-73.91658351413474,In Progress
70266063,2026-09-01T09:27:47.000,Illegal Dumping,Removal Request,900 BARRETTO STREET,BRONX,40.81897194773419,-73.89238976225438,In Progress
70268768,2026-09-01T09:27:25.000,Illegal Dumping,Removal Request,WESTCHESTER AVENUE,BRONX,,,In Progress
70272796,2026-09-01T09:16:04.000,Illegal Dumping,Removal Request,142 8 AVENUE,MANHATTAN,40.74157670894545,-74.00118365443703,In Progress
70270089,2026-09-01T09:06:17.000,Illegal Dumping,Removal Request,1724 GATES AVENUE,QUEENS,40.70248024820875,-73.90920417646458,In Progress
70263392,2026-09-01T09:04:55.000,Illegal Dumping,Removal Request,676 SENECA AVENUE,QUEENS,40.70317672355166,-73.90832681780273,In Progress
70272799,2026-09-01T09:04:02.000,Illegal Dumping,Removal Request,273 WEST 136 STREET,MANHATTAN,40.8167913694731,-73.94512185168155,In Progress
70272800,2026-09-01T09:01:47.000,Illegal Dumping,Removal Request,136-12 HORACE HARDING EXPRESSWAY,QUEENS,40.74257310947566,-73.8294969729717,In Progress
70271443,2026-09-01T09:01:31.000,Illegal Dumping,Removal Request,186 SULLIVAN STREET,MANHATTAN,40.728371703142535,-74.00080458120391,In Progress
70272797,2026-09-01T08:56:21.000,Illegal Dumping,Removal Request,97 GREEN STREET,BROOKLYN,40.733499295334305,-73.95748741890043,In Progress
70270078,2026-09-01T08:51:34.000,Illegal Dumping,Removal Request,1680 EAST 19 STREET,BROOKLYN,40.60919823252559,-73.95450165832555,In Progress
70264740,2026-09-01T08:49:50.000,Illegal Dumping,Removal Request,133-23 ROCKAWAY BOULEVARD,QUEENS,40.674635973255064,-73.80447469462996,In Progress
70268771,2026-09-01T08:47:33.000,Illegal Dumping,Removal Request,15-14 PARSONS BOULEVARD,QUEENS,40.78560464597383,-73.82183597522508,In Progress
70264732,2026-09-01T08:42:49.000,Illegal Dumping,Removal Request,201 CLIFTON PLACE,BROOKLYN,40.68863821876432,-73.95569507286483,In Progress
70267417,2026-09-01T08:40:44.000,Illegal Dumping,Removal Request,365 TOMPKINS AVENUE,BROOKLYN,40.68515836935813,-73.944263869064,In Progress
70270087,2026-09-01T08:33:18.000,Illegal Dumping,Removal Request,1532 MYRTLE AVENUE,BROOKLYN,40.699400430649646,-73.91250464008209,In Progress
70263336,2026-09-01T08:32:43.000,Illegal Dumping,Removal Request,217 THOMPSON STREET,MANHATTAN,40.7290304444001,-73.99917376270382,Closed
70266023,2026-09-01T08:32:11.000,Illegal Dumping,Removal Request,246 EAST 15 STREET,MANHATTAN,40.73327011970919,-73.9850221430027,Closed
70263337,2026-09-01T08:22:36.000,Illegal Dumping,Removal Request,376 3 AVENUE,MANHATTAN,40.741495585546254,-73.98121672594459,Closed
70264691,2026-09-01T08:21:19.000,Illegal Dumping,Removal Request,201 WEST 95 STREET,MANHATTAN,40.79347063379616,-73.97105009103404,Closed
70266057,2026-09-01T08:20:32.000,Illegal Dumping,Removal Request,3201 WHITE PLAINS ROAD,BRONX,40.871707190733936,-73.86716036708357,In Progress
70263386,2026-09-01T08:08:46.000,Illegal Dumping,Removal Request,170 WEST 25 STREET,MANHATTAN,40.74495807623183,-73.9937205388615,In Progress
70270023,2026-09-01T08:08:20.000,Illegal Dumping,Chronic Dumping,EAST 149 STREET,BRONX,40.81212603460825,-73.90418129247784,In Progress
70270022,2026-09-01T08:08:10.000,Illegal Dumping,Removal Request,12 UNDERHILL AVENUE,BROOKLYN,40.68068148263308,-73.96465979705562,Closed
70270076,2026-09-01T08:01:47.000,Illegal Dumping,Removal Request,209 AVENUE B,MANHATTAN,40.72858930472122,-73.97863703627173,In Progress
70268770,2026-09-01T07:18:33.000,Illegal Dumping,Removal Request,701 EAST 80 STREET,BROOKLYN,40.63699970586033,-73.91491763044836,In Progress
70272788,2026-09-01T07:12:03.000,Illegal Dumping,Removal Request,261 7 AVENUE,MANHATTAN,40.74529298782225,-73.9947634805095,In Progress
70272790,2026-09-01T06:59:23.000,Illegal Dumping,Removal Request,35-17 100 STREET,QUEENS,40.753539222847046,-73.86771364074984,In Progress
70268777,2026-09-01T06:57:51.000,Illegal Dumping,Removal Request,4101 AVENUE K,BROOKLYN,40.625790026901456,-73.93617552880468,In Progress
70270088,2026-09-01T06:45:54.000,Illegal Dumping,Removal Request,2019 VYSE AVENUE,BRONX,40.84239050684172,-73.88183463274476,In Progress
70272789,2026-09-01T06:43:07.000,Illegal Dumping,Removal Request,11 MONROE STREET,BROOKLYN,40.68457422804023,-73.95841640911343,In Progress
70267422,2026-09-01T06:37:41.000,Illegal Dumping,Removal Request,871 EAST 179 STREET,BRONX,40.844229020892264,-73.88410474554894,In Progress
70270085,2026-09-01T06:23:22.000,Illegal Dumping,Removal Request,413 NEWPORT STREET,BROOKLYN,40.66078718220986,-73.89937063248387,In Progress
70264741,2026-09-01T06:19:46.000,Illegal Dumping,Removal Request,446 RIVERDALE AVENUE,BROOKLYN,40.66235452576901,-73.89945477411236,In Progress
70264726,2026-09-01T04:49:52.000,Illegal Dumping,Removal Request,CEDAR AVENUE,BRONX,,,In Progress
70251528,2026-09-01T01:39:13.000,Illegal Dumping,Removal Request,788 EAST 92 STREET,BROOKLYN,40.64865248687577,-73.91280542981394,In Progress
70251534,2026-08-31T23:09:53.000,Illegal Dumping,Removal Request,546 CHAUNCEY STREET,BROOKLYN,40.682527152129026,-73.91097641009766,In Progress
70262075,2026-08-31T22:59:55.000,Illegal Dumping,Removal Request,402 EAST GUN HILL ROAD,BRONX,40.87862052207749,-73.87151847346084,In Progress
70256039,2026-08-31T21:59:33.000,Illegal Dumping,Removal Request,1422 76 STREET,BROOKLYN,40.6179547781794,-74.0051833055977,In Progress
70262071,2026-08-31T21:37:12.000,Illegal Dumping,Removal Request,464 WEST 23 STREET,MANHATTAN,40.74721164595414,-74.0030568295963,In Progress
70251535,2026-08-31T21:15:49.000,Illegal Dumping,Removal Request,220 FLUSHING AVENUE,BROOKLYN,40.69768610521971,-73.96726537047942,In Progress
70253244,2026-08-31T21:04:41.000,Illegal Dumping,Chronic Dumping,105-25 75 STREET,QUEENS,40.678575990340725,-73.86218760164753,In Progress
70253003,2026-08-31T20:37:24.000,Illegal Dumping,Removal Request,59 STREET,QUEENS,40.737221282584464,-73.90652265340628,Closed
70256031,2026-08-31T20:24:04.000,Illegal Dumping,Removal Request,356 BALTIC STREET,BROOKLYN,40.68446061071239,-73.99088501388276,Closed
70254473,2026-08-31T19:54:12.000,Illegal Dumping,Removal Request,42-41 JUDGE STREET,QUEENS,40.744143772196075,-73.88009620043174,In Progress
70254476,2026-08-31T19:51:35.000,Illegal Dumping,Removal Request,186-05 JAMAICA AVENUE,QUEENS,40.709969343573306,-73.77299734957792,In Progress
70257541,2026-08-31T19:47:24.000,Illegal Dumping,Removal Request,46 BOWERY,MANHATTAN,40.715696356000116,-73.99641434248574,Closed
70259057,2026-08-31T19:44:00.000,Illegal Dumping,Removal Request,25-99 25 ROAD,QUEENS,40.77187928590296,-73.92132335981441,In Progress
70254730,2026-08-31T19:41:27.000,Illegal Dumping,Removal Request,3 UNION SQUARE WEST,MANHATTAN,40.735386992529534,-73.99159972085522,Closed
70254478,2026-08-31T19:40:02.000,Illegal Dumping,Removal Request,35-31 160 STREET,QUEENS,40.76459704145654,-73.80528275454124,In Progress
70259047,2026-08-31T19:34:11.000,Illegal Dumping,Removal Request,145 GRAND STREET,BROOKLYN,40.71485028309088,-73.9621202084881,In Progress
70259041,2026-08-31T19:23:28.000,Illegal Dumping,Removal Request,VERONICA PLACE,BROOKLYN,40.649644798421406,-73.9528848308646,In Progress
70260563,2026-08-31T19:23:24.000,Illegal Dumping,Removal Request,94-15 133 STREET,QUEENS,40.696333317570016,-73.81605207761741,Closed
70251525,2026-08-31T19:00:04.000,Illegal Dumping,Removal Request,951 52 STREET,BROOKLYN,40.638000082425904,-74.00154933351494,Closed
70256079,2026-08-31T18:58:47.000,Illegal Dumping,Chronic Dumping,2245 CHURCH AVENUE,BROOKLYN,40.650439959803734,-73.95782864655098,In Progress
70252999,2026-08-31T18:53:39.000,Illegal Dumping,Removal Request,WEST 169 STREET,MANHATTAN,40.84168028474755,-73.93933316300689,In Progress
70257537,2026-08-31T18:49:01.000,Illegal Dumping,Removal Request,11 BAY 22 STREET,BROOKLYN,40.60502965889303,-74.00017646477016,In Progress
70259049,2026-08-31T18:45:12.000,Illegal Dumping,Removal Request,765 LEVERETT AVENUE,STATEN ISLAND,40.55435478822542,-74.17235460026065,In Progress
70260566,2026-08-31T18:44:27.000,Illegal Dumping,Removal Request,412 WEST 36 STREET,MANHATTAN,40.75486396607337,-73.99582028887788,In Progress
70259053,2026-08-31T18:38:00.000,Illegal Dumping,Removal Request,3007 AVENUE S,BROOKLYN,40.605433756226695,-73.93962707047923,Closed
70262076,2026-08-31T18:37:43.000,Illegal Dumping,Removal Request,242 COOPER STREET,BROOKLYN,40.690353047062686,-73.90480342328435,In Progress
70257530,2026-08-31T18:32:09.000,Illegal Dumping,Removal Request,95-02 97 STREET,QUEENS,40.6874806939383,-73.84541674421402,Closed
70257758,2026-08-31T18:11:38.000,Illegal Dumping,Chronic Dumping,985 ANDERSON AVENUE,BRONX,40.83176234935422,-73.92757634080255,Closed
70253000,2026-08-31T18:09:58.000,Illegal Dumping,Removal Request,1406 TOWNSEND AVENUE,BRONX,40.840137278232454,-73.91659135255412,In Progress
70260611,2026-08-31T18:01:14.000,Illegal Dumping,Chronic Dumping,43-23 COLDEN STREET,QUEENS,40.752535283074295,-73.8249815011565,Closed
70256043,2026-08-31T17:55:36.000,Illegal Dumping,Removal Request,600 WEST 57 STREET,MANHATTAN,40.7703660383441,-73.99154837531617,In Progress
70260574,2026-08-31T17:54:01.000,Illegal Dumping,Removal Request,3050 PARK AVENUE,BRONX,40.8223867863042,-73.91986176636979,In Progress
70253011,2026-08-31T17:30:44.000,Illegal Dumping,Removal Request,69 WEST 9 STREET,MANHATTAN,40.73403961788578,-73.99872988038491,Closed
70257527,2026-08-31T17:27:24.000,Illegal Dumping,Removal Request,26 WEST STREET,BROOKLYN,40.72706880793715,-73.95879397932465,Closed
70252994,2026-08-31T17:21:24.000,Illegal Dumping,Removal Request,25 WOODWARD AVENUE,QUEENS,40.71360212719549,-73.9204578868795,Closed
70253010,2026-08-31T17:18:19.000,Illegal Dumping,Removal Request,119-25 217 STREET,QUEENS,40.691893129724846,-73.7446037308698,Closed
70251531,2026-08-31T17:14:45.000,Illegal Dumping,Removal Request,175 KNICKERBOCKER AVENUE,BROOKLYN,40.70395336623701,-73.92737977408322,Closed
70260550,2026-08-31T17:09:18.000,Illegal Dumping,Removal Request,BEACH 9 STREET,QUEENS,40.59787003547431,-73.74455286172892,In Progress
70262068,2026-08-31T16:47:45.000,Illegal Dumping,Removal Request,24-02 HOYT AVENUE SOUTH,QUEENS,40.77345801048933,-73.92205802269196,Closed
70254468,2026-08-31T16:37:46.000,Illegal Dumping,Removal Request,2928 SAMPSON AVENUE,BRONX,40.82062089904103,-73.81766676579545,In Progress
70260551,2026-08-31T16:32:13.000,Illegal Dumping,Removal Request,VICTORY BOULEVARD,STATEN ISLAND,40.63662332267217,-74.08177791253532,In Progress
70259043,2026-08-31T16:29:34.000,Illegal Dumping,Removal Request,203 MOTHER GASTON BOULEVARD,BROOKLYN,40.67443895232484,-73.90831224316034,In Progress
70254470,2026-08-31T16:21:14.000,Illegal Dumping,Removal Request,214 EAST 35 STREET,MANHATTAN,40.74608128238244,-73.97692078652653,Closed
70254467,2026-08-31T16:15:30.000,Illegal Dumping,Removal Request,200 CORNELIA STREET,BROOKLYN,40.69246498189653,-73.91327461695576,In Progress
70260564,2026-08-31T16:12:26.000,Illegal Dumping,Removal Request,110-38 SPRINGFIELD BOULEVARD,QUEENS,40.707210263561564,-73.73905180182082,Closed
70251533,2026-08-31T16:09:41.000,Illegal Dumping,Removal Request,74-01 37 AVENUE,QUEENS,40.748985949959184,-73.89161497285342,In Progress
70254466,2026-08-31T16:09:31.000,Illegal Dumping,Removal Request,16-19 150 STREET,QUEENS,40.784642152519275,-73.81373175588342,In Progress
70260561,2026-08-31T16:03:19.000,Illegal Dumping,Removal Request,3 AVENUE,MANHATTAN,40.760250141707424,-73.96751979034322,In Progress
70257535,2026-08-31T15:48:27.000,Illegal Dumping,Removal Request,159-01 GRAND CENTRAL PARKWAY,QUEENS,40.71605253140748,-73.8064851291151,In Progress
70257531,2026-08-31T15:41:02.000,Illegal Dumping,Removal Request,2200 ARTHUR KILL ROAD,STATEN ISLAND,40.557263730015165,-74.20905861612692,Closed
70262067,2026-08-31T15:31:49.000,Illegal Dumping,Removal Request,37 STREET,BROOKLYN,40.64412044446325,-73.98905998133938,In Progress
70251532,2026-08-31T15:31:29.000,Illegal Dumping,Removal Request,149 NEWEL STREET,BROOKLYN,40.727399688451584,-73.94886834461381,In Progress
70260556,2026-08-31T15:29:29.000,Illegal Dumping,Removal Request,7 MERCER STREET,MANHATTAN,40.72048050880021,-74.00211403031578,Closed
70260571,2026-08-31T15:28:38.000,Illegal Dumping,Removal Request,42 BOND STREET,BROOKLYN,40.68848366408982,-73.98378819212712,In Progress
70251744,2026-08-31T15:26:43.000,Illegal Dumping,Chronic Dumping,31 ASH PLACE,STATEN ISLAND,40.60675822089136,-74.13582742430664,Closed
70251526,2026-08-31T15:24:35.000,Illegal Dumping,Removal Request,BRUCKNER BOULEVARD,BRONX,40.82018074974581,-73.89066803482967,Closed
70256036,2026-08-31T15:23:11.000,Illegal Dumping,Removal Request,670 GRAND CONCOURSE,BRONX,40.821446378668,-73.92549200774754,In Progress
70262073,2026-08-31T15:17:59.000,Illegal Dumping,Removal Request,417 54 STREET,BROOKLYN,40.643848347620796,-74.01425511772482,Closed
70256270,2026-08-31T15:16:45.000,Illegal Dumping,Chronic Dumping,680 MONTAUK AVENUE,BROOKLYN,40.66193978476102,-73.87159340748742,In Progress
70256037,2026-08-31T15:14:30.000,Illegal Dumping,Removal Request,182 BAY RIDGE AVENUE,BROOKLYN,40.636794096357015,-74.02948364480946,In Progress
70260555,2026-08-31T15:10:11.000,Illegal Dumping,Removal Request,402 NETHERLAND AVENUE,STATEN ISLAND,40.62892352009755,-74.16250307546828,Closed
70254472,2026-08-31T15:10:10.000,Illegal Dumping,Removal Request,4125 CARPENTER AVENUE,BRONX,40.892151194761134,-73.86146632694674,Closed
70260569,2026-08-31T15:06:13.000,Illegal Dumping,Removal Request,1435 2 AVENUE,MANHATTAN,40.77056421428121,-73.95709189998405,Closed
70259048,2026-08-31T14:45:20.000,Illegal Dumping,Removal Request,345 DEVOE STREET,BROOKLYN,40.71374318496016,-73.93531936953698,In Progress
70251577,2026-08-31T14:35:36.000,Illegal Dumping,Chronic Dumping,1109 IRVING AVENUE,QUEENS,40.69268204651833,-73.90323146263087,Closed
70251523,2026-08-31T14:34:27.000,Illegal Dumping,Removal Request,1540 ATLANTIC AVENUE,BROOKLYN,40.67795418028011,-73.94046273477677,In Progress
70260567,2026-08-31T14:34:00.000,Illegal Dumping,Removal Request,18-02 STEINWAY STREET,QUEENS,40.779872453266165,-73.89750443252612,In Progress
70259283,2026-08-31T14:32:36.000,Illegal Dumping,Chronic Dumping,544 MARCY AVENUE,BROOKLYN,40.69617549543867,-73.94937913424717,Closed
70262072,2026-08-31T14:32:19.000,Illegal Dumping,Removal Request,1109 IRVING AVENUE,QUEENS,40.69268204651833,-73.90323146263087,Closed
70257536,2026-08-31T14:25:44.000,Illegal Dumping,Removal Request,35-58 12 STREET,QUEENS,40.76136655235084,-73.93879626389315,In Progress
70251537,2026-08-31T14:25:19.000,Illegal Dumping,Removal Request,81 WEST 127 STREET,MANHATTAN,40.80867448209248,-73.94357884980438,In Progress
70260573,2026-08-31T14:25:13.000,Illegal Dumping,Removal Request,2144 CORTELYOU ROAD,BROOKLYN,40.644030752473554,-73.95745794089854,In Progress
70257529,2026-08-31T14:25:11.000,Illegal Dumping,Removal Request,310 ST NICHOLAS AVENUE,MANHATTAN,40.81109928134241,-73.9523370406427,In Progress
70254484,2026-08-31T14:21:16.000,Illegal Dumping,Removal Request,549 CHESTNUT STREET,BROOKLYN,40.673370577945846,-73.87297014602021,In Progress
70260568,2026-08-31T14:02:31.000,Illegal Dumping,Removal Request,DUMONT AVENUE,BROOKLYN,,,In Progress
70256033,2026-08-31T13:58:54.000,Illegal Dumping,Removal Request,977 EAST 14 STREET,BROOKLYN,40.625812589341166,-73.96244813037423,In Progress
70253004,2026-08-31T13:53:44.000,Illegal Dumping,Removal Request,73 STREET,QUEENS,40.76690491452177,-73.8959576155655,In Progress
70260554,2026-08-31T13:51:25.000,Illegal Dumping,Removal Request,3077 CROSS BRONX EXPRESSWAY,BRONX,40.82208295482525,-73.81710995906256,In Progress
70253006,2026-08-31T13:37:39.000,Illegal Dumping,Removal Request,83 SPARTAN AVENUE,STATEN ISLAND,40.6257227547848,-74.16466755646425,Closed
70259059,2026-08-31T13:30:51.000,Illegal Dumping,Removal Request,181 EAST END AVENUE,MANHATTAN,40.77630870491671,-73.94375791743246,Closed
70254479,2026-08-31T13:28:28.000,Illegal Dumping,Removal Request,435 WEST 54 STREET,MANHATTAN,40.766468216404384,-73.98823484285667,In Progress
70257600,2026-08-31T13:22:38.000,Illegal Dumping,Chronic Dumping,754 EAST GUN HILL ROAD,BRONX,40.8767350479126,-73.86443467398193,Closed
70256042,2026-08-31T13:17:39.000,Illegal Dumping,Removal Request,351 HINSDALE STREET,BROOKLYN,40.66643586026078,-73.89927920388821,In Progress
70256029,2026-08-31T13:11:33.000,Illegal Dumping,Removal Request,139 WEST 15 STREET,MANHATTAN,40.73865078816274,-73.99776270267023,In Progress
70256038,2026-08-31T13:09:33.000,Illegal Dumping,Removal Request,22-67 43 STREET,QUEENS,40.7701216284886,-73.90536451621894,In Progress
70257532,2026-08-31T13:09:01.000,Illegal Dumping,Removal Request,521 GRAND STREET,BROOKLYN,40.7110442845262,-73.95028403322246,In Progress
70259054,2026-08-31T13:07:38.000,Illegal Dumping,Removal Request,342 EAST 39 STREET,MANHATTAN,40.74732086623178,-73.9721997669721,Closed
70254541,2026-08-31T13:06:45.000,Illegal Dumping,Chronic Dumping,43-17 28 AVENUE,QUEENS,40.76426341748673,-73.91108736524028,Closed
70257526,2026-08-31T13:05:26.000,Illegal Dumping,Removal Request,GILROY STREET,STATEN ISLAND,40.54399297706525,-74.2042388986559,Closed
70256041,2026-08-31T13:03:43.000,Illegal Dumping,Removal Request,141 MESEROLE STREET,BROOKLYN,40.708027587036725,-73.94387323807607,Closed
70259045,2026-08-31T13:02:20.000,Illegal Dumping,Removal Request,29 TRANTOR PLACE,STATEN ISLAND,40.63294030582229,-74.14304314426084,In Progress
70251522,2026-08-31T12:50:02.000,Illegal Dumping,Removal Request,801 LINDEN BOULEVARD,BROOKLYN,40.65395241004806,-73.9283351927054,In Progress
70262074,2026-08-31T12:49:39.000,Illegal Dumping,Removal Request,138-32 95 AVENUE,QUEENS,40.6969374027558,-73.8111133937286,In Progress
70251521,2026-08-31T12:40:58.000,Illegal Dumping,Removal Request,UNIONPORT ROAD,BRONX,40.83401403339407,-73.8534709632824,In Progress
70251536,2026-08-31T12:32:17.000,Illegal Dumping,Removal Request,2155 EAST 33 STREET,BROOKLYN,40.60583769865207,-73.93070612058635,In Progress
70256035,2026-08-31T12:26:29.000,Illegal Dumping,Removal Request,3424 CHURCH AVENUE,BROOKLYN,40.65101662617801,-73.94540236338149,In Progress
70251519,2026-08-31T12:25:13.000,Illegal Dumping,Removal Request,6108 3 AVENUE,BROOKLYN,40.64123699921282,-74.02112961057118,Closed
70254481,2026-08-31T12:13:50.000,Illegal Dumping,Removal Request,109 3 AVENUE,MANHATTAN,40.73276264138802,-73.9875516229763,In Progress
70254483,2026-08-31T12:04:41.000,Illegal Dumping,Removal Request,1697 LINDEN BOULEVARD,BROOKLYN,40.65725526841715,-73.90008237230803,Closed
70260553,2026-08-31T11:57:39.000,Illegal Dumping,Removal Request,BELMONT AVENUE,BROOKLYN,40.668560558779696,-73.90947384513372,In Progress
70251530,2026-08-31T11:51:45.000,Illegal Dumping,Removal Request,218 EAST 36 STREET,MANHATTAN,40.74653674215238,-73.97609417430262,Closed
70259058,2026-08-31T11:51:05.000,Illegal Dumping,Removal Request,200-04 99 AVENUE,QUEENS,40.71160020311651,-73.75970326684065,In Progress
70257606,2026-08-31T11:47:14.000,Illegal Dumping,Removal Request,431 CANTERBURY AVENUE,STATEN ISLAND,40.607977654959484,-74.15272807647976,In Progress
70256271,2026-08-31T11:36:56.000,Illegal Dumping,Chronic Dumping,190A MACDOUGAL STREET,BROOKLYN,40.68003639225009,-73.91293024253488,Closed
70251524,2026-08-31T11:28:12.000,Illegal Dumping,Removal Request,100 CHURCH STREET,MANHATTAN,40.71296772801813,-74.00949042127112,Closed
70260565,2026-08-31T11:27:00.000,Illegal Dumping,Removal Request,150 MONTAGUE STREET,BROOKLYN,40.694498398196245,-73.9932600973789,In Progress
70251520,2026-08-31T11:25:45.000,Illegal Dumping,Removal Request,50 WESTERVELT AVENUE,STATEN ISLAND,40.64639956747421,-74.08646731111455,In Progress
70262066,2026-08-31T11:24:27.000,Illegal Dumping,Removal Request,116-20 194 STREET,QUEENS,40.69394596642623,-73.75846868432834,Closed
70262070,2026-08-31T11:21:13.000,Illegal Dumping,Removal Request,337 OCEAN PARKWAY,BROOKLYN,40.64127435987737,-73.97369967347683,In Progress
70260570,2026-08-31T11:18:03.000,Illegal Dumping,Removal Request,64-02 99 STREET,QUEENS,40.73081806511106,-73.85619470796914,In Progress
70251529,2026-08-31T11:15:20.000,Illegal Dumping,Removal Request,1929 86 STREET,BROOKLYN,40.605405695276254,-73.99957144028726,In Progress
70259042,2026-08-31T11:13:13.000,Illegal Dumping,Removal Request,883 GRAND STREET,BROOKLYN,40.7123865041923,-73.93893863052241,Closed
70257540,2026-08-31T11:07:45.000,Illegal Dumping,Removal Request,111 SOUTH 3 STREET,BROOKLYN,40.71278109109581,-73.96322517043198,In Progress
70252995,2026-08-31T11:03:22.000,Illegal Dumping,Removal Request,110 AVENUE,QUEENS,40.695995345656485,-73.78277097622183,Closed
70253070,2026-08-31T10:56:43.000,Illegal Dumping,Chronic Dumping,117-09 115 AVENUE,QUEENS,40.67664462753885,-73.82101666111353,Closed
70253051,2026-08-31T10:55:39.000,Illegal Dumping,Removal Request,1791 UTICA AVENUE,BROOKLYN,40.62880441885731,-73.92792267872034,In Progress
70260558,2026-08-31T10:51:16.000,Illegal Dumping,Removal Request,455 EAST 146 STREET,BRONX,40.813429064371114,-73.91745211049631,In Progress
70253001,2026-08-31T10:48:45.000,Illegal Dumping,Removal Request,39 WEST 131 STREET,MANHATTAN,40.81077280891717,-73.94081354278876,In Progress
70253012,2026-08-31T10:45:58.000,Illegal Dumping,Removal Request,9625 AVENUE B,BROOKLYN,40.65259581045343,-73.91158576468217,In Progress
70259044,2026-08-31T10:44:34.000,Illegal Dumping,Removal Request,1616 PAULDING AVENUE,BRONX,40.84578598152303,-73.85337274521953,In Progress
70260552,2026-08-31T10:42:07.000,Illegal Dumping,Removal Request,WILLOWBROOK ROAD,STATEN ISLAND,40.62499016105151,-74.14402397144681,In Progress
70259050,2026-08-31T10:41:38.000,Illegal Dumping,Removal Request,ADEE AVENUE,BRONX,40.87191257287667,-73.83490357277951,In Progress
70259052,2026-08-31T10:35:53.000,Illegal Dumping,Removal Request,2870 THIRD AVENUE,BRONX,40.816398549669046,-73.91702934686998,In Progress
70260520,2026-08-31T10:21:51.000,Illegal Dumping,Removal Request,353 EAST 15 STREET,MANHATTAN,40.73239974031887,-73.98292236296989,Closed
70254465,2026-08-31T10:21:51.000,Illegal Dumping,Removal Request,603 BUSHWICK AVENUE,BROOKLYN,40.69852295977906,-73.93442893614758,Closed
70253009,2026-08-31T10:10:22.000,Illegal Dumping,Removal Request,2 HERKIMER COURT,BROOKLYN,40.679348471828135,-73.94591275796327,In Progress
70254475,2026-08-31T10:07:31.000,Illegal Dumping,Removal Request,ROMBOUTS AVENUE,BRONX,40.881979297320136,-73.82869103372353,In Progress
70259056,2026-08-31T10:04:11.000,Illegal Dumping,Removal Request,365 MANHATTAN AVENUE,BROOKLYN,40.71680657757604,-73.94647757544324,In Progress
70256027,2026-08-31T10:02:47.000,Illegal Dumping,Removal Request,25-46 FAR ROCKAWAY BOULEVARD,QUEENS,40.599839702830856,-73.76193482644157,In Progress
70262033,2026-08-31T09:54:19.000,Illegal Dumping,Chronic Dumping,31-08 ULMER STREET,QUEENS,40.76882158833356,-73.83545517190004,Closed
70253008,2026-08-31T09:51:23.000,Illegal Dumping,Removal Request,2175C JEROME AVENUE,BRONX,40.85633592757532,-73.90514785621504,In Progress
70253007,2026-08-31T09:51:18.000,Illegal Dumping,Removal Request,121-01 116 AVENUE,QUEENS,40.67578733411313,-73.81694153677631,Closed
70256044,2026-08-31T09:43:17.000,Illegal Dumping,Removal Request,321 62 STREET,BROOKLYN,40.640397165655365,-74.02074019571525,In Progress
70254469,2026-08-31T09:42:16.000,Illegal Dumping,Removal Request,40 EAST 11 STREET,MANHATTAN,40.733226974486854,-73.99315875731875,Closed
70253002,2026-08-31T09:38:11.000,Illegal Dumping,Removal Request,481 HUMBOLDT STREET,BROOKLYN,40.71912176953132,-73.9435752963207,In Progress
70259051,2026-08-31T09:33:15.000,Illegal Dumping,Removal Request,8 CLINTON PLACE,BRONX,40.856525549235776,-73.90543678111086,In Progress
70260572,2026-08-31T09:32:29.000,Illegal Dumping,Removal Request,174 WEST 107 STREET,MANHATTAN,40.80072031544925,-73.96430711573306,In Progress
70254474,2026-08-31T09:29:04.000,Illegal Dumping,Removal Request,3890 BOSTON ROAD,BRONX,40.88328689703473,-73.83511762571811,In Progress
70254477,2026-08-31T09:25:11.000,Illegal Dumping,Removal Request,4149 KINGS HIGHWAY,BROOKLYN,40.62510266093241,-73.93410480270603,Closed
70260797,2026-08-31T09:23:47.000,Illegal Dumping,Chronic Dumping,41 NORTH 12 STREET,BROOKLYN,40.72376722760861,-73.95982061845632,Closed
70257528,2026-08-31T09:22:27.000,Illegal Dumping,Removal Request,2801 ST THERESA AVENUE,BRONX,40.84967606805519,-73.83566360660056,In Progress
70259046,2026-08-31T09:08:57.000,Illegal Dumping,Removal Request,325 WEST 51 STREET,MANHATTAN,40.76331158107386,-73.98656763579649,In Progress
70254480,2026-08-31T09:04:18.000,Illegal Dumping,Removal Request,106-01 LIBERTY AVENUE,QUEENS,40.6830608527961,-73.83499255166271,Closed
70262069,2026-08-31T09:00:29.000,Illegal Dumping,Removal Request,94-20 SUTPHIN BOULEVARD,QUEENS,40.69883514943057,-73.80682001029942,In Progress
70259097,2026-08-31T09:00:29.000,Illegal Dumping,Chronic Dumping,174 MONROE STREET,BROOKLYN,40.68525806342442,-73.95233684803958,In Progress
70257533,2026-08-31T09:00:00.000,Illegal Dumping,Removal Request,1000 CLOVE ROAD,STATEN ISLAND,40.62062246757604,-74.10988401532107,In Progress
70257534,2026-08-31T08:58:59.000,Illegal Dumping,Removal Request,2492 GERRITSEN AVENUE,BROOKLYN,40.59695219006162,-73.92972149685532,In Progress
70257757,2026-08-31T08:57:19.000,Illegal Dumping,Chronic Dumping,103 CLIFTON PLACE,BROOKLYN,40.68810740906216,-73.96028562067102,Closed
70256040,2026-08-31T08:53:28.000,Illegal Dumping,Removal Request,720 LIVONIA AVENUE,BROOKLYN,40.665283200456805,-73.89043170650568,In Progress
70257589,2026-08-31T08:46:04.000,Illegal Dumping,Chronic Dumping,325 EAST 87 STREET,BROOKLYN,40.64636613441132,-73.91657773591226,In Progress
70257495,2026-08-31T08:44:30.000,Illegal Dumping,Removal Request,111-01 134 STREET,QUEENS,40.683780536978674,-73.80875294852409,Closed
70251488,2026-08-31T08:42:26.000,Illegal Dumping,Removal Request,171-73 46 AVENUE,QUEENS,40.75346395254251,-73.79401801333375,Closed
70250234,2026-08-31T08:37:37.000,Illegal Dumping,Removal Request,264 WEST TREMONT AVENUE,BRONX,40.85316007980464,-73.9192788607764,Closed
70255990,2026-08-31T08:30:09.000,Illegal Dumping,Removal Request,740 CRANFORD AVENUE,BRONX,40.90332300647608,-73.84908569560362,Closed
70257605,2026-08-31T08:29:26.000,Illegal Dumping,Removal Request,79 JEROME ROAD,STATEN ISLAND,40.593472192117105,-74.0858406664661,In Progress
70259055,2026-08-31T08:26:47.000,Illegal Dumping,Removal Request,EAST 176 STREET,BRONX,40.848253717050426,-73.90974617139251,In Progress
70256045,2026-08-31T08:23:08.000,Illegal Dumping,Removal Request,279 CHURCH STREET,MANHATTAN,40.71867162405767,-74.00498190551417,Closed
70253013,2026-08-31T08:20:35.000,Illegal Dumping,Removal Request,EAST 175 STREET,BRONX,40.84638159953098,-73.90945594587606,In Progress
70262078,2026-08-31T08:06:41.000,Illegal Dumping,Removal Request,2732 BAINBRIDGE AVENUE,BRONX,40.86620411286977,-73.89074783348619,In Progress
70251527,2026-08-31T08:01:51.000,Illegal Dumping,Removal Request,193 JEFFERSON AVENUE,BROOKLYN,40.683360190773044,-73.94944294577164,In Progress
70255991,2026-08-31T08:00:48.000,Illegal Dumping,Removal Request,1900 SEWARD AVENUE,BRONX,40.81976157915135,-73.8585640848092,Closed
70256032,2026-08-31T07:58:33.000,Illegal Dumping,Removal Request,737 PARK PLACE,BROOKLYN,40.67360693623254,-73.95340505198378,In Progress
70253005,2026-08-31T07:53:58.000,Illegal Dumping,Removal Request,238 DYCKMAN STREET,MANHATTAN,40.866002715801336,-73.92783913333584,In Progress
70251538,2026-08-31T07:53:35.000,Illegal Dumping,Removal Request,HENWOOD PLACE,BRONX,40.847262165630596,-73.90884029281708,In Progress
70260562,2026-08-31T07:49:37.000,Illegal Dumping,Removal Request,81 BERRY STREET,BROOKLYN,40.71981676878122,-73.95772342064123,Closed
70260557,2026-08-31T07:35:02.000,Illegal Dumping,Removal Request,3213 CHURCH AVENUE,BROOKLYN,40.650918755994475,-73.94742417502155,In Progress
70254482,2026-08-31T07:34:47.000,Illegal Dumping,Removal Request,217 THOMPSON STREET,MANHATTAN,40.7290304444001,-73.99917376270382,Closed
70252997,2026-08-31T07:20:44.000,Illegal Dumping,Removal Request,1042 PUTNAM AVENUE,BROOKLYN,40.68744436716159,-73.9202727437088,In Progress
70257538,2026-08-31T07:15:58.000,Illegal Dumping,Removal Request,131-01 109 AVENUE,QUEENS,40.68535094223868,-73.81232526737647,In Progress
70256034,2026-08-31T07:01:22.000,Illegal Dumping,Removal Request,1403 FULTON STREET,BROOKLYN,40.68015503534684,-73.9450684449953,In Progress
70259009,2026-08-31T06:55:28.000,Illegal Dumping,Removal Request,92-01 157 AVENUE,QUEENS,40.66240463937861,-73.84156405418187,Closed
70254471,2026-08-31T06:53:56.000,Illegal Dumping,Removal Request,187-44 MANGIN AVENUE,QUEENS,40.69839465317939,-73.76750818357769,Closed
70252996,2026-08-31T06:47:24.000,Illegal Dumping,Removal Request,187-44 MANGIN AVENUE,QUEENS,40.69839465317939,-73.76750818357769,Closed
70256030,2026-08-31T06:16:56.000,Illegal Dumping,Removal Request,130 WATKINS STREET,BROOKLYN,40.66967366409752,-73.90786819205894,In Progress
70257539,2026-08-31T06:16:03.000,Illegal Dumping,Removal Request,15 WEST 100 STREET,MANHATTAN,40.794398873714634,-73.96324870452392,In Progress
70262077,2026-08-31T06:09:44.000,Illegal Dumping,Removal Request,4915 BAY PARKWAY,BROOKLYN,40.62254394550336,-73.97379711064153,Closed
70259021,2026-08-31T06:08:33.000,Illegal Dumping,Removal Request,162-04 84 STREET,QUEENS,40.65270914588512,-73.84697130763128,Closed
70256028,2026-08-31T06:03:42.000,Illegal Dumping,Removal Request,ST NICHOLAS AVENUE,MANHATTAN,40.800685865737464,-73.95250703275208,In Progress
70260559,2026-08-31T05:39:25.000,Illegal Dumping,Removal Request,EDGEWATER ROAD,BRONX,40.82254395696319,-73.88502772173827,In Progress
70257494,2026-08-31T04:41:21.000,Illegal Dumping,Removal Request,315 VANBUREN STREET,BROOKLYN,40.691054576935485,-73.93466345674767,Closed
70260560,2026-08-31T04:38:40.000,Illegal Dumping,Removal Request,942 LAFAYETTE AVENUE,BROOKLYN,40.69176832102479,-73.93484666373823,In Progress
70252998,2026-08-31T02:44:42.000,Illegal Dumping,Removal Request,30 THOMPSON STREET,MANHATTAN,40.72300837457703,-74.00418853633742,Closed
70246096,2026-08-30T22:08:29.000,Illegal Dumping,Removal Request,677 SENECA AVENUE,QUEENS,40.703162953759005,-73.90826913073656,Closed
70250029,2026-08-30T21:51:09.000,Illegal Dumping,Removal Request,20 STREET,BROOKLYN,40.657920907168034,-73.98622843906954,Closed
70250070,2026-08-30T21:39:55.000,Illegal Dumping,Chronic Dumping,521 WEST 207 STREET,MANHATTAN,40.86519032575999,-73.919596875939,Closed
70240787,2026-08-30T21:37:43.000,Illegal Dumping,Removal Request,800 FDR,MANHATTAN,40.73384746212033,-73.97472036225727,In Progress
70243434,2026-08-30T21:19:28.000,Illegal Dumping,Removal Request,307 EAST 150 STREET,BRONX,40.817641847039006,-73.92084655682193,In Progress
70244782,2026-08-30T21:11:10.000,Illegal Dumping,Removal Request,1671 EAST 12 STREET,BROOKLYN,40.60880540939632,-73.96111432766996,Closed
70246099,2026-08-30T21:06:20.000,Illegal Dumping,Removal Request,688 ARDEN AVENUE,STATEN ISLAND,40.54613658940385,-74.17966284515617,Closed
70247399,2026-08-30T21:01:19.000,Illegal Dumping,Removal Request,131 WEST 25 STREET,MANHATTAN,40.74462865846639,-73.99289774803496,In Progress
70240785,2026-08-30T20:44:09.000,Illegal Dumping,Removal Request,63-02 FLUSHING AVENUE,QUEENS,40.72221479785889,-73.902138753338,Closed
70242074,2026-08-30T20:39:30.000,Illegal Dumping,Removal Request,107-74 111 STREET,QUEENS,40.68203774785067,-73.82981760363378,Closed
70247409,2026-08-30T20:36:35.000,Illegal Dumping,Removal Request,219 IRVING AVENUE,BROOKLYN,40.700919374246496,-73.91769961803598,In Progress
70248699,2026-08-30T20:19:13.000,Illegal Dumping,Removal Request,2168 GRAND AVENUE,BRONX,40.85690283082278,-73.90698344842855,In Progress
70240795,2026-08-30T19:35:42.000,Illegal Dumping,Removal Request,VETERANS ROAD WEST,STATEN ISLAND,40.551619209545436,-74.21853727506645,Closed
70242085,2026-08-30T19:33:47.000,Illegal Dumping,Removal Request,ASTORIA BOULEVARD,QUEENS,40.76074897156825,-73.86242548324492,Closed
70250023,2026-08-30T19:32:00.000,Illegal Dumping,Removal Request,481 VAN SINDEREN AVENUE,BROOKLYN,40.66489454319545,-73.90071614466544,In Progress
70242076,2026-08-30T19:27:18.000,Illegal Dumping,Removal Request,33-00 NORTHERN BOULEVARD,QUEENS,40.75198615407519,-73.9310990962687,In Progress
70248704,2026-08-30T19:19:57.000,Illegal Dumping,Removal Request,328 JUNIUS STREET,BROOKLYN,40.66650698363643,-73.90218083443051,In Progress
70250027,2026-08-30T19:19:52.000,Illegal Dumping,Removal Request,125-19 DEFOE STREET,QUEENS,40.680933285108765,-73.75473010816906,Closed
70250031,2026-08-30T19:05:52.000,Illegal Dumping,Removal Request,383 3 AVENUE,BROOKLYN,40.67439531904852,-73.98856112099149,Closed
70248703,2026-08-30T19:03:10.000,Illegal Dumping,Removal Request,2076 EAST 68 STREET,BROOKLYN,40.618594845635045,-73.90995224328783,Closed
70247410,2026-08-30T18:58:52.000,Illegal Dumping,Removal Request,64-29 ALDERTON STREET,QUEENS,40.722840755071346,-73.85980518335997,Closed
70240788,2026-08-30T18:47:51.000,Illegal Dumping,Removal Request,21 HARBOR ROAD,STATEN ISLAND,40.63645574225064,-74.16018305518259,Closed
70243432,2026-08-30T18:45:52.000,Illegal Dumping,Removal Request,1315 SURF AVENUE,BROOKLYN,40.575551817858134,-73.98184294932445,Closed
70244779,2026-08-30T18:35:42.000,Illegal Dumping,Removal Request,114-32 141 STREET,QUEENS,40.68317667336767,-73.80225026625892,Closed
70250069,2026-08-30T18:33:15.000,Illegal Dumping,Chronic Dumping,9601 DITMAS AVENUE,BROOKLYN,40.651096020381544,-73.91011739761375,Closed
70242118,2026-08-30T18:23:17.000,Illegal Dumping,Chronic Dumping,726 EAST 96 STREET,BROOKLYN,40.65145332466998,-73.9107367749405,In Progress
70250038,2026-08-30T18:22:38.000,Illegal Dumping,Removal Request,200 EAST 131 STREET,MANHATTAN,40.80849726597002,-73.93538984395995,Closed
70242069,2026-08-30T18:21:48.000,Illegal Dumping,Removal Request,746 EAST 221 STREET,BRONX,40.88453920405832,-73.8606612507803,In Progress
70250034,2026-08-30T18:15:53.000,Illegal Dumping,Removal Request,2386 STILLWELL AVENUE,BROOKLYN,40.58919652715782,-73.98384109961704,Closed
70242070,2026-08-30T18:12:44.000,Illegal Dumping,Removal Request,21-01 40 AVENUE,QUEENS,40.75516187609866,-73.94108313049213,In Progress
70250026,2026-08-30T18:00:39.000,Illegal Dumping,Removal Request,39-31 21 STREET,QUEENS,40.75602615338624,-73.94046514391073,In Progress
70240790,2026-08-30T17:45:36.000,Illegal Dumping,Removal Request,198-16 LINDEN BOULEVARD,QUEENS,40.69399654819193,-73.75384182186623,Closed
70243428,2026-08-30T17:34:45.000,Illegal Dumping,Removal Request,392 14 STREET,BROOKLYN,40.66354184196986,-73.9833977610777,Closed
70246090,2026-08-30T17:29:10.000,Illegal Dumping,Removal Request,50-57 39 PLACE,QUEENS,40.73725224034215,-73.9265099252168,Closed
70247398,2026-08-30T17:20:49.000,Illegal Dumping,Removal Request,467 RUTLAND ROAD,BROOKLYN,40.65975848087426,-73.94482573279457,In Progress
70250021,2026-08-30T17:08:23.000,Illegal Dumping,Removal Request,2928 SAMPSON AVENUE,BRONX,40.82062089904103,-73.81766676579545,In Progress
70250030,2026-08-30T17:05:02.000,Illegal Dumping,Removal Request,87-11 QUEENS BOULEVARD,QUEENS,40.73533103763354,-73.87555469034923,Closed
70246089,2026-08-30T17:02:04.000,Illegal Dumping,Removal Request,722 HOME STREET,BRONX,40.82834057780432,-73.9026764443768,In Progress
70240796,2026-08-30T16:56:48.000,Illegal Dumping,Removal Request,164 EAST 33 STREET,MANHATTAN,40.745428521493764,-73.97950860206176,In Progress
70247434,2026-08-30T16:43:50.000,Illegal Dumping,Chronic Dumping,624 WEST 41 STREET,MANHATTAN,40.760726816207494,-74.00016965778438,Closed
70248705,2026-08-30T16:41:38.000,Illegal Dumping,Removal Request,304 WEST 77 STREET,MANHATTAN,40.78313626601696,-73.98240742719142,Closed
70242071,2026-08-30T16:37:28.000,Illegal Dumping,Removal Request,125 DIVISION PLACE,BROOKLYN,40.72146445125151,-73.93577365063473,In Progress
70247400,2026-08-30T16:34:29.000,Illegal Dumping,Removal Request,139 BEADEL STREET,BROOKLYN,40.722265777326385,-73.93551673468365,In Progress
70250024,2026-08-30T16:32:39.000,Illegal Dumping,Removal Request,748 SWINTON AVENUE,BRONX,40.82571785402881,-73.8265667442175,In Progress
70247408,2026-08-30T16:29:03.000,Illegal Dumping,Removal Request,25-29 49 STREET,QUEENS,40.763871616651684,-73.90508099384184,In Progress
70243429,2026-08-30T16:28:14.000,Illegal Dumping,Removal Request,231 EAST 4 STREET,MANHATTAN,40.72344908634238,-73.98289579482103,Closed
70250022,2026-08-30T16:24:44.000,Illegal Dumping,Removal Request,1403 AVENUE J,BROOKLYN,40.62510434139692,-73.96216754123927,Closed
70243435,2026-08-30T16:09:20.000,Illegal Dumping,Removal Request,203 MORNING STAR ROAD,STATEN ISLAND,40.63312013130251,-74.1462824852378,Closed
70243431,2026-08-30T16:02:02.000,Illegal Dumping,Removal Request,753 FULTON STREET,BROOKLYN,40.68638225270494,-73.97459773396147,In Progress
70240799,2026-08-30T15:59:17.000,Illegal Dumping,Removal Request,70-89 PARK DRIVE EAST,QUEENS,40.72582196222997,-73.82957590952758,Closed
70247405,2026-08-30T15:54:36.000,Illegal Dumping,Removal Request,5324 AVENUE L,BROOKLYN,40.62375432539053,-73.92415648919149,Closed
70248700,2026-08-30T15:51:05.000,Illegal Dumping,Removal Request,EAST 96 STREET,BROOKLYN,40.65101376420173,-73.91022922641396,Closed
70240798,2026-08-30T15:50:41.000,Illegal Dumping,Removal Request,1433 SECOND AVENUE,MANHATTAN,40.77051482241667,-73.95712803451786,Closed
70250032,2026-08-30T15:49:08.000,Illegal Dumping,Removal Request,530 MANHATTAN AVENUE,MANHATTAN,40.80902764784314,-73.95389183905233,In Progress
70248706,2026-08-30T15:46:01.000,Illegal Dumping,Removal Request,106-07 GUY R BREWER BOULEVARD,QUEENS,40.699451268848954,-73.79334098965928,In Progress
70246098,2026-08-30T15:43:21.000,Illegal Dumping,Removal Request,1433 SECOND AVENUE,MANHATTAN,40.77051482241667,-73.95712803451786,Closed
70242079,2026-08-30T15:41:38.000,Illegal Dumping,Removal Request,103 AVENUE,QUEENS,40.685083932111326,-73.83511734897928,Closed
70246139,2026-08-30T15:30:23.000,Illegal Dumping,Chronic Dumping,131 CORTELYOU AVENUE,STATEN ISLAND,40.55648313452229,-74.16409744864116,In Progress
70242083,2026-08-30T15:28:03.000,Illegal Dumping,Removal Request,28 SPENCER PLACE,BROOKLYN,40.68125156673471,-73.95448855301917,In Progress
70244785,2026-08-30T15:24:23.000,Illegal Dumping,Removal Request,107-58 164 STREET,QUEENS,40.69759695700989,-73.79094131396458,In Progress
70248729,2026-08-30T15:21:53.000,Illegal Dumping,Chronic Dumping,157-22 TUSKEGEE AIRMEN WAY,QUEENS,40.69822892520597,-73.79745603591982,In Progress
70244916,2026-08-30T15:14:44.000,Illegal Dumping,Removal Request,572 MAPLE STREET,BROOKLYN,40.66137633169795,-73.94164534506392,Closed
70242077,2026-08-30T15:13:05.000,Illegal Dumping,Removal Request,44 NORTH 6 STREET,BROOKLYN,40.71985409252633,-73.96246007956631,In Progress
70248698,2026-08-30T15:07:18.000,Illegal Dumping,Removal Request,SHORE AVENUE,QUEENS,40.69376851588692,-73.80051315491846,In Progress
70247435,2026-08-30T15:05:48.000,Illegal Dumping,Chronic Dumping,1916 81 STREET,BROOKLYN,40.60841669568078,-73.99692791661722,Closed
70247394,2026-08-30T14:57:52.000,Illegal Dumping,Removal Request,BROADWAY,BROOKLYN,40.710454239707545,-73.96550969650869,In Progress
70250071,2026-08-30T14:49:41.000,Illegal Dumping,Chronic Dumping,30 ELDRIDGE STREET,MANHATTAN,40.71552055247255,-73.99330486640068,Closed
70247404,2026-08-30T14:41:39.000,Illegal Dumping,Removal Request,340 WEST 15 STREET,MANHATTAN,40.74095086608685,-74.00324419312076,In Progress
70247401,2026-08-30T14:36:44.000,Illegal Dumping,Removal Request,1673 WALTON AVENUE,BRONX,40.845513270885284,-73.91170524905921,In Progress
70244781,2026-08-30T14:31:51.000,Illegal Dumping,Removal Request,521 WEST 41 STREET,MANHATTAN,40.75958771881231,-73.99741907997156,Closed
70250035,2026-08-30T14:23:12.000,Illegal Dumping,Removal Request,145 CENTRAL PARK NORTH,MANHATTAN,40.79886118848897,-73.95390249264929,Closed
70243433,2026-08-30T14:09:51.000,Illegal Dumping,Removal Request,583 THIRD AVENUE,MANHATTAN,40.74842788513807,-73.9761476317831,Closed
70243469,2026-08-30T14:03:37.000,Illegal Dumping,Chronic Dumping,NEW JERSEY AVENUE,BROOKLYN,40.66644432990006,-73.89344688321187,In Progress
70247403,2026-08-30T14:02:51.000,Illegal Dumping,Removal Request,EAST 180 STREET,BRONX,40.85252194294567,-73.900013157539,In Progress
70246088,2026-08-30T14:02:05.000,Illegal Dumping,Removal Request,3001 SHORE PARKWAY,BROOKLYN,40.58496951098667,-73.96091219204058,In Progress
70244778,2026-08-30T13:40:06.000,Illegal Dumping,Removal Request,99-02 209 STREET,QUEENS,40.71357131426086,-73.75083687653527,Closed
70247393,2026-08-30T13:38:10.000,Illegal Dumping,Removal Request,1420 AVENUE J,BROOKLYN,40.625101556236245,-73.96204506104077,Closed
70240797,2026-08-30T13:37:51.000,Illegal Dumping,Removal Request,110-30 SPRINGFIELD BOULEVARD,QUEENS,40.70751459564824,-73.73890272861925,Closed
70246094,2026-08-30T13:33:26.000,Illegal Dumping,Removal Request,189 JOHNSON AVENUE,BROOKLYN,40.70667913805241,-73.94231622973311,In Progress
70247395,2026-08-30T13:29:35.000,Illegal Dumping,Removal Request,2413 THIRD AVENUE,BRONX,40.80840137403171,-73.9309539998199,In Progress
70242084,2026-08-30T13:24:51.000,Illegal Dumping,Removal Request,81 OLIVE STREET,BROOKLYN,40.715430346060614,-73.93875187032022,In Progress
70244784,2026-08-30T13:24:03.000,Illegal Dumping,Removal Request,164-28 CROSSBAY BOULEVARD,QUEENS,40.650220594137586,-73.83766848537284,Closed
70242073,2026-08-30T13:18:28.000,Illegal Dumping,Removal Request,963 PACIFIC STREET,BROOKLYN,40.67986832159614,-73.96242490253725,Closed
70243427,2026-08-30T13:15:26.000,Illegal Dumping,Removal Request,175 ECHO PLACE,BRONX,40.85006242755246,-73.9062411793277,Closed
70242080,2026-08-30T13:12:09.000,Illegal Dumping,Removal Request,154 44 STREET,BROOKLYN,40.65306256007428,-74.01445890576545,In Progress
70250037,2026-08-30T13:07:36.000,Illegal Dumping,Removal Request,2235 FREDERICK DOUGLAS BOULEVARD,MANHATTAN,40.80730096985473,-73.95327894988765,In Progress
70244783,2026-08-30T13:03:11.000,Illegal Dumping,Removal Request,117 NORTH 4 STREET,BROOKLYN,40.71667493494428,-73.96029745738925,In Progress
70243468,2026-08-30T12:54:46.000,Illegal Dumping,Chronic Dumping,154 LEXINGTON AVENUE,MANHATTAN,40.74369420970451,-73.98170690524076,Closed
70242072,2026-08-30T12:49:56.000,Illegal Dumping,Removal Request,4199 WEBSTER AVENUE,BRONX,40.89521953409441,-73.86358675644752,In Progress
70246095,2026-08-30T12:46:53.000,Illegal Dumping,Removal Request,106-17 32 AVENUE,QUEENS,40.75983258573692,-73.86272698077515,Closed
70250033,2026-08-30T12:45:07.000,Illegal Dumping,Removal Request,4199 WEBSTER AVENUE,BRONX,40.89521953409441,-73.86358675644752,In Progress
70248693,2026-08-30T12:40:06.000,Illegal Dumping,Removal Request,654 PUTNAM AVENUE,BROOKLYN,40.68573822949586,-73.93514822148285,Closed
70240793,2026-08-30T12:37:17.000,Illegal Dumping,Removal Request,4199 WEBSTER AVENUE,BRONX,40.89521953409441,-73.86358675644752,In Progress
70248701,2026-08-30T12:30:50.000,Illegal Dumping,Removal Request,2112 FLATBUSH AVENUE,BROOKLYN,40.61838507173187,-73.93224197372908,Closed
70240801,2026-08-30T12:24:35.000,Illegal Dumping,Removal Request,9405 SKIDMORE AVENUE,BROOKLYN,40.631541209801114,-73.89007278735431,In Progress
70247407,2026-08-30T12:19:30.000,Illegal Dumping,Removal Request,1494 EAST 57 STREET,BROOKLYN,40.6171529610271,-73.91990645253352,Closed
70242075,2026-08-30T12:14:09.000,Illegal Dumping,Removal Request,314 57 STREET,BROOKLYN,40.64336747959823,-74.01803497225072,Closed
70244818,2026-08-30T12:09:24.000,Illegal Dumping,Chronic Dumping,39-01 104 STREET,QUEENS,40.75055451182662,-73.86203869767455,Closed
70244817,2026-08-30T11:54:48.000,Illegal Dumping,Chronic Dumping,314 20 STREET,BROOKLYN,40.66024887956458,-73.99010618845129,Closed
70242078,2026-08-30T11:52:19.000,Illegal Dumping,Removal Request,1031 BEDFORD AVENUE,BROOKLYN,40.68860224555531,-73.95494508287621,In Progress
70250025,2026-08-30T11:43:49.000,Illegal Dumping,Removal Request,46 BERRY STREET,BROOKLYN,40.72098832242637,-73.95649248990635,Closed
70248696,2026-08-30T11:42:26.000,Illegal Dumping,Removal Request,EAST 233 STREET,BRONX,40.895375946561074,-73.86355749899745,Closed
70246087,2026-08-30T11:35:39.000,Illegal Dumping,Removal Request,70-89 PARK DRIVE EAST,QUEENS,40.72582196222997,-73.82957590952758,Closed
70244819,2026-08-30T11:23:08.000,Illegal Dumping,Chronic Dumping,1175 FULTON STREET,BROOKLYN,40.680936007517985,-73.95471590993203,Closed
70240792,2026-08-30T11:22:16.000,Illegal Dumping,Removal Request,HAMILTON PLACE,QUEENS,40.726602280286784,-73.90051958178098,In Progress
70240791,2026-08-30T11:17:37.000,Illegal Dumping,Removal Request,601 PELHAM PARKWAY NORTH,BRONX,40.85736461420961,-73.87065578846372,In Progress
70248730,2026-08-30T11:10:15.000,Illegal Dumping,Chronic Dumping,831 DUMONT AVENUE,BROOKLYN,40.667289839759505,-73.88779698923851,In Progress
70242081,2026-08-30T11:03:36.000,Illegal Dumping,Removal Request,7 STRAWBERRY LANE,STATEN ISLAND,40.52941111642745,-74.15815666895685,Closed
70248697,2026-08-30T11:02:58.000,Illegal Dumping,Removal Request,93-14 199 STREET,QUEENS,40.71420249090327,-73.75982013832329,In Progress
70248702,2026-08-30T11:00:16.000,Illegal Dumping,Removal Request,15-14 PARSONS BOULEVARD,QUEENS,40.78560464597383,-73.82183597522508,Closed
70242082,2026-08-30T10:50:44.000,Illegal Dumping,Removal Request,2044 STRAUSS STREET,BROOKLYN,40.66404147342074,-73.91512824477662,Closed
70243470,2026-08-30T10:44:22.000,Illegal Dumping,Chronic Dumping,424 WEST 47 STREET,MANHATTAN,40.76198632004199,-73.99123538530304,Closed
70244780,2026-08-30T10:12:51.000,Illegal Dumping,Removal Request,3213 CHURCH AVENUE,BROOKLYN,40.650918755994475,-73.94742417502155,In Progress
70247406,2026-08-30T10:12:50.000,Illegal Dumping,Removal Request,14 AVENUE,QUEENS,40.78576582514336,-73.85236742705574,Closed
70246093,2026-08-30T10:10:16.000,Illegal Dumping,Removal Request,12-27 115 STREET,QUEENS,40.78717945300412,-73.85243651609002,Closed
70240789,2026-08-30T09:50:56.000,Illegal Dumping,Removal Request,95 MOORE STREET,BROOKLYN,40.70383807699828,-73.9418606422092,Closed
70243430,2026-08-30T09:34:57.000,Illegal Dumping,Removal Request,1 DOVER STREET,MANHATTAN,40.70941913125737,-74.00153656565038,Closed
70246091,2026-08-30T09:33:04.000,Illegal Dumping,Removal Request,1499 EAST 15 STREET,BROOKLYN,40.61335833934197,-73.95914150650178,In Progress
70250040,2026-08-30T09:26:51.000,Illegal Dumping,Removal Request,163-12 PIDGEON MEADOW ROAD,QUEENS,40.75146078273883,-73.80373669236234,Closed
70240800,2026-08-30T09:23:13.000,Illegal Dumping,Removal Request,1-04 ASTORIA BOULEVARD,QUEENS,40.773878608761294,-73.93654267257365,Closed
70243436,2026-08-30T09:16:56.000,Illegal Dumping,Removal Request,220 ST NICHOLAS AVENUE,MANHATTAN,40.807586265263616,-73.95289584773731,In Progress
70246097,2026-08-30T08:56:02.000,Illegal Dumping,Removal Request,610 BUSHWICK AVENUE,BROOKLYN,40.69837735957342,-73.93420548470381,Closed
70250036,2026-08-30T08:51:00.000,Illegal Dumping,Removal Request,1304 SOUTHERN BOULEVARD,BRONX,40.830976540153436,-73.89153200224928,In Progress
70240786,2026-08-30T08:49:49.000,Illegal Dumping,Removal Request,154 NORMAN AVENUE,BROOKLYN,40.72658147066571,-73.94824119934731,In Progress
70250028,2026-08-30T08:33:05.000,Illegal Dumping,Removal Request,2780 CROPSEY AVENUE,BROOKLYN,40.586356200407565,-73.98831337797155,In Progress
70247396,2026-08-30T08:02:20.000,Illegal Dumping,Removal Request,822 EAST 219 STREET,BRONX,40.88237444332806,-73.85906012857991,Closed
70246092,2026-08-30T07:57:50.000,Illegal Dumping,Removal Request,334 UNION STREET,BROOKLYN,40.68176546284038,-73.99427091473147,Closed
70248695,2026-08-30T07:44:23.000,Illegal Dumping,Removal Request,99-05 195 STREET,QUEENS,40.709690493662514,-73.76399886188874,In Progress
70247411,2026-08-30T07:37:55.000,Illegal Dumping,Removal Request,413 EAST 64 STREET,MANHATTAN,40.76238002573501,-73.958819061364,Closed
70250039,2026-08-30T07:33:50.000,Illegal Dumping,Removal Request,ATLANTIC AVENUE,BROOKLYN,40.681095059131174,-73.87358638270489,In Progress
70247402,2026-08-30T07:13:06.000,Illegal Dumping,Removal Request,SHORE AVENUE,QUEENS,40.69376851588692,-73.80051315491846,In Progress
70247397,2026-08-30T07:02:54.000,Illegal Dumping,Removal Request,DUNKIRK STREET,QUEENS,40.703312385548884,-73.77394331829944,In Progress
70240794,2026-08-30T03:47:30.000,Illegal Dumping,Removal Request,142 AVENUE,QUEENS,40.66280155528576,-73.73747015739364,Closed
70248694,2026-08-30T03:36:04.000,Illegal Dumping,Removal Request,1308 JEROME AVENUE,BRONX,40.83828639437494,-73.91911259619394,In Progress
70246086,2026-08-30T03:21:17.000,Illegal Dumping,Removal Request,75-11 BLAKE AVENUE,QUEENS,40.67284295352741,-73.86057720324425,In Progress
70233356,2026-08-30T00:23:18.000,Illegal Dumping,Removal Request,1 BAY 46 STREET,BROOKLYN,40.59230100389488,-73.98462888753605,Closed
70235799,2026-08-29T23:56:21.000,Illegal Dumping,Removal Request,95 MOORE STREET,BROOKLYN,40.70383807699828,-73.9418606422092,Closed
70238327,2026-08-29T23:21:29.000,Illegal Dumping,Chronic Dumping,1044 EAST 4 STREET,BROOKLYN,40.625604225540414,-73.97309703734766,Closed
70239462,2026-08-29T23:11:50.000,Illegal Dumping,Removal Request,SOUTH 6 STREET,BROOKLYN,40.71100589469349,-73.96536873620161,In Progress
70239466,2026-08-29T23:09:50.000,Illegal Dumping,Removal Request,BERRY STREET,BROOKLYN,40.71167823695902,-73.96495717929102,In Progress
70230993,2026-08-29T22:14:12.000,Illegal Dumping,Removal Request,EAST 233 STREET,BRONX,40.895375946561074,-73.86355749899745,Closed
70238308,2026-08-29T22:07:19.000,Illegal Dumping,Removal Request,32-06 76 STREET,QUEENS,40.75683562990757,-73.89129539003115,Closed
70230991,2026-08-29T21:51:58.000,Illegal Dumping,Removal Request,45-40 COURT SQUARE,QUEENS,40.74581449906705,-73.94354908016709,Closed
70235803,2026-08-29T21:21:54.000,Illegal Dumping,Removal Request,33 EAGLE STREET,BROOKLYN,40.73471328560736,-73.95973824305426,In Progress
70231018,2026-08-29T21:16:45.000,Illegal Dumping,Chronic Dumping,3500 PINKNEY AVENUE,BRONX,40.88583345560747,-73.82362879545332,Closed
70238302,2026-08-29T21:03:41.000,Illegal Dumping,Removal Request,2928 SAMPSON AVENUE,BRONX,40.82062089904103,-73.81766676579545,In Progress
70237040,2026-08-29T20:39:41.000,Illegal Dumping,Removal Request,246 STREET,QUEENS,40.66435658534168,-73.73452633602315,Closed
70230996,2026-08-29T20:34:44.000,Illegal Dumping,Removal Request,241-30 140 AVENUE,QUEENS,40.66492978031171,-73.7367120301103,Closed
70238310,2026-08-29T20:32:32.000,Illegal Dumping,Removal Request,193 2 AVENUE,MANHATTAN,40.73105521306173,-73.98589580898674,Closed
70238303,2026-08-29T20:01:27.000,Illegal Dumping,Removal Request,VETERANS ROAD EAST,STATEN ISLAND,40.54695113746312,-74.22095439361019,Closed
70237037,2026-08-29T19:51:20.000,Illegal Dumping,Removal Request,TILLOTSON AVENUE,BRONX,40.8825393894946,-73.82696820274148,Closed
70237043,2026-08-29T19:41:31.000,Illegal Dumping,Removal Request,59-10 QUEENS BOULEVARD,QUEENS,40.74165349266677,-73.90582717153806,Closed
70232214,2026-08-29T19:37:35.000,Illegal Dumping,Removal Request,307 CUMBERLAND STREET,BROOKLYN,40.686431171891,-73.97248115867912,In Progress
70239461,2026-08-29T19:21:36.000,Illegal Dumping,Removal Request,15-14 PARSONS BOULEVARD,QUEENS,40.78560464597383,-73.82183597522508,Closed
70237042,2026-08-29T19:12:36.000,Illegal Dumping,Removal Request,951 52 STREET,BROOKLYN,40.638000082425904,-74.00154933351494,Closed
70239468,2026-08-29T18:52:42.000,Illegal Dumping,Removal Request,3055 GOULDEN AVENUE,BRONX,40.87791714182895,-73.8922509671114,Closed
70238305,2026-08-29T18:16:53.000,Illegal Dumping,Removal Request,774 EAST 40 STREET,BROOKLYN,40.63633948448825,-73.93843533682454,In Progress
70237038,2026-08-29T17:46:38.000,Illegal Dumping,Removal Request,13-19 37 AVENUE,QUEENS,40.75909672273216,-73.93893551635746,Closed
70235804,2026-08-29T17:38:32.000,Illegal Dumping,Removal Request,60-11 170 STREET,QUEENS,40.738824088967306,-73.79905752403157,Closed
70237041,2026-08-29T17:12:22.000,Illegal Dumping,Removal Request,337 EAST 77 STREET,MANHATTAN,40.77162290438008,-73.95504777042365,Closed
70238309,2026-08-29T17:03:29.000,Illegal Dumping,Removal Request,12 ENFIELD PLACE,STATEN ISLAND,40.57638216085629,-74.12558547069789,Closed
70263450,2026-09-02T02:50:35.000,Street Condition,Pothole,FILLMORE AVENUE,BROOKLYN,,,Closed
70267483,2026-09-02T02:50:30.000,Street Condition,Pothole,FILLMORE AVENUE,BROOKLYN,,,Open
70263446,2026-09-02T02:49:48.000,Street Condition,Pothole,FILLMORE AVENUE,BROOKLYN,,,Open
70271934,2026-09-02T01:49:36.000,Street Condition,Defective Hardware,LEROY STREET,MANHATTAN,40.7304466607431,-74.0043044630722,In Progress
70264788,2026-09-02T01:16:56.000,Street Condition,Pothole,,BRONX,40.84021817607633,-73.87541631240484,Closed
70266123,2026-09-02T00:17:45.000,Street Condition,Pothole,COLLEGE POINT BOULEVARD,QUEENS,,,Closed
70263831,2026-09-01T23:26:58.000,Street Condition,Cave-in,1632 8 AVENUE,BROOKLYN,40.66071747007705,-73.983438111624,In Progress
70269391,2026-09-01T22:55:15.000,Street Condition,"Rough, Pitted or Cracked Roads",36-13 201 STREET,QUEENS,40.76405934655315,-73.78535389983485,In Progress
70267921,2026-09-01T22:50:36.000,Street Condition,Cave-in,48 AVENUE,QUEENS,40.7390961828414,-73.91761276723011,In Progress
70267910,2026-09-01T22:50:29.000,Street Condition,Plate Condition - Noisy,1042 ATLANTIC AVENUE,BROOKLYN,40.68002644624905,-73.95927371813184,In Progress
70271939,2026-09-01T22:49:08.000,Street Condition,Defective Hardware,36-26 201 STREET,QUEENS,40.764040153592795,-73.78536479148089,In Progress
70266581,2026-09-01T22:23:24.000,Street Condition,Blocked - Construction,40-07 73 STREET,QUEENS,40.74642843542848,-73.892247094109,In Progress
70267891,2026-09-01T22:22:47.000,Street Condition,Line/Marking - Faded,40 AVENUE,QUEENS,40.755233318745795,-73.94123827336074,In Progress
70265192,2026-09-01T22:21:39.000,Street Condition,Line/Marking - Faded,13 STREET,QUEENS,40.75564818664161,-73.94205003716061,In Progress
70268837,2026-09-01T22:21:23.000,Street Condition,Pothole,WEST   89 STREET,MANHATTAN,,,Open
70265203,2026-09-01T22:20:32.000,Street Condition,Failed Street Repair,555 WEST 57 STREET,MANHATTAN,40.77000915334207,-73.99065669052722,In Progress
70271926,2026-09-01T21:47:17.000,Street Condition,Line/Marking - After Repaving,ARDEN AVENUE,STATEN ISLAND,40.54695748605803,-74.1812842421585,In Progress
70263454,2026-09-01T21:35:09.000,Street Condition,Pothole,EAST  111 STREET,MANHATTAN,,,Open
70267895,2026-09-01T21:18:55.000,Street Condition,Cave-in,65 STREET,BROOKLYN,40.630632712877855,-74.0092229208232,In Progress
70270148,2026-09-01T21:10:34.000,Street Condition,Pothole,69 ROAD,QUEENS,,,Open
70270144,2026-09-01T21:09:37.000,Street Condition,Pothole,,BROOKLYN,40.630632712877855,-74.0092229208232,Open
70266112,2026-09-01T21:02:44.000,Street Condition,Pothole,,MANHATTAN,40.76687588351982,-73.97907601452906,Open
70263453,2026-09-01T20:55:36.000,Street Condition,Pothole,UNIVERSITY HEIGHTS BRIDGE,MANHATTAN,40.86295856237968,-73.91530822409109,Open
70267911,2026-09-01T20:51:57.000,Street Condition,Plate Condition - Noisy,EAST 10 STREET,MANHATTAN,40.72876864308615,-73.98443144128736,Closed
70271941,2026-09-01T20:31:34.000,Street Condition,Cave-in,65-33 110 STREET,QUEENS,40.73146943253321,-73.84623838774353,In Progress
70270565,2026-09-01T20:21:31.000,Street Condition,Plate Condition - Noisy,DEKALB AVENUE,BROOKLYN,40.69044839957061,-73.95942961955427,Closed
70263442,2026-09-01T20:02:53.000,Street Condition,Pothole,,BRONX,40.90268732705498,-73.90400370553442,Open
70269233,2026-09-01T19:59:02.000,Street Condition,Cave-in,61-35 98 STREET,QUEENS,40.73439714395866,-73.86058913220121,In Progress
70271943,2026-09-01T19:57:38.000,Street Condition,Cave-in,114 STREET,QUEENS,40.75337043665875,-73.85300950013661,In Progress
70267482,2026-09-01T19:47:58.000,Street Condition,Pothole,WASHINGTON AVENUE,BROOKLYN,,,Open
70266576,2026-09-01T19:47:15.000,Street Condition,Cave-in,72 DRIVE,QUEENS,40.72592399671601,-73.81909480890491,In Progress
70262147,2026-09-01T19:45:32.000,Street Condition,Pothole,LEFFERTS BOULEVARD,QUEENS,,,Open
70265200,2026-09-01T19:35:12.000,Street Condition,Cave-in,ROGERS AVENUE,BROOKLYN,40.6599379648719,-73.95346145535886,In Progress
70262530,2026-09-01T19:32:22.000,Street Condition,Line/Marking - Faded,499 CHAUNCEY STREET,BROOKLYN,40.68207726228865,-73.91493943816012,In Progress
70264794,2026-09-01T19:31:08.000,Street Condition,Pothole,WEST   23 STREET,MANHATTAN,,,Open
70264795,2026-09-01T19:31:05.000,Street Condition,Pothole,UNION TURNPIKE,QUEENS,,,Open
70264793,2026-09-01T19:15:06.000,Street Condition,Pothole,,MANHATTAN,40.77310012095384,-73.96447355684663,Open
70268839,2026-09-01T19:13:54.000,Street Condition,Pothole,MERRICK BOULEVARD,QUEENS,,,Open
70267892,2026-09-01T19:11:09.000,Street Condition,Cave-in,810 VAN NEST AVENUE,BRONX,40.84457754874278,-73.86164491565196,In Progress
70266568,2026-09-01T19:05:11.000,Street Condition,Failed Street Repair,EAST 81 STREET,MANHATTAN,40.776276326697975,-73.95793670645892,In Progress
70263832,2026-09-01T19:03:47.000,Street Condition,Cave-in,7 BALFOUR PLACE,BROOKLYN,40.66394430626435,-73.94490156956272,In Progress
70267905,2026-09-01T19:03:08.000,Street Condition,Failed Street Repair,3 AVENUE,MANHATTAN,40.77496666502283,-73.95679661179162,In Progress
70269220,2026-09-01T18:57:45.000,Street Condition,Line/Marking - After Repaving,EAST 81 STREET,MANHATTAN,40.776276326697975,-73.95793670645892,In Progress
70266578,2026-09-01T18:57:16.000,Street Condition,Cave-in,110-60 107 STREET,QUEENS,40.67744405011171,-73.83241067704685,In Progress
70271927,2026-09-01T18:53:48.000,Street Condition,Line/Marking - After Repaving,3 AVENUE,MANHATTAN,40.77496666502283,-73.95679661179162,In Progress
70271946,2026-09-01T18:48:32.000,Street Condition,Cave-in,68-12 EXETER STREET,QUEENS,40.719260660149445,-73.85247506093023,In Progress
70271526,2026-09-01T18:47:35.000,Street Condition,Pothole,SLOSSON AVENUE,STATEN ISLAND,,,Open
70267481,2026-09-01T18:46:59.000,Street Condition,Pothole,BEVERLEY ROAD,BROOKLYN,,,Open
70263835,2026-09-01T18:43:01.000,Street Condition,Plate Condition - Noisy,35 WEST 110 STREET,MANHATTAN,40.79770178009685,-73.95115114536263,In Progress
70263463,2026-09-01T18:25:40.000,Street Condition,Pothole,,STATEN ISLAND,40.54988255543748,-74.16741691459339,Open
70262531,2026-09-01T18:21:44.000,Street Condition,Line/Marking - Faded,245 EAST 35 STREET,MANHATTAN,40.74582588945308,-73.97627487602091,In Progress
70262538,2026-09-01T18:20:51.000,Street Condition,Failed Street Repair,LINCOLN TUNNEL,MANHATTAN,40.758849408407066,-73.99914451571104,In Progress
70267912,2026-09-01T18:20:14.000,Street Condition,Defective Hardware,FOREST AVENUE,QUEENS,40.70008149366179,-73.8995024633561,In Progress
70263445,2026-09-01T18:16:24.000,Street Condition,Pothole,,BROOKLYN,40.63494729011493,-73.93249898044225,Open
70269227,2026-09-01T18:10:01.000,Street Condition,Blocked - Construction,BEDFORD AVENUE,BROOKLYN,,,In Progress
70267487,2026-09-01T18:08:23.000,Street Condition,Pothole,,QUEENS,40.68592366683622,-73.84691671769552,Open
70269219,2026-09-01T18:07:12.000,Street Condition,Line/Marking - Faded,467 HAMILTON AVENUE,BROOKLYN,40.66913959990576,-73.99689628152196,In Progress
70263444,2026-09-01T18:01:37.000,Street Condition,Pothole,,BROOKLYN,40.68072590245689,-73.87485618799677,Open
70270567,2026-09-01T18:00:36.000,Street Condition,Cave-in,101 STREET,QUEENS,40.66023979907147,-73.83243948196912,In Progress
70271521,2026-09-01T17:53:02.000,Street Condition,Pothole,39 AVENUE,QUEENS,,,Closed
70268094,2026-09-01T17:43:38.000,Street Condition,"Rough, Pitted or Cracked Roads",6801 21 AVENUE,BROOKLYN,40.61338115878282,-73.98552807847415,In Progress
70264792,2026-09-01T17:35:30.000,Street Condition,Pothole,,MANHATTAN,40.85509784049095,-73.93689173668447,Open
70263830,2026-09-01T17:27:52.000,Street Condition,Cave-in,RALPH AVENUE,BROOKLYN,40.684146980770855,-73.92295924955722,In Progress
70271940,2026-09-01T17:24:40.000,Street Condition,Defective Hardware,30-43 88 STREET,QUEENS,40.76058807445801,-73.88058639972655,In Progress
70270566,2026-09-01T17:24:00.000,Street Condition,Failed Street Repair,30-18 75 STREET,QUEENS,40.759979780415726,-73.89280633368361,In Progress
70268834,2026-09-01T17:19:18.000,Street Condition,Pothole,EAST    7 STREET,BROOKLYN,,,Open
70266114,2026-09-01T17:17:11.000,Street Condition,Pothole,,QUEENS,40.72911765570433,-73.75986379768885,Open
70267480,2026-09-01T17:13:45.000,Street Condition,Pothole,HANCOCK STREET,BROOKLYN,,,Open
70271519,2026-09-01T17:12:42.000,Street Condition,Pothole,85 AVENUE,QUEENS,,,Open
70266121,2026-09-01T17:11:56.000,Street Condition,Pothole,85 AVENUE,QUEENS,,,Closed
70266122,2026-09-01T17:11:56.000,Street Condition,Pothole,85 AVENUE,QUEENS,,,Closed
70266113,2026-09-01T17:11:54.000,Street Condition,Pothole,85 AVENUE,QUEENS,,,Open
70265194,2026-09-01T17:08:08.000,Street Condition,Defective Hardware,550 VANDERBILT AVENUE,BROOKLYN,40.680309149413695,-73.96792286996539,In Progress
70263443,2026-09-01T17:01:33.000,Street Condition,Pothole,WEST   12 STREET,BROOKLYN,,,Open
70267491,2026-09-01T16:58:08.000,Street Condition,Pothole,,STATEN ISLAND,40.56213053216591,-74.13340812775334,Open
70267913,2026-09-01T16:52:15.000,Street Condition,Cave-in,169-10 GOETHALS AVENUE,QUEENS,40.72039647858001,-73.79790454945179,In Progress
70270151,2026-09-01T16:48:12.000,Street Condition,Pothole,49 STREET,QUEENS,,,Closed
70267486,2026-09-01T16:46:27.000,Street Condition,Pothole,,QUEENS,40.59536023998758,-73.80093318309282,Open
70266577,2026-09-01T16:43:35.000,Street Condition,Cave-in,UNION TURNPIKE,QUEENS,40.73577809149982,-73.74653922101146,In Progress
70262146,2026-09-01T16:39:08.000,Street Condition,Pothole,37 DRIVE,QUEENS,,,Open
70270557,2026-09-01T16:31:42.000,Street Condition,Cave-in,2 MONITOR STREET,BROOKLYN,40.719301919468236,-73.94156216034182,In Progress
70263460,2026-09-01T16:29:02.000,Street Condition,Pothole,COLLEGE POINT BOULEVARD,QUEENS,,,Closed
70269231,2026-09-01T16:26:44.000,Street Condition,Cave-in,159 AVENUE,QUEENS,40.65817111300545,-73.84685425649133,In Progress
70271942,2026-09-01T16:20:13.000,Street Condition,Cave-in,FOREST AVENUE,QUEENS,40.71075514370874,-73.90509170505484,In Progress
70266561,2026-09-01T16:19:53.000,Street Condition,Cave-in,WINTHROP AVENUE,BROOKLYN,40.66120429536802,-73.92431935815138,In Progress
70266563,2026-09-01T16:18:00.000,Street Condition,Cave-in,8784 21 AVENUE,BROOKLYN,40.59952634151722,-73.99996038872492,In Progress
70267485,2026-09-01T16:17:59.000,Street Condition,Pothole,,BROOKLYN,40.690468637693705,-73.9878912652697,Closed
70269223,2026-09-01T16:16:54.000,Street Condition,Cave-in,EAST 167 STREET,BRONX,40.826057719434004,-73.89720926749195,In Progress
70265396,2026-09-01T16:16:37.000,Street Condition,"Rough, Pitted or Cracked Roads",450 WEST 42 STREET,MANHATTAN,40.759184136592694,-73.99444834831519,In Progress
70271928,2026-09-01T16:16:36.000,Street Condition,Cave-in,EAST 167 STREET,BRONX,40.826793948639086,-73.89191099307715,In Progress
70267479,2026-09-01T16:16:11.000,Street Condition,Pothole,,BROOKLYN,40.60807733398845,-73.9796984218625,Open
70263441,2026-09-01T16:14:58.000,Street Condition,Pothole,HENWOOD PLACE,BRONX,,,Open
70271513,2026-09-01T16:13:43.000,Street Condition,Pothole,BRUCKNER BOULEVARD,BRONX,,,Open
70267478,2026-09-01T15:54:54.000,Street Condition,Pothole,,BROOKLYN,40.690468637693705,-73.9878912652697,Open
70271520,2026-09-01T15:54:07.000,Street Condition,Pothole,,QUEENS,40.69605612278218,-73.72748331611038,Closed
70266737,2026-09-01T15:52:44.000,Street Condition,"Rough, Pitted or Cracked Roads",23-32 30 AVENUE,QUEENS,40.76915426859248,-73.92624366907276,In Progress
70264791,2026-09-01T15:50:27.000,Street Condition,Pothole,EAST    6 STREET,MANHATTAN,,,Open
70272120,2026-09-01T15:49:19.000,Street Condition,"Rough, Pitted or Cracked Roads",24 AVENUE,QUEENS,40.76635217444648,-73.87301301309917,In Progress
70265207,2026-09-01T15:44:39.000,Street Condition,Cave-in,1030 ROSE STREET,QUEENS,40.60401479206715,-73.74663970265952,In Progress
70264800,2026-09-01T15:43:52.000,Street Condition,Pothole,67 AVENUE,QUEENS,,,Closed
70271518,2026-09-01T15:39:14.000,Street Condition,Pothole,,MANHATTAN,40.76609151781164,-73.96958548941684,Open
70269221,2026-09-01T15:36:06.000,Street Condition,Cave-in,420 BRONX PARK AVENUE,BRONX,40.84042113198765,-73.87527498367541,In Progress
70264052,2026-09-01T15:36:05.000,Street Condition,"Rough, Pitted or Cracked Roads",EAST 35 STREET,MANHATTAN,40.745441439798356,-73.9753944383944,In Progress
70262145,2026-09-01T15:31:31.000,Street Condition,Pothole,MC DONALD AVENUE,BROOKLYN,,,Open
70270559,2026-09-01T15:31:28.000,Street Condition,Cave-in,553 EAST 80 STREET,BROOKLYN,40.639579155883055,-73.91779689200183,In Progress
70267484,2026-09-01T15:25:10.000,Street Condition,Pothole,BROOKLYN AVENUE,BROOKLYN,,,Closed
70267477,2026-09-01T15:22:51.000,Street Condition,Pothole,BROOKLYN AVENUE,BROOKLYN,,,Open
70271933,2026-09-01T15:04:09.000,Street Condition,Cave-in,ETNA STREET,BROOKLYN,40.6858751813495,-73.87748228482417,In Progress
70266564,2026-09-01T15:03:57.000,Street Condition,Cave-in,336 MAYFAIR DRIVE NORTH,BROOKLYN,40.609224661924756,-73.90384945002339,In Progress
70270558,2026-09-01T15:01:22.000,Street Condition,Cave-in,RIDGEWOOD AVENUE,BROOKLYN,,,In Progress
70266736,2026-09-01T15:00:58.000,Street Condition,"Rough, Pitted or Cracked Roads",35 STREET,BROOKLYN,,,In Progress
70267901,2026-09-01T14:59:33.000,Street Condition,Cave-in,7008 AVENUE L,BROOKLYN,40.62623714166454,-73.91458911606392,In Progress
70262536,2026-09-01T14:57:49.000,Street Condition,Cave-in,LINDEN STREET,BROOKLYN,40.70148562709231,-73.9114235496619,In Progress
70267899,2026-09-01T14:54:54.000,Street Condition,Cave-in,BASSETT AVENUE,BROOKLYN,40.60887890529811,-73.9039543924182,In Progress
70268842,2026-09-01T14:51:09.000,Street Condition,Pothole,41 AVENUE,QUEENS,,,Closed
70266569,2026-09-01T14:44:12.000,Street Condition,Defective Hardware,COLUMBUS AVENUE,MANHATTAN,40.78648556883817,-73.97217258063515,In Progress
70271930,2026-09-01T14:37:28.000,Street Condition,Failed Street Repair,1705 TROY AVENUE,BROOKLYN,40.63095996568171,-73.933969321314,In Progress
70266120,2026-09-01T14:20:20.000,Street Condition,Pothole,HORACE HARDING EXPRESSWAY,QUEENS,,,Closed
70269225,2026-09-01T14:07:44.000,Street Condition,Cave-in,677 QUINCY STREET,BROOKLYN,40.68915890324438,-73.93159672170509,In Progress
70263838,2026-09-01T13:50:31.000,Street Condition,Failed Street Repair,134-02 FOCH BOULEVARD,QUEENS,40.67708299190098,-73.80531114227772,In Progress
70269235,2026-09-01T13:40:21.000,Street Condition,Cave-in,112 STREET,QUEENS,40.75278281031885,-73.85497787326054,In Progress
70271949,2026-09-01T13:40:07.000,Street Condition,Cave-in,126 JUSTIN AVENUE,STATEN ISLAND,40.55516359824909,-74.13392681516275,Closed
70271935,2026-09-01T13:39:32.000,Street Condition,Defective Hardware,1074 FIRST AVENUE,MANHATTAN,40.75927139356286,-73.96221045553305,In Progress
70266573,2026-09-01T13:36:47.000,Street Condition,Failed Street Repair,168-11 144 AVENUE,QUEENS,40.66909937692516,-73.77150708029906,In Progress
70264051,2026-09-01T13:33:41.000,Street Condition,"Rough, Pitted or Cracked Roads",WEST 256 STREET,BRONX,40.90414009236751,-73.90500728090025,In Progress
70268841,2026-09-01T13:30:11.000,Street Condition,Pothole,30 AVENUE,QUEENS,,,Closed
70263452,2026-09-01T13:28:50.000,Street Condition,Pothole,SUNKEN GARDEN LOOP,MANHATTAN,,,Open
70270570,2026-09-01T13:28:19.000,Street Condition,Cave-in,43 AVENUE,QUEENS,40.75889478255762,-73.80607188912936,In Progress
70268836,2026-09-01T13:25:54.000,Street Condition,Pothole,CENTRE STREET,MANHATTAN,,,Open
70270756,2026-09-01T13:25:28.000,Street Condition,"Rough, Pitted or Cracked Roads",WEST 261 STREET,BRONX,40.91013023416746,-73.90321511472008,In Progress
70269234,2026-09-01T13:24:39.000,Street Condition,Cave-in,99 STREET,QUEENS,40.654956960496754,-73.83304020651478,In Progress
70272119,2026-09-01T13:23:05.000,Street Condition,"Rough, Pitted or Cracked Roads",87 STREET,QUEENS,,,In Progress
70264799,2026-09-01T13:22:03.000,Street Condition,Pothole,QUEENS BOULEVARD,QUEENS,40.741280237793646,-73.90256544457489,Closed
70271938,2026-09-01T13:19:52.000,Street Condition,Failed Street Repair,102-28 215 STREET,QUEENS,40.71288093163759,-73.74392452397451,In Progress
70263840,2026-09-01T13:19:44.000,Street Condition,Cave-in,116 AVENUE,QUEENS,40.67879468553541,-73.80631563318876,In Progress
70264798,2026-09-01T13:18:13.000,Street Condition,Pothole,87 STREET,QUEENS,,,Closed
70263826,2026-09-01T13:17:43.000,Street Condition,Cave-in,LORING PLACE,BRONX,40.853941752815935,-73.91467627092162,In Progress
70265209,2026-09-01T13:17:37.000,Street Condition,Cave-in,40 AVENUE,QUEENS,40.765737938055295,-73.76237068892539,In Progress
70269238,2026-09-01T13:17:15.000,Street Condition,Cave-in,FILLAT STREET,STATEN ISLAND,40.61264799417739,-74.14085662828461,In Progress
70271945,2026-09-01T13:16:02.000,Street Condition,Cave-in,195 STREET,QUEENS,40.76127678969615,-73.78716775732795,In Progress
70270147,2026-09-01T13:14:39.000,Street Condition,Pothole,87 STREET,QUEENS,,,Open
70266579,2026-09-01T13:12:54.000,Street Condition,Cave-in,39 AVENUE,QUEENS,40.766573891164626,-73.76446154695398,In Progress
70268833,2026-09-01T13:08:07.000,Street Condition,Pothole,,BROOKLYN,40.72582723694437,-73.93334497029383,Open
70262542,2026-09-01T13:07:18.000,Street Condition,Cave-in,53 AVENUE,QUEENS,40.74653869450368,-73.78635229431656,In Progress
70270569,2026-09-01T13:05:15.000,Street Condition,Cave-in,77 AVENUE,QUEENS,40.737710174358405,-73.75274572186932,In Progress
70270568,2026-09-01T13:02:37.000,Street Condition,Cave-in,27 AVENUE,QUEENS,40.773904066803524,-73.78944170840929,In Progress
70264797,2026-09-01T12:58:46.000,Street Condition,Pothole,,QUEENS,40.590164444928455,-73.79785941742364,Closed
70262149,2026-09-01T12:43:50.000,Street Condition,Pothole,,QUEENS,,,Closed
70272118,2026-09-01T12:43:26.000,Street Condition,"Rough, Pitted or Cracked Roads",782 EAST 179 STREET,BRONX,40.845437051921415,-73.88723627358287,In Progress
70267904,2026-09-01T12:43:07.000,Street Condition,Plate Condition - Shifted,940 MADISON AVENUE,MANHATTAN,40.77326202817216,-73.96436876829624,In Progress
70267908,2026-09-01T12:42:37.000,Street Condition,Cave-in,WEST 187 STREET,MANHATTAN,40.85509784049095,-73.93689173668447,In Progress
70265210,2026-09-01T12:42:34.000,Street Condition,Defective Hardware,548 WINANT AVENUE,STATEN ISLAND,40.54949613485886,-74.21779267169654,In Progress
70265204,2026-09-01T12:42:22.000,Street Condition,Cave-in,125 WEST 30 STREET,MANHATTAN,40.7476669251882,-73.99052628979736,In Progress
70262539,2026-09-01T12:39:41.000,Street Condition,Cave-in,30-30 88 STREET,QUEENS,40.760912039906835,-73.88066884324172,In Progress
70270143,2026-09-01T12:38:53.000,Street Condition,Pothole,,BROOKLYN,40.684146980770855,-73.92295924955722,Open
70264803,2026-09-01T12:37:20.000,Street Condition,Pothole,,STATEN ISLAND,40.556615458407265,-74.15580272818708,Open
70262535,2026-09-01T12:28:30.000,Street Condition,Cave-in,460 WILLOUGHBY AVENUE,BROOKLYN,40.69364557103487,-73.95111919951603,In Progress
70266119,2026-09-01T12:27:21.000,Street Condition,Pothole,210 STREET,QUEENS,,,Closed
70262148,2026-09-01T12:25:33.000,Street Condition,Pothole,42 AVENUE,QUEENS,,,Closed
70262144,2026-09-01T12:21:26.000,Street Condition,Pothole,,BROOKLYN,40.68978330664298,-73.96518864613134,Open
70271950,2026-09-01T12:16:33.000,Street Condition,Defective Hardware,IRVING PLACE,STATEN ISLAND,40.61739931796815,-74.08485927689463,Closed
70271512,2026-09-01T12:14:06.000,Street Condition,Pothole,GERARD AVENUE,BRONX,,,Open
70266572,2026-09-01T12:07:17.000,Street Condition,Failed Street Repair,MURDOCK AVENUE,QUEENS,40.70281021256806,-73.74386222276235,In Progress
70266107,2026-09-01T12:06:38.000,Street Condition,Pothole,EAST  135 STREET,BRONX,,,Open
70265197,2026-09-01T12:06:33.000,Street Condition,Cave-in,HENRY STREET,BROOKLYN,40.67975367692947,-74.00151424998282,In Progress
70265208,2026-09-01T11:58:21.000,Street Condition,Cave-in,58-36 63 STREET,QUEENS,40.720076254162606,-73.90169816595306,In Progress
70263459,2026-09-01T11:54:28.000,Street Condition,Pothole,52 AVENUE,QUEENS,,,Closed
70262541,2026-09-01T11:53:53.000,Street Condition,Cave-in,104-02 103 AVENUE,QUEENS,40.68427546639124,-73.83792451091843,In Progress
70270562,2026-09-01T11:50:27.000,Street Condition,Cave-in,180 LUDLOW STREET,MANHATTAN,40.72181105404858,-73.98746708538718,In Progress
70265201,2026-09-01T11:48:23.000,Street Condition,Blocked - Construction,16 CHARLES PLACE,BROOKLYN,40.6978378889034,-73.93163830578001,In Progress
70267893,2026-09-01T11:45:29.000,Street Condition,"Rough, Pitted or Cracked Roads",940 45 STREET,BROOKLYN,40.64199922185533,-73.9976434305875,In Progress
70262540,2026-09-01T11:40:12.000,Street Condition,Cave-in,6927 NAUTICAL WAY,QUEENS,40.589827809507376,-73.79841491521077,In Progress
70272121,2026-09-01T11:32:46.000,Street Condition,"Rough, Pitted or Cracked Roads",23-10 CAMP ROAD,QUEENS,40.59744134076588,-73.75827763483895,In Progress
70270560,2026-09-01T11:26:04.000,Street Condition,Blocked - Construction,CHARLES PLACE,BROOKLYN,40.69743416117347,-73.93122399360337,In Progress
70263458,2026-09-01T11:21:09.000,Street Condition,Pothole,BEACH CHANNEL DRIVE,QUEENS,,,Closed
70262534,2026-09-01T11:17:41.000,Street Condition,Cave-in,7301 13 AVENUE,BROOKLYN,40.62137747812973,-74.00629665239339,In Progress
70263457,2026-09-01T11:13:59.000,Street Condition,Pothole,,QUEENS,40.595075411920945,-73.78454321313197,Closed
70271948,2026-09-01T11:10:06.000,Street Condition,Blocked - Construction,WEXFORD TERRACE,QUEENS,,,In Progress
70266118,2026-09-01T11:08:40.000,Street Condition,Pothole,MANOR ROAD,QUEENS,,,Closed
70266117,2026-09-01T11:05:29.000,Street Condition,Pothole,,QUEENS,40.66023979907147,-73.83243948196912,Closed
70270150,2026-09-01T11:03:46.000,Street Condition,Pothole,,QUEENS,40.66922184661862,-73.8135422097136,Closed
70267894,2026-09-01T10:58:40.000,Street Condition,Cave-in,1730 77 STREET,BROOKLYN,40.6131350310886,-73.99870696847967,In Progress
70267475,2026-09-01T10:56:24.000,Street Condition,Pothole,,BRONX,40.8364441837319,-73.81939418964446,Open
70266126,2026-09-01T10:55:44.000,Street Condition,Pothole,WOODROW ROAD,STATEN ISLAND,,,Open
70263456,2026-09-01T10:51:10.000,Street Condition,Pothole,,QUEENS,40.73666582287896,-73.92802972432716,Closed
70269232,2026-09-01T10:43:43.000,Street Condition,Cave-in,32-36 203 STREET,QUEENS,40.76979496527523,-73.78634267127121,In Progress
70267909,2026-09-01T10:43:20.000,Street Condition,Blocked - Construction,127 PERRY STREET,MANHATTAN,40.73496162709672,-74.00735741401547,In Progress
70267914,2026-09-01T10:42:05.000,Street Condition,Cave-in,CORPORAL KENNEDY STREET,QUEENS,40.77666667046572,-73.78279666282151,In Progress
70266571,2026-09-01T10:36:12.000,Street Condition,Blocked - Construction,GREENWICH STREET,MANHATTAN,40.73500282176335,-74.0069821505247,In Progress
70266560,2026-09-01T10:34:39.000,Street Condition,Defective Hardware,AVENUE H,BROOKLYN,40.63201542882692,-73.94175748519089,In Progress
70262543,2026-09-01T10:25:35.000,Street Condition,Blocked - Construction,166-08 81 AVENUE,QUEENS,40.721192732621496,-73.80121391930706,In Progress
70269390,2026-09-01T10:22:51.000,Street Condition,"Rough, Pitted or Cracked Roads",EAST 233 STREET,BRONX,,,In Progress
70269237,2026-09-01T10:22:45.000,Street Condition,Blocked - Construction,49 STREET,QUEENS,40.76880814492219,-73.90033379127904,In Progress
70266116,2026-09-01T10:21:04.000,Street Condition,Pothole,53 AVENUE,QUEENS,,,Closed
70271944,2026-09-01T10:20:58.000,Street Condition,Cave-in,97-07 24 AVENUE,QUEENS,40.76637943070819,-73.87283967871731,In Progress
70268838,2026-09-01T10:20:46.000,Street Condition,Pothole,,QUEENS,40.751722813346404,-73.9361306676382,Open
70267898,2026-09-01T10:19:34.000,Street Condition,Cave-in,EAST 16 STREET,BROOKLYN,40.58370651555226,-73.95259293272548,In Progress
70270149,2026-09-01T10:19:08.000,Street Condition,Pothole,53 AVENUE,QUEENS,,,Closed
70265198,2026-09-01T10:17:23.000,Street Condition,Cave-in,24 KANSAS PLACE,BROOKLYN,40.60589542880268,-73.9040955365821,In Progress
70268840,2026-09-01T10:17:11.000,Street Condition,Pothole,127 STREET,QUEENS,,,Closed
70271932,2026-09-01T10:15:40.000,Street Condition,Cave-in,FOUNTAIN AVENUE,BROOKLYN,,,In Progress
70268843,2026-09-01T10:05:41.000,Street Condition,Pothole,VAN DUZER STREET,STATEN ISLAND,,,Open
70266111,2026-09-01T10:04:03.000,Street Condition,Pothole,BROADWAY,MANHATTAN,,,Open
70266575,2026-09-01T10:03:14.000,Street Condition,Cave-in,60 PLACE,QUEENS,40.710445691298595,-73.90265019356733,In Progress
70262533,2026-09-01T10:02:31.000,Street Condition,Cave-in,BOND STREET,BROOKLYN,40.68186107512824,-73.98827500815095,In Progress
70270571,2026-09-01T09:59:48.000,Street Condition,Defective Hardware,ALLISON AVENUE,STATEN ISLAND,40.56649670392337,-74.11376135337342,Closed
70271931,2026-09-01T09:59:32.000,Street Condition,Cave-in,JEFFERSON AVENUE,BROOKLYN,40.6838085121196,-73.94545483773256,In Progress
70264796,2026-09-01T09:57:37.000,Street Condition,Pothole,,QUEENS,40.74416744233457,-73.9124783278851,Closed
70265196,2026-09-01T09:55:56.000,Street Condition,Cave-in,QUENTIN ROAD,BROOKLYN,,,In Progress
70264787,2026-09-01T09:55:01.000,Street Condition,Pothole,MONTICELLO AVENUE,BRONX,,,Open
70267915,2026-09-01T09:54:59.000,Street Condition,Cave-in,40-23 AUBURNDALE LANE,QUEENS,40.76037993505559,-73.79511203252468,In Progress
70269222,2026-09-01T09:53:10.000,Street Condition,Cave-in,WEST 183 STREET,BRONX,40.85960974212645,-73.9077749865182,In Progress
70270556,2026-09-01T09:52:42.000,Street Condition,Cave-in,BAY 7 STREET,BROOKLYN,40.611435399346085,-74.01185668914562,In Progress
70266115,2026-09-01T09:52:02.000,Street Condition,Pothole,,QUEENS,40.75223809545808,-73.86291948564494,Open
70262537,2026-09-01T09:48:17.000,Street Condition,Dumpster - Construction Waste,869 LIBERTY AVENUE,BROOKLYN,40.67722082939252,-73.87741165841697,In Progress
70267897,2026-09-01T09:48:09.000,Street Condition,Cave-in,5 AVENUE,BROOKLYN,40.66797515538532,-73.98730056986984,In Progress
70266562,2026-09-01T09:45:59.000,Street Condition,Cave-in,1099 BUSHWICK AVENUE,BROOKLYN,40.69001809956785,-73.91903644381108,In Progress
70262152,2026-09-01T09:38:03.000,Street Condition,Pothole,OAKLAND TERRACE,STATEN ISLAND,,,Closed
70265205,2026-09-01T09:37:26.000,Street Condition,Plate Condition - Noisy,84-49 64 ROAD,QUEENS,40.721041144691426,-73.86756529816064,In Progress
70270152,2026-09-01T09:34:45.000,Street Condition,Pothole,TOWNSEND AVENUE,STATEN ISLAND,,,Open
70268832,2026-09-01T09:29:04.000,Street Condition,Pothole,EAST   29 STREET,BROOKLYN,,,Open
70269224,2026-09-01T09:25:39.000,Street Condition,Failed Street Repair,570 WESTMINSTER ROAD,BROOKLYN,40.63479191851336,-73.96606402050077,In Progress
70267896,2026-09-01T09:23:07.000,Street Condition,Cave-in,HALSEY STREET,BROOKLYN,40.68299582692899,-73.93949916167742,In Progress
70266558,2026-09-01T09:19:41.000,Street Condition,Failed Street Repair,3900 MONTICELLO AVENUE,BRONX,40.88910071187905,-73.83744683838482,Closed
70265193,2026-09-01T09:18:16.000,Street Condition,Cave-in,FOWLER AVENUE,BRONX,40.84377216047778,-73.85618545734165,Closed
70271947,2026-09-01T09:18:14.000,Street Condition,Cave-in,61-33 173 STREET,QUEENS,40.73761452594428,-73.79643057711277,In Progress
70270555,2026-09-01T09:18:04.000,Street Condition,Cave-in,AMBOY STREET,BROOKLYN,,,In Progress
70267476,2026-09-01T09:15:55.000,Street Condition,Pothole,BERRIMAN STREET,BROOKLYN,,,Open
70266557,2026-09-01T09:13:49.000,Street Condition,Cave-in,WEST 182 STREET,BRONX,40.858196320673194,-73.90789985757472,Closed
70263462,2026-09-01T09:13:44.000,Street Condition,Pothole,,QUEENS,40.784788551946825,-73.79488164646388,Closed
70266109,2026-09-01T09:12:29.000,Street Condition,Pothole,BERRY STREET,BROOKLYN,,,Closed
70267902,2026-09-01T09:12:15.000,Street Condition,Cave-in,204 JACKSON STREET,BROOKLYN,40.716837660921286,-73.94262849329249,In Progress
70263829,2026-09-01T09:10:48.000,Street Condition,Cave-in,STOCKHOLM STREET,BROOKLYN,40.69993724106027,-73.92236036401988,In Progress
70263461,2026-09-01T09:07:43.000,Street Condition,Pothole,256 STREET,QUEENS,40.66318330014188,-73.79116451284423,Closed
70266570,2026-09-01T09:05:49.000,Street Condition,Cave-in,14 EAST 95 STREET,MANHATTAN,40.78695797902298,-73.95565131444226,In Progress
70269226,2026-09-01T09:05:39.000,Street Condition,Cave-in,12 AVENUE,BROOKLYN,40.6371929388019,-73.9934460381902,In Progress
70265397,2026-09-01T09:02:51.000,Street Condition,"Rough, Pitted or Cracked Roads",117-09 SUTTER AVENUE,QUEENS,40.67448236021249,-73.82141541762049,In Progress
70268831,2026-09-01T08:59:51.000,Street Condition,Pothole,QUINCY STREET,BROOKLYN,,,Open
70267906,2026-09-01T08:58:58.000,Street Condition,Defective Hardware,430 EAST 49 STREET,MANHATTAN,40.75265756149405,-73.9654084407516,In Progress
70267920,2026-09-01T08:57:20.000,Street Condition,Cave-in,87-41 81 AVENUE,QUEENS,40.70362566724587,-73.86063905646427,In Progress
70271929,2026-09-01T08:55:19.000,Street Condition,Failed Street Repair,180 FREEMAN STREET,BROOKLYN,40.73451085323843,-73.9542104186478,In Progress
70270757,2026-09-01T08:54:43.000,Street Condition,"Rough, Pitted or Cracked Roads",142-20 230 PLACE,QUEENS,40.66510481765205,-73.74620220102575,In Progress
70271936,2026-09-01T08:54:18.000,Street Condition,Cave-in,180 LUDLOW STREET,MANHATTAN,40.72181105404858,-73.98746708538718,In Progress
70270554,2026-09-01T08:53:48.000,Street Condition,Cave-in,DEKALB AVENUE,BROOKLYN,40.68978330664298,-73.96518864613134,In Progress
70267919,2026-09-01T08:51:22.000,Street Condition,Cave-in,BEACH 90 STREET,QUEENS,40.58937899813253,-73.81555098558907,In Progress
70267918,2026-09-01T08:50:11.000,Street Condition,Cave-in,60-94 67 AVENUE,QUEENS,40.70528990111614,-73.89818175779003,In Progress
70270146,2026-09-01T08:50:09.000,Street Condition,Pothole,LUDLOW STREET,MANHATTAN,,,Open
70262151,2026-09-01T08:49:14.000,Street Condition,Pothole,,QUEENS,40.73561068949124,-73.7902230524361,Closed
70267917,2026-09-01T08:47:48.000,Street Condition,Cave-in,76 STREET,QUEENS,40.681554138954404,-73.86224273987214,In Progress
70265206,2026-09-01T08:45:42.000,Street Condition,Failed Street Repair,214-16 110 AVENUE,QUEENS,40.70813050331176,-73.74304104617282,In Progress
70263839,2026-09-01T08:45:10.000,Street Condition,Cave-in,58-13 58 AVENUE,QUEENS,40.72097618815379,-73.91141568374742,In Progress
70267916,2026-09-01T08:43:57.000,Street Condition,Cave-in,199-06 LINDEN BOULEVARD,QUEENS,40.69417086114928,-73.75321010188128,In Progress
70266108,2026-09-01T08:43:40.000,Street Condition,Pothole,JACKSON STREET,BROOKLYN,,,Closed
70271525,2026-09-01T08:32:02.000,Street Condition,Pothole,41 AVENUE,QUEENS,,,Closed
70270145,2026-09-01T08:29:34.000,Street Condition,Pothole,STRONG PLACE,BROOKLYN,,,Closed
70271524,2026-09-01T08:27:07.000,Street Condition,Pothole,45 AVENUE,QUEENS,,,Closed
70263827,2026-09-01T08:08:41.000,Street Condition,Cave-in,420 BRONX PARK AVENUE,BRONX,40.84042113198765,-73.87527498367541,In Progress
70267490,2026-09-01T08:08:18.000,Street Condition,Pothole,45 AVENUE,QUEENS,,,Closed
70262532,2026-09-01T08:05:36.000,Street Condition,Cave-in,EAST 222 STREET,BRONX,40.88569315009606,-73.86163891179699,Closed
70271511,2026-09-01T08:00:06.000,Street Condition,Pothole,,BRONX,40.866589666784776,-73.86832754689578,Open
70266106,2026-09-01T07:56:53.000,Street Condition,Pothole,OLINVILLE AVENUE,BRONX,,,Open
70265199,2026-09-01T07:55:40.000,Street Condition,Cave-in,665 NEW JERSEY AVENUE,BROOKLYN,40.662853290753915,-73.89251546340098,In Progress
70271515,2026-09-01T07:54:28.000,Street Condition,Pothole,,BROOKLYN,40.59136004625351,-73.96283836490672,Open
70269230,2026-09-01T07:52:30.000,Street Condition,Cave-in,WEST 187 STREET,MANHATTAN,40.85509784049095,-73.93689173668447,In Progress
70266574,2026-09-01T07:51:29.000,Street Condition,Cave-in,69-32 CALDWELL AVENUE,QUEENS,40.72366698551929,-73.89311367512609,In Progress
70265195,2026-09-01T07:44:09.000,Street Condition,Cave-in,AVENUE B,BROOKLYN,40.64952794033959,-73.91632152173871,In Progress
70266125,2026-09-01T07:43:09.000,Street Condition,Pothole,102 AVENUE,QUEENS,,,Closed
70266559,2026-09-01T07:41:12.000,Street Condition,Failed Street Repair,SAINT THERESA AVENUE,BRONX,40.84947752039155,-73.8331049866323,Closed
70267900,2026-09-01T07:38:09.000,Street Condition,Cave-in,413 88 STREET,BROOKLYN,40.62099531680266,-74.02857972248302,In Progress
70271514,2026-09-01T07:34:41.000,Street Condition,Pothole,EAST  172 STREET,BRONX,,,Closed
70267907,2026-09-01T07:32:04.000,Street Condition,Defective Hardware,1061 FIRST AVENUE,MANHATTAN,40.75883509127173,-73.96255361866574,In Progress
70267474,2026-09-01T07:28:36.000,Street Condition,Pothole,,BRONX,40.84021817607633,-73.87541631240484,Open
70267489,2026-09-01T07:25:52.000,Street Condition,Pothole,116 AVENUE,QUEENS,,,Closed
70269236,2026-09-01T07:23:52.000,Street Condition,Blocked - Construction,31 AVENUE,QUEENS,40.7598190667203,-73.91389802913433,In Progress
70264801,2026-09-01T07:20:57.000,Street Condition,Pothole,30 AVENUE,QUEENS,40.74695467009236,-73.9037914221772,Closed
70262143,2026-09-01T07:20:35.000,Street Condition,Pothole,,BROOKLYN,40.644463245833414,-73.94791212414326,Open
70266124,2026-09-01T07:16:09.000,Street Condition,Pothole,MEMORIAL CIRCLE,QUEENS,40.57855580849864,-73.84098177877857,Closed
70265398,2026-09-01T07:15:47.000,Street Condition,Failed Street Repair,1 VISTA PLACE,STATEN ISLAND,40.60159670981721,-74.07413660949254,In Progress
70263451,2026-09-01T07:12:11.000,Street Condition,Pothole,WEST   43 STREET,MANHATTAN,,,Open
70271523,2026-09-01T06:52:27.000,Street Condition,Pothole,111 STREET,QUEENS,,,Closed
70266580,2026-09-01T06:46:29.000,Street Condition,Blocked - Construction,43-01 31 AVENUE,QUEENS,40.76013795669037,-73.91456902295299,In Progress
70265202,2026-09-01T06:28:29.000,Street Condition,Blocked - Construction,84 STREET,BROOKLYN,40.62564652216663,-74.0331099743488,In Progress
70263834,2026-09-01T06:27:59.000,Street Condition,Defective Hardware,308 EAST 38 STREET,MANHATTAN,40.74703570616549,-73.97344499042592,Closed
70264802,2026-09-01T06:21:23.000,Street Condition,Pothole,,STATEN ISLAND,40.53535394443217,-74.15593304175295,Open
70265191,2026-09-01T04:27:32.000,Street Condition,Line/Marking - Faded,2 AVENUE,BROOKLYN,40.668815711233734,-73.99671605830036,In Progress
70262150,2026-09-01T04:03:00.000,Street Condition,Pothole,HOYT AVENUE,QUEENS,,,Closed
70268830,2026-09-01T03:49:56.000,Street Condition,Pothole,,BRONX,40.8496686162761,-73.90801287314414,Closed
70271522,2026-09-01T03:36:25.000,Street Condition,Pothole,HOYT AVENUE,QUEENS,,,Closed
70266565,2026-09-01T03:29:03.000,Street Condition,Cave-in,9720 FOSTER AVENUE,BROOKLYN,40.648605343462705,-73.90525579048837,In Progress
70263843,2026-09-01T03:12:39.000,Street Condition,Dumpster - Construction Waste,97-28 80 STREET,QUEENS,40.68159446012317,-73.85927175656796,In Progress
70253519,2026-09-01T01:19:55.000,Street Condition,Cave-in,9824 FOSTER AVENUE,BROOKLYN,40.64898363792666,-73.90466785076762,In Progress
70254562,2026-09-01T00:39:14.000,Street Condition,Pothole,,BROOKLYN,40.70148562709231,-73.9114235496619,Closed
70259817,2026-09-01T00:36:53.000,Street Condition,"Rough, Pitted or Cracked Roads",210 DAHILL ROAD,BROOKLYN,40.642035996801894,-73.98036551389636,Closed
70259136,2026-09-01T00:35:39.000,Street Condition,Pothole,SEAMAN AVENUE,MANHATTAN,,,Open
70255279,2026-09-01T00:23:05.000,Street Condition,"Rough, Pitted or Cracked Roads",302 CHURCH AVENUE,BROOKLYN,40.643687794347564,-73.97730573407173,Closed
70253099,2026-09-01T00:20:46.000,Street Condition,Pothole,FRANCIS LEWIS BOULEVARD,QUEENS,,,Closed
70255044,2026-09-01T00:17:43.000,Street Condition,Defective Hardware,8635 21 AVENUE,BROOKLYN,40.60252361616561,-73.99682735454735,In Progress
70253095,2026-08-31T23:29:42.000,Street Condition,Pothole,,QUEENS,40.710371700789906,-73.84110376887807,Open
70257627,2026-08-31T23:27:56.000,Street Condition,Pothole,SEAMAN AVENUE,MANHATTAN,,,Open
70252029,2026-08-31T23:19:41.000,Street Condition,Defective Hardware,78 BAY RIDGE AVENUE,BROOKLYN,40.6378910513992,-74.0330151631091,In Progress
70255045,2026-08-31T22:55:14.000,Street Condition,Defective Hardware,260 IRVING AVENUE,BROOKLYN,40.699880557487994,-73.91590849619232,In Progress
70252032,2026-08-31T22:53:28.000,Street Condition,Defective Hardware,77 BAY RIDGE AVENUE,BROOKLYN,40.63789106896943,-74.03295391049316,In Progress
70258076,2026-08-31T22:47:03.000,Street Condition,Defective Hardware,6404 16 AVENUE,BROOKLYN,40.62249464485577,-73.99441288825983,In Progress
70255064,2026-08-31T22:37:02.000,Street Condition,Failed Street Repair,43-31 45 STREET,QUEENS,40.744435977481785,-73.91938172255314,In Progress
70252024,2026-08-31T22:29:51.000,Street Condition,Cave-in,1040 LOGAN AVENUE,BRONX,40.83310186210321,-73.82522127789237,Closed
70258087,2026-08-31T22:24:56.000,Street Condition,Blocked - Construction,21 CHARLES PLACE,BROOKLYN,40.69791755347341,-73.93175002064802,In Progress
70259621,2026-08-31T22:07:04.000,Street Condition,Unsafe Worksite,5268 KINGS HIGHWAY,BROOKLYN,40.63752076768744,-73.92618739032308,Closed
70260659,2026-08-31T21:49:36.000,Street Condition,Pothole,52 AVENUE,QUEENS,,,Closed
70257634,2026-08-31T21:37:25.000,Street Condition,Pothole,,QUEENS,40.75256715716645,-73.87724773707222,Closed
70259141,2026-08-31T21:35:35.000,Street Condition,Pothole,CODWISE PLACE,QUEENS,,,Open
70256121,2026-08-31T21:33:12.000,Street Condition,Pothole,JACKSON STREET,BROOKLYN,,,Closed
70257632,2026-08-31T21:24:28.000,Street Condition,Pothole,GRAND AVENUE,QUEENS,,,Open
70250573,2026-08-31T21:22:32.000,Street Condition,Plate Condition - Noisy,99 GOLD STREET,BROOKLYN,40.701930141530724,-73.9828147585138,Closed
70259628,2026-08-31T21:10:39.000,Street Condition,Cave-in,90-11 35 AVENUE,QUEENS,40.75259712992811,-73.87704195156354,In Progress
70256569,2026-08-31T20:55:15.000,Street Condition,Line/Marking - Faded,3525 FT HAMILTON PARKWAY,BROOKLYN,40.645122065632535,-73.98690493258896,In Progress
70259624,2026-08-31T20:40:11.000,Street Condition,Cave-in,117-07 JAMAICA AVENUE,QUEENS,40.69959430587546,-73.83235499608139,In Progress
70260646,2026-08-31T20:37:20.000,Street Condition,Pothole,WEST  182 STREET,BRONX,,,Closed
70259615,2026-08-31T20:35:14.000,Street Condition,Cave-in,2935 WEST 33 STREET,BROOKLYN,40.574304365701316,-73.99946005021478,In Progress
70256120,2026-08-31T20:29:51.000,Street Condition,Pothole,,BROOKLYN,40.59798639400355,-73.96410580958371,Open
70259626,2026-08-31T20:21:51.000,Street Condition,Cave-in,115 ROAD,QUEENS,40.696619041885036,-73.73226295078122,In Progress
70258096,2026-08-31T20:19:13.000,Street Condition,Cave-in,BELL BOULEVARD,QUEENS,40.760284575229676,-73.7693497021632,Closed
70252038,2026-08-31T20:12:27.000,Street Condition,Blocked - Construction,21 CHARLES PLACE,BROOKLYN,40.69791755347341,-73.93175002064802,In Progress
70250093,2026-08-31T20:00:38.000,Street Condition,Pothole,EAST   16 STREET,BROOKLYN,,,Open
70256582,2026-08-31T19:57:50.000,Street Condition,Cave-in,370 VAN BRUNT STREET,BROOKLYN,40.67725520509695,-74.013029272472,In Progress
70258094,2026-08-31T19:57:23.000,Street Condition,Plate Condition - Noisy,1645 UNION STREET,BROOKLYN,40.668078660418345,-73.93570610081203,Closed
70252030,2026-08-31T19:55:14.000,Street Condition,Defective Hardware,209 JORALEMON STREET,BROOKLYN,40.692475307932995,-73.990487253265,In Progress
70251627,2026-08-31T19:49:03.000,Street Condition,Pothole,FOUNTAIN AVENUE,BROOKLYN,,,Open
70253091,2026-08-31T19:48:22.000,Street Condition,Pothole,WALKER STREET,MANHATTAN,,,Closed
70250100,2026-08-31T19:43:00.000,Street Condition,Pothole,EAST  116 STREET,MANHATTAN,,,Open
70259820,2026-08-31T19:42:31.000,Street Condition,"Rough, Pitted or Cracked Roads",175-33 HORACE HARDING EXPRESSWAY,QUEENS,40.739248277459566,-73.79369388564936,Closed
70259618,2026-08-31T19:42:23.000,Street Condition,Cave-in,DUMONT AVENUE,BROOKLYN,40.66671709340213,-73.89161167800597,In Progress
70259633,2026-08-31T19:39:55.000,Street Condition,Dumpster - Construction Waste,HEUSDEN STREET,STATEN ISLAND,40.633637035277964,-74.15195093414233,Closed
70259818,2026-08-31T19:32:48.000,Street Condition,"Rough, Pitted or Cracked Roads",210 JACKSON STREET,BROOKLYN,40.71685403765116,-73.94244450359331,In Progress
70254569,2026-08-31T19:32:07.000,Street Condition,Pothole,TOTTEN STREET,QUEENS,,,Open
70251626,2026-08-31T19:20:57.000,Street Condition,Pothole,LORIMER STREET,BROOKLYN,,,Closed
70250555,2026-08-31T19:18:28.000,Street Condition,Cave-in,3237 FAIRMOUNT AVENUE,BRONX,40.836365169568346,-73.81976663086257,Closed
70261099,2026-08-31T19:12:03.000,Street Condition,Cave-in,67 AVENUE,QUEENS,40.73561068949124,-73.7902230524361,In Progress
70258292,2026-08-31T19:11:48.000,Street Condition,"Rough, Pitted or Cracked Roads",116 AVENUE,QUEENS,40.67700726337055,-73.81260111253626,Closed
70255069,2026-08-31T19:11:34.000,Street Condition,Cave-in,104 STREET,QUEENS,40.75223809545808,-73.86291948564494,In Progress
70256591,2026-08-31T19:07:56.000,Street Condition,Cave-in,26-08 95 STREET,QUEENS,40.762403711098045,-73.87412876041469,In Progress
70250569,2026-08-31T19:06:54.000,Street Condition,Defective Hardware,1650 MADISON AVENUE,MANHATTAN,40.796127527900786,-73.94768149501782,Closed
70251635,2026-08-31T19:02:15.000,Street Condition,Pothole,BEACH   90 STREET,QUEENS,,,Open
70250579,2026-08-31T19:02:09.000,Street Condition,Cave-in,26-10 95 STREET,QUEENS,40.762379004494875,-73.87412519727249,In Progress
70260660,2026-08-31T18:57:45.000,Street Condition,Pothole,BRIGHTON STREET,STATEN ISLAND,,,Open
70258075,2026-08-31T18:43:08.000,Street Condition,Cave-in,MORRIS AVENUE,BRONX,40.8496686162761,-73.90801287314414,Closed
70250104,2026-08-31T18:42:59.000,Street Condition,Pothole,225 STREET,QUEENS,,,Open
70259623,2026-08-31T18:40:43.000,Street Condition,Cave-in,26-50 BROOKLYN QUEENS EXPRESSWAY,QUEENS,40.761659644876104,-73.90214938453447,In Progress
70252026,2026-08-31T18:33:05.000,Street Condition,Cave-in,MORRIS AVENUE,BRONX,40.84884818030441,-73.90830316966321,Closed
70260650,2026-08-31T18:25:21.000,Street Condition,Pothole,,BROOKLYN,40.68186107512824,-73.98827500815095,Open
70250563,2026-08-31T18:20:09.000,Street Condition,Cave-in,323 JEFFERSON AVENUE,BROOKLYN,40.683868687736535,-73.94501490771565,In Progress
70261098,2026-08-31T18:09:23.000,Street Condition,Cave-in,112-12 202 STREET,QUEENS,40.70285146278261,-73.75396420994124,In Progress
70256583,2026-08-31T17:57:46.000,Street Condition,Blocked - Construction,343 FRANKLIN AVENUE,BROOKLYN,40.68762038666878,-73.95695416738361,In Progress
70260652,2026-08-31T17:54:33.000,Street Condition,Pothole,JEFFERSON AVENUE,BROOKLYN,,,Closed
70258086,2026-08-31T17:50:26.000,Street Condition,Cave-in,323 JEFFERSON AVENUE,BROOKLYN,40.683868687736535,-73.94501490771565,In Progress
70259609,2026-08-31T17:49:32.000,Street Condition,Cave-in,1170 AVENUE L,BROOKLYN,40.62004890292916,-73.96361486176247,In Progress
70257626,2026-08-31T17:48:15.000,Street Condition,Pothole,,MANHATTAN,40.73035038271091,-74.00820119902546,Pending
70259622,2026-08-31T17:41:44.000,Street Condition,Plate Condition - Noisy,554 19 STREET,BROOKLYN,40.65541959524658,-73.9805706093575,Closed
70257631,2026-08-31T17:34:55.000,Street Condition,Pothole,,QUEENS,40.66684164323722,-73.78940839883084,Open
70255063,2026-08-31T17:31:11.000,Street Condition,Failed Street Repair,118 AVENUE,QUEENS,40.692125192295144,-73.75540293402901,In Progress
70259606,2026-08-31T17:30:14.000,Street Condition,Failed Street Repair,900 PELHAM PARKWAY SOUTH,BRONX,40.85677792823634,-73.86177497918034,In Progress
70259631,2026-08-31T17:29:19.000,Street Condition,Cave-in,58-13 58 STREET,QUEENS,40.72043309158056,-73.91189260346549,In Progress
70251625,2026-08-31T17:28:56.000,Street Condition,Pothole,ST MARKS AVENUE,BROOKLYN,,,Closed
70251624,2026-08-31T17:26:37.000,Street Condition,Pothole,,BROOKLYN,40.67327222768557,-73.94739573863856,Closed
70252046,2026-08-31T17:26:21.000,Street Condition,Cave-in,DORMANS ROAD,QUEENS,,,In Progress
70261094,2026-08-31T17:26:02.000,Street Condition,Defective Hardware,118-34 196 STREET,QUEENS,40.69156196469851,-73.75514536749853,In Progress
70253087,2026-08-31T17:25:58.000,Street Condition,Pothole,JEFFERSON AVENUE,BROOKLYN,,,Open
70250568,2026-08-31T17:25:55.000,Street Condition,Defective Hardware,44 BEDFORD STREET,MANHATTAN,40.730358830985026,-74.00423951168777,Closed
70258102,2026-08-31T17:19:56.000,Street Condition,Dumpster - Construction Waste,109-12 131 STREET,QUEENS,40.68473599131706,-73.81225127978358,In Progress
70253094,2026-08-31T17:18:26.000,Street Condition,Pothole,,QUEENS,40.73042687106589,-73.85288331297531,Open
70250779,2026-08-31T17:03:21.000,Street Condition,"Rough, Pitted or Cracked Roads",AVENUE W,BROOKLYN,40.59550294061592,-73.94481401252055,Closed
70261090,2026-08-31T17:02:43.000,Street Condition,Blocked - Construction,MADISON AVENUE,MANHATTAN,40.74400767555111,-73.98569458106098,In Progress
70260658,2026-08-31T17:00:10.000,Street Condition,Pothole,,QUEENS,40.735730304160214,-73.893231442684,Closed
70255056,2026-08-31T16:57:57.000,Street Condition,Cave-in,18 STRONG PLACE,BROOKLYN,40.68582235263214,-73.99756616247468,Closed
70259629,2026-08-31T16:53:12.000,Street Condition,Cave-in,85 AVENUE,QUEENS,40.70279438166465,-73.83213055212143,In Progress
70257622,2026-08-31T16:44:55.000,Street Condition,Pothole,THAMES STREET,BROOKLYN,,,Closed
70256131,2026-08-31T16:42:40.000,Street Condition,Pothole,81 STREET,QUEENS,,,Closed
70257638,2026-08-31T16:40:34.000,Street Condition,Pothole,93 GIBSON AVENUE,STATEN ISLAND,40.55662702789764,-74.14915592250846,Open
70251623,2026-08-31T16:40:29.000,Street Condition,Pothole,QUENTIN ROAD,BROOKLYN,,,Open
70253090,2026-08-31T16:40:03.000,Street Condition,Pothole,,BROOKLYN,40.68415763212501,-73.96906038687393,Closed
70254561,2026-08-31T16:39:17.000,Street Condition,Pothole,,BROOKLYN,40.68415763212501,-73.96906038687393,Open
70259616,2026-08-31T16:29:05.000,Street Condition,Cave-in,435 45 STREET,BROOKLYN,40.648715401775334,-74.00873171632695,In Progress
70260649,2026-08-31T16:24:03.000,Street Condition,Pothole,BROADWAY,BROOKLYN,,,Closed
70256578,2026-08-31T16:23:38.000,Street Condition,Cave-in,MACON STREET,BROOKLYN,40.6824268238742,-73.93793128431851,Closed
70261301,2026-08-31T16:23:16.000,Street Condition,"Rough, Pitted or Cracked Roads",EDGEWATER ROAD,BRONX,40.82254395696319,-73.88502772173827,Closed
70256130,2026-08-31T16:17:28.000,Street Condition,Pothole,67 AVENUE,QUEENS,,,Open
70259614,2026-08-31T16:12:11.000,Street Condition,Cave-in,372 SCHERMERHORN STREET,BROOKLYN,40.686427141267856,-73.97946904194616,In Progress
70263449,2026-08-31T16:05:46.000,Street Condition,Pothole,1947 BAY RIDGE AVENUE,BROOKLYN,40.61494062140886,-73.98937452320402,Closed
70266110,2026-08-31T16:03:56.000,Street Condition,Pothole,2 AVENUE,BROOKLYN,,,Closed
70251634,2026-08-31T16:02:47.000,Street Condition,Pothole,45 STREET,QUEENS,,,Closed
70271517,2026-08-31T16:01:54.000,Street Condition,Pothole,203 JACKSON STREET,BROOKLYN,40.71686777947829,-73.94248056538169,Closed
70254568,2026-08-31T15:54:57.000,Street Condition,Pothole,210 STREET,QUEENS,,,Open
70252036,2026-08-31T15:49:38.000,Street Condition,Cave-in,HICKS STREET,BROOKLYN,40.69455617208386,-73.99617386684177,In Progress
70254567,2026-08-31T15:46:33.000,Street Condition,Pothole,54 AVENUE,QUEENS,,,Open
70250556,2026-08-31T15:45:55.000,Street Condition,Cave-in,QUINCY STREET,BROOKLYN,40.6891288242211,-73.93178786341335,In Progress
70252033,2026-08-31T15:42:31.000,Street Condition,Cave-in,CHRISTOPHER AVENUE,BROOKLYN,40.65864116012545,-73.90302854711184,In Progress
70255054,2026-08-31T15:41:11.000,Street Condition,Cave-in,848 EAST 48 STREET,BROOKLYN,40.640526640685515,-73.93114572514956,In Progress
70259608,2026-08-31T15:41:10.000,Street Condition,Cave-in,HEGEMAN AVENUE,BROOKLYN,40.66116171363454,-73.88879489026272,In Progress
70253085,2026-08-31T15:40:16.000,Street Condition,Pothole,HENRY HUDSON BRIDGE,BRONX,40.878163110876486,-73.9215700525966,Closed
70256592,2026-08-31T15:39:09.000,Street Condition,Cave-in,73 PLACE,QUEENS,40.71116167673269,-73.87906980500689,In Progress
70258095,2026-08-31T15:35:45.000,Street Condition,Failed Street Repair,73 PLACE,QUEENS,40.71116167673269,-73.87906980500689,In Progress
70257637,2026-08-31T15:35:41.000,Street Condition,Pothole,THOMAS STREET,STATEN ISLAND,,,Closed
70258091,2026-08-31T15:35:38.000,Street Condition,Plate Condition - Shifted,222 WEST 14 STREET,MANHATTAN,40.73891430473274,-74.00055932654452,Closed
70250103,2026-08-31T15:33:13.000,Street Condition,Pothole,,QUEENS,,,Open
70261084,2026-08-31T15:31:49.000,Street Condition,Cave-in,HALL STREET,BROOKLYN,40.68978330664298,-73.96518864613134,In Progress
70258098,2026-08-31T15:30:10.000,Street Condition,Cave-in,BELL BOULEVARD,QUEENS,40.760284575229676,-73.7693497021632,In Progress
70256581,2026-08-31T15:27:59.000,Street Condition,Cave-in,240 FOUNTAIN AVENUE,BROOKLYN,40.67416340117293,-73.87509562054038,In Progress
70255055,2026-08-31T15:21:27.000,Street Condition,Cave-in,3314 NEPTUNE AVENUE,BROOKLYN,40.57721660347594,-74.00019439039812,In Progress
70254566,2026-08-31T15:19:44.000,Street Condition,Pothole,BROOKLYN QNS EXPRESSWAY,QUEENS,,,Closed
70255046,2026-08-31T15:13:30.000,Street Condition,Defective Hardware,632 JAMAICA AVENUE,BROOKLYN,40.68603782087647,-73.88075956757707,In Progress
70255043,2026-08-31T15:13:20.000,Street Condition,Blocked - Construction,3632 WILLETT AVENUE,BRONX,40.880414769622064,-73.86600385271909,Closed
70256590,2026-08-31T15:12:07.000,Street Condition,Defective Hardware,150-62 116 AVENUE,QUEENS,40.682755446109134,-73.79218127272416,In Progress
70255068,2026-08-31T15:11:11.000,Street Condition,Cave-in,214-14 36 AVENUE,QUEENS,40.7683796462923,-73.7711267502312,In Progress
70250106,2026-08-31T15:07:26.000,Street Condition,Pothole,BRADLEY AVENUE,STATEN ISLAND,,,Open
70256119,2026-08-31T15:05:23.000,Street Condition,Pothole,BAY   32 STREET,BROOKLYN,,,Open
70253725,2026-08-31T15:00:44.000,Street Condition,"Rough, Pitted or Cracked Roads",JOHN F KENNEDY AIRPORT,QUEENS,40.64832048620134,-73.78828125130184,In Progress
70254571,2026-08-31T14:58:53.000,Street Condition,Pothole,TERRACE COURT,QUEENS,,,Closed
70250092,2026-08-31T14:51:02.000,Street Condition,Pothole,BAY    7 STREET,BROOKLYN,,,Open
70259146,2026-08-31T14:49:36.000,Street Condition,Pothole,THOMAS STREET,STATEN ISLAND,,,Open
70257636,2026-08-31T14:44:30.000,Street Condition,Pothole,LITTLE CLOVE ROAD,STATEN ISLAND,,,Open
70258092,2026-08-31T14:42:59.000,Street Condition,Cave-in,116 WEST 16 STREET,MANHATTAN,40.73899385457977,-73.99662960247464,Closed
70271516,2026-08-31T14:42:36.000,Street Condition,Pothole,823 BUSHWICK AVENUE,BROOKLYN,40.694678841858135,-73.92745118070192,Closed
70255066,2026-08-31T14:42:26.000,Street Condition,Cave-in,93-01 25 AVENUE,QUEENS,40.76415452604648,-73.87635638804203,In Progress
70263448,2026-08-31T14:41:43.000,Street Condition,Pothole,913 BROADWAY,BROOKLYN,40.6976539937603,-73.93643490809335,Closed
70264790,2026-08-31T14:40:46.000,Street Condition,Pothole,1401 MYRTLE AVENUE,BROOKLYN,40.69858286109524,-73.92058760387927,Closed
70255061,2026-08-31T14:40:21.000,Street Condition,Cave-in,230 AVENUE B,MANHATTAN,40.72923698114627,-73.97817860826756,Closed
70263447,2026-08-31T14:39:42.000,Street Condition,Pothole,1452 MYRTLE AVENUE,BROOKLYN,40.698972598851554,-73.91667780422216,Closed
70267488,2026-08-31T14:38:38.000,Street Condition,Pothole,76-12 88 AVENUE,QUEENS,40.689489720046765,-73.86492715501885,Closed
70260645,2026-08-31T14:38:11.000,Street Condition,Pothole,,BRONX,40.82539670614824,-73.88327759218794,Open
70256129,2026-08-31T14:37:46.000,Street Condition,Pothole,,QUEENS,40.744027466141794,-73.7176261930003,Open
70268835,2026-08-31T14:32:53.000,Street Condition,Pothole,1597 EAST   36 STREET,BROOKLYN,40.616549797758985,-73.93891103563543,Closed
70256589,2026-08-31T14:32:28.000,Street Condition,Failed Street Repair,89-26 PONTIAC STREET,QUEENS,40.729127015461025,-73.73414202243707,In Progress
70264789,2026-08-31T14:31:59.000,Street Condition,Pothole,BASSETT AVENUE,BROOKLYN,,,Closed
70254558,2026-08-31T14:29:33.000,Street Condition,Pothole,,BRONX,40.798577952177766,-73.91088261375903,Closed
70253084,2026-08-31T14:28:21.000,Street Condition,Pothole,,BRONX,40.80213229040411,-73.90729476365911,Closed
70252027,2026-08-31T14:26:31.000,Street Condition,Cave-in,EAST 222 STREET,BRONX,40.88569315009606,-73.86163891179699,Closed
70261305,2026-08-31T14:19:27.000,Street Condition,"Rough, Pitted or Cracked Roads",232-16 87 AVENUE,QUEENS,40.73138714340748,-73.73704840424669,Closed
70260648,2026-08-31T14:17:32.000,Street Condition,Pothole,,BROOKLYN,40.66797515538532,-73.98730056986984,Open
70263455,2026-08-31T14:13:58.000,Street Condition,Pothole,42 HORATIO STREET,MANHATTAN,40.73874402207733,-74.00501949184165,Closed
70251620,2026-08-31T14:13:55.000,Street Condition,Pothole,BRADY AVENUE,BRONX,,,Closed
70259129,2026-08-31T14:09:02.000,Street Condition,Pothole,PARKSIDE PLACE,BRONX,,,Open
70256116,2026-08-31T14:06:07.000,Street Condition,Pothole,EAST  165 STREET,BRONX,,,Closed
70257630,2026-08-31T14:00:09.000,Street Condition,Pothole,AUSTIN STREET,QUEENS,,,Closed
70252041,2026-08-31T13:54:17.000,Street Condition,Blocked - Construction,3 AVENUE,MANHATTAN,40.76718457129881,-73.96246950211095,In Progress
70253097,2026-08-31T13:51:08.000,Street Condition,Pothole,,QUEENS,40.789183170789,-73.83816748511356,Closed
70253511,2026-08-31T13:51:03.000,Street Condition,Line/Marking - After Repaving,63 DRIVE,QUEENS,40.732948382148976,-73.85216331434174,In Progress
70252031,2026-08-31T13:41:41.000,Street Condition,Defective Hardware,605 EAST 53 STREET,BROOKLYN,40.64475909209298,-73.9266910753237,In Progress
70252042,2026-08-31T13:37:01.000,Street Condition,Blocked - Construction,185 EAST 109 STREET,MANHATTAN,40.793663608165346,-73.94365657910667,Closed
70259625,2026-08-31T13:33:34.000,Street Condition,Cave-in,195 STREET,QUEENS,40.68890626917336,-73.7544447640012,In Progress
70250091,2026-08-31T13:32:45.000,Street Condition,Pothole,,BROOKLYN,40.69811675109303,-73.97753243839242,Open
70256585,2026-08-31T13:29:50.000,Street Condition,Cave-in,EAST 28 STREET,MANHATTAN,40.744680327141786,-73.98729677522071,In Progress
70253529,2026-08-31T13:29:20.000,Street Condition,Cave-in,77 STREET,QUEENS,40.68767960541315,-73.86381663263904,Closed
70260655,2026-08-31T13:25:45.000,Street Condition,Pothole,,QUEENS,40.66632221623464,-73.8503392483744,Closed
70256115,2026-08-31T13:21:20.000,Street Condition,Pothole,EAST TREMONT AVENUE,BRONX,,,Open
70261303,2026-08-31T13:19:14.000,Street Condition,"Rough, Pitted or Cracked Roads",EAST 71 STREET,MANHATTAN,40.766166044915856,-73.95424641563656,Closed
70258105,2026-08-31T13:17:22.000,Street Condition,Defective Hardware,310 CLARKE AVENUE,STATEN ISLAND,40.56843958505622,-74.14135010374098,Closed
70253527,2026-08-31T13:11:41.000,Street Condition,Defective Hardware,WEST 86 STREET,MANHATTAN,40.78648556883817,-73.97217258063515,Closed
70256570,2026-08-31T13:02:37.000,Street Condition,Plate Condition - Noisy,247 BAY 11 STREET,BROOKLYN,40.60531158421842,-74.0134653992733,In Progress
70258104,2026-08-31T13:00:41.000,Street Condition,Plate Condition - Anti-Skid,3 NORWICH STREET,STATEN ISLAND,40.59485896996132,-74.14083710679714,Closed
70258097,2026-08-31T12:57:40.000,Street Condition,Cave-in,LEFFERTS BOULEVARD,QUEENS,40.70279438166465,-73.83213055212143,In Progress
70255062,2026-08-31T12:49:35.000,Street Condition,Plate Condition - Noisy,MATHIAS AVENUE,QUEENS,40.69082945193786,-73.78705727115488,In Progress
70256594,2026-08-31T12:45:16.000,Street Condition,Defective Hardware,3666 RICHMOND AVENUE,STATEN ISLAND,40.548340410058714,-74.16711439411564,Closed
70257625,2026-08-31T12:43:43.000,Street Condition,Pothole,ST NICHOLAS AVENUE,MANHATTAN,,,Open
70256128,2026-08-31T12:40:23.000,Street Condition,Pothole,FRANCIS LEWIS BOULEVARD,QUEENS,,,Open
70250574,2026-08-31T12:39:04.000,Street Condition,Plate Condition - Noisy,160-60 CLAUDE AVENUE,QUEENS,40.690962971332084,-73.78801603377495,In Progress
70250575,2026-08-31T12:38:02.000,Street Condition,Defective Hardware,116-61 FRANCIS LEWIS BOULEVARD,QUEENS,40.6964834863809,-73.74633519099201,In Progress
70251629,2026-08-31T12:30:18.000,Street Condition,Pothole,HALSEY STREET,BROOKLYN,,,Closed
70250562,2026-08-31T12:27:03.000,Street Condition,Cave-in,2940 BRIGHTON 12 STREET,BROOKLYN,40.58086424891321,-73.95598256836115,In Progress
70253522,2026-08-31T12:23:17.000,Street Condition,Failed Street Repair,204 EAST 80 STREET,MANHATTAN,40.77479085360934,-73.95640318103764,Closed
70250580,2026-08-31T12:20:30.000,Street Condition,Cave-in,24-01 93 STREET,QUEENS,40.76567556009777,-73.87677232566529,Closed
70257621,2026-08-31T12:19:44.000,Street Condition,Pothole,HALSEY STREET,BROOKLYN,,,Open
70254572,2026-08-31T12:11:08.000,Street Condition,Pothole,FOREST AVENUE,STATEN ISLAND,,,Open
70261089,2026-08-31T12:10:43.000,Street Condition,Cave-in,535 WEST 51 STREET,MANHATTAN,40.76594160283005,-73.99281605475673,Closed
70252037,2026-08-31T12:10:19.000,Street Condition,Cave-in,332 HALSEY STREET,BROOKLYN,40.68288923816517,-73.94037540155794,In Progress
70259128,2026-08-31T12:05:21.000,Street Condition,Pothole,NETHERLAND AVENUE,BRONX,,,Open
70254560,2026-08-31T12:04:58.000,Street Condition,Pothole,WALLABOUT STREET,BROOKLYN,,,Closed
70259819,2026-08-31T12:00:32.000,Street Condition,"Rough, Pitted or Cracked Roads",21-36 80 STREET,QUEENS,40.77006672650112,-73.88990911907412,Closed
70255042,2026-08-31T11:57:33.000,Street Condition,Cave-in,224 WEST 238 STREET,BRONX,40.88486535154945,-73.89989941671465,In Progress
70257629,2026-08-31T11:56:06.000,Street Condition,Pothole,76 STREET,QUEENS,,,Open
70256580,2026-08-31T11:55:53.000,Street Condition,Cave-in,SOUTH 8 STREET,BROOKLYN,,,In Progress
70259147,2026-08-31T11:53:49.000,Street Condition,Pothole,2013 CLOVE ROAD,STATEN ISLAND,40.605080599152934,-74.08496246299333,Open
70258100,2026-08-31T11:52:52.000,Street Condition,Cave-in,21-59 78 STREET,QUEENS,40.76955514744633,-73.89168980391183,In Progress
70257628,2026-08-31T11:47:21.000,Street Condition,Pothole,175 PLACE,QUEENS,,,Open
70261087,2026-08-31T11:46:02.000,Street Condition,Cave-in,2201 NEPTUNE AVENUE,BROOKLYN,40.578467764436105,-73.98961431841694,Closed
70250090,2026-08-31T11:43:12.000,Street Condition,Pothole,NEPTUNE AVENUE,BROOKLYN,,,Open
70253530,2026-08-31T11:42:02.000,Street Condition,Cave-in,21-36 80 STREET,QUEENS,40.77006672650112,-73.88990911907412,In Progress
70252050,2026-08-31T11:41:29.000,Street Condition,Blocked - Construction,62-41 69 STREET,QUEENS,40.71664437449161,-73.88862295753546,In Progress
70250566,2026-08-31T11:41:11.000,Street Condition,Cave-in,3314 NEPTUNE AVENUE,BROOKLYN,40.57721660347594,-74.00019439039812,In Progress
70255280,2026-08-31T11:37:37.000,Street Condition,"Rough, Pitted or Cracked Roads",60-01 30 AVENUE,QUEENS,40.75938232983942,-73.90312373112573,Closed
70253086,2026-08-31T11:36:53.000,Street Condition,Pothole,NEPTUNE AVENUE,BROOKLYN,,,Open
70255060,2026-08-31T11:36:01.000,Street Condition,Failed Street Repair,EAST 72 STREET,MANHATTAN,40.768797068314726,-73.95836382115831,In Progress
70255067,2026-08-31T11:35:44.000,Street Condition,Cave-in,60-01 30 AVENUE,QUEENS,40.75938232983942,-73.90312373112573,In Progress
70259132,2026-08-31T11:35:17.000,Street Condition,Pothole,STRONG PLACE,BROOKLYN,,,Closed
70250105,2026-08-31T11:33:45.000,Street Condition,Pothole,WAIMER PLACE,STATEN ISLAND,,,Open
70252048,2026-08-31T11:32:51.000,Street Condition,Cave-in,56-04 208 STREET,QUEENS,40.74887093330478,-73.77024818750552,In Progress
70250565,2026-08-31T11:30:10.000,Street Condition,Cave-in,364 HALSEY STREET,BROOKLYN,40.682990333594226,-73.9394919555954,In Progress
70252043,2026-08-31T11:28:22.000,Street Condition,Cave-in,HENSHAW STREET,MANHATTAN,40.867257972282935,-73.92934182920582,Closed
70252025,2026-08-31T11:28:11.000,Street Condition,Cave-in,WHITEPLAINS ROAD,BRONX,40.834420937557795,-73.86295975658919,Closed
70259145,2026-08-31T11:28:09.000,Street Condition,Pothole,,QUEENS,40.66023979907147,-73.83243948196912,Closed
70254563,2026-08-31T11:27:31.000,Street Condition,Pothole,WEST   35 STREET,MANHATTAN,,,Closed
70250567,2026-08-31T11:27:18.000,Street Condition,Blocked - Construction,LIBERTY AVENUE,BROOKLYN,40.67357469898414,-73.90207673770824,In Progress
69888333,2026-07-29T09:24:00.000,Water System,Leak (Use Comments) (WA2),,BROOKLYN,40.573014143139076,-73.99382669336302,Open
69877080,2026-07-28T23:40:00.000,Water System,Hydrant Running (WC3),2400 WEBB AVENUE,BRONX,40.863663393236685,-73.90743675463662,Closed
69874123,2026-07-28T20:28:00.000,Water System,Hydrant Running Full (WA4),1065 SIMPSON STREET,BRONX,40.825137112502716,-73.89295429666134,Closed
69874138,2026-07-28T20:20:00.000,Water System,Possible Water Main Break (Use Comments) (WA1),,BROOKLYN,40.69182361576746,-73.92222917735744,Closed
69877099,2026-07-28T19:50:00.000,Water System,Possible Water Main Break (Use Comments) (WA1),305 8 AVENUE,BROOKLYN,40.66926071150516,-73.97628048209764,Closed
69872686,2026-07-28T19:47:00.000,Water System,Leak (Use Comments) (WA2),,MANHATTAN,40.80574270990699,-73.94275414524256,Closed
69875576,2026-07-28T19:47:00.000,Water System,Hydrant Running (WC3),1662 WOODBINE STREET,QUEENS,40.700490020437854,-73.90886066488419,Closed
69874112,2026-07-28T19:37:00.000,Water System,Hydrant Running (WC3),,BRONX,40.87245206131356,-73.87806415924757,Closed
69877081,2026-07-28T19:27:00.000,Water System,Hydrant Running (WC3),,BROOKLYN,40.688774933300735,-73.94789193251222,Closed
69878548,2026-07-28T19:12:00.000,Water System,Hydrant Leaking (WC1),701 CARROLL STREET,BROOKLYN,40.67378440582189,-73.97780019783875,Closed
69872669,2026-07-28T19:06:00.000,Water System,Hydrant Leaking (WC1),132-09 MAPLE AVENUE,QUEENS,40.753921282188585,-73.83229406924167,Closed
69871170,2026-07-28T19:03:00.000,Water System,Hydrant Running (WC3),225 6 AVENUE,BROOKLYN,40.67470677293904,-73.97844520092033,Closed
69871160,2026-07-28T19:00:00.000,Water System,Hydrant Defective (WC2),240 AUTUMN AVENUE,BROOKLYN,40.6845554122188,-73.87039245422032,Closed
69879980,2026-07-28T18:59:00.000,Water System,Hydrant Running (WC3),CLIFTON PLACE,BROOKLYN,,,Closed
69871187,2026-07-28T18:52:00.000,Water System,Possible Water Main Break (Use Comments) (WA1),1898 LONGFELLOW AVENUE,BRONX,40.83893541702122,-73.88232504389367,Closed
69872674,2026-07-28T18:38:00.000,Water System,Hydrant Running (WC3),780 RIVERSIDE DRIVE,MANHATTAN,40.83420797158663,-73.94809965222906,Closed
69871161,2026-07-28T18:21:00.000,Water System,Hydrant Defective (WC2),,QUEENS,40.77031858807693,-73.87077791712107,Closed
69871162,2026-07-28T18:17:00.000,Water System,Hydrant Defective (WC2),132-56 CROSS BAY BOULEVARD,QUEENS,40.67527456169404,-73.84330719964545,Closed
69878542,2026-07-28T18:07:00.000,Water System,Hydrant Defective (WC2),64-11 WOODHAVEN BOULEVARD,QUEENS,40.72119887700719,-73.86629871596338,Closed
69877071,2026-07-28T18:05:00.000,Water System,Hydrant Defective (WC2),75-83 YELLOWSTONE BOULEVARD,QUEENS,40.71405961555577,-73.85927896325386,Closed
69871188,2026-07-28T18:03:00.000,Water System,Possible Water Main Break (Use Comments) (WA1),1900 LONGFELLOW AVENUE,BRONX,40.83896831293822,-73.88228523183128,Closed
69878564,2026-07-28T17:08:00.000,Water System,Hydrant Running Full (WA4),135-25 140 STREET,QUEENS,40.667691590215234,-73.79807145041073,Closed
69871177,2026-07-28T17:04:00.000,Water System,Hydrant Running Full (WA4),74-01 QUEENS BOULEVARD,QUEENS,40.73908365231755,-73.88953450169188,Closed
69877076,2026-07-28T16:59:00.000,Water System,Hydrant Leaking (WC1),315 8 AVENUE,BROOKLYN,40.66921954728183,-73.9763165446147,Closed
69878569,2026-07-28T16:56:00.000,Water System,Possible Water Main Break (Use Comments) (WA1),221-28 112 ROAD,QUEENS,40.70472706803188,-73.73580465044931,Closed
69871171,2026-07-28T16:44:00.000,Water System,Hydrant Running (WC3),225 6 AVENUE,BROOKLYN,40.67470677293904,-73.97844520092033,Closed
69878567,2026-07-28T16:39:00.000,Water System,Leak (Use Comments) (WA2),68-28 EXETER STREET,QUEENS,40.719131198456964,-73.85211820574793,Closed
69871178,2026-07-28T16:14:00.000,Water System,Hydrant Running Full (WA4),2566 7 AVENUE,MANHATTAN,40.82380848577038,-73.93751035676956,Closed
69872679,2026-07-28T16:03:00.000,Water System,Hydrant Running Full (WA4),1039 SIMPSON STREET,BRONX,40.82453602352975,-73.89295887683481,Closed
69879988,2026-07-28T15:59:00.000,Water System,Hydrant Running Full (WA4),4502 AVENUE K,BROOKLYN,40.62553527207828,-73.93227073905791,Closed
69872680,2026-07-28T15:48:00.000,Water System,Hydrant Running Full (WA4),100 EAST  110 STREET,MANHATTAN,40.79536911854813,-73.94581127231439,Closed
69869636,2026-07-28T15:48:00.000,Water System,Possible Water Main Break (Use Comments) (WA1),2858 BRIGGS AVENUE,BRONX,40.86936942856463,-73.88858771120242,Started
69878568,2026-07-28T15:47:00.000,Water System,Leak (Use Comments) (WA2),15-66 WATERS EDGE DRIVE,QUEENS,40.786510456287694,-73.77621753576656,Closed
69879995,2026-07-28T15:20:00.000,Water System,Possible Water Main Break (Use Comments) (WA1),68-18 EXETER STREET,QUEENS,40.71921382819521,-73.8523416872096,Closed
69871172,2026-07-28T15:18:00.000,Water System,Hydrant Running (WC3),780 RIVERSIDE DRIVE,MANHATTAN,40.83420797158663,-73.94809965222906,Closed
69872687,2026-07-28T15:14:00.000,Water System,Leak (Use Comments) (WA2),68-27 EXETER STREET,QUEENS,40.71916143709916,-73.85215421359335,Closed
69871179,2026-07-28T15:09:00.000,Water System,Hydrant Running Full (WA4),59 AUDUBON AVENUE,MANHATTAN,40.84062574358813,-73.93825351585303,Closed
69878551,2026-07-28T15:01:00.000,Water System,Hydrant Running (WC3),635 WEST  174 STREET,MANHATTAN,40.84556385759401,-73.9389754154197,Closed
69879975,2026-07-28T14:58:00.000,Water System,Hydrant Leaking (WC1),,MANHATTAN,40.735505019023954,-74.00837142703452,Closed
69874133,2026-07-28T14:54:00.000,Water System,Leak (Use Comments) (WA2),93-17 71 DRIVE,QUEENS,40.709026890401496,-73.84936327400385,Closed
69872011,2026-07-28T14:51:00.000,Water System,No Water (WNW),90-28 80 STREET,QUEENS,40.68723985079482,-73.86102666763009,Closed
69872670,2026-07-28T14:49:00.000,Water System,Hydrant Leaking (WC1),93-17 71 DRIVE,QUEENS,40.709026890401496,-73.84936327400385,Closed
69877089,2026-07-28T14:45:00.000,Water System,Hydrant Running Full (WA4),,QUEENS,40.747891920593744,-73.90534917685362,Closed
69871180,2026-07-28T14:44:00.000,Water System,Hydrant Running Full (WA4),58-07 39 AVENUE,QUEENS,40.74780928402172,-73.90499199907555,Closed
69874139,2026-07-28T14:25:00.000,Water System,Possible Water Main Break (Use Comments) (WA1),8852 16 AVENUE,BROOKLYN,40.604842309028875,-74.012719833089,Closed
69874108,2026-07-28T14:03:00.000,Water System,Hydrant Leaking (WC1),225 6 AVENUE,BROOKLYN,40.67470677293904,-73.97844520092033,Closed
69874109,2026-07-28T13:47:00.000,Water System,Hydrant Leaking (WC1),57 WEST   58 STREET,MANHATTAN,40.764520196364096,-73.97552817786556,Closed
69869692,2026-07-28T13:43:00.000,Water System,Hydrant Defective (WC2),1600 EAST   26 STREET,BROOKLYN,40.6118716169304,-73.94792674927002,Closed
69875574,2026-07-28T13:42:00.000,Water System,Hydrant Leaking (WC1),1600 EAST   26 STREET,BROOKLYN,40.6118716169304,-73.94792674927002,Closed
69878552,2026-07-28T13:23:00.000,Water System,Hydrant Running (WC3),572 GREENE AVENUE,BROOKLYN,40.68886238906851,-73.9470661244577,Closed
69874124,2026-07-28T13:20:00.000,Water System,Hydrant Running Full (WA4),,BROOKLYN,40.62553261844095,-73.93242564620708,Closed
69871163,2026-07-28T13:13:00.000,Water System,Hydrant Defective (WC2),4502 AVENUE K,BROOKLYN,40.62553527207828,-73.93227073905791,Closed
69872681,2026-07-28T13:12:00.000,Water System,Hydrant Running Full (WA4),,BROOKLYN,40.62553261844095,-73.93242564620708,Closed
69878553,2026-07-28T13:11:00.000,Water System,Hydrant Running (WC3),57 AUDUBON AVENUE,MANHATTAN,40.84057086877178,-73.93828970751925,Closed
69878554,2026-07-28T13:06:00.000,Water System,Hydrant Running (WC3),225 6 AVENUE,BROOKLYN,40.67470677293904,-73.97844520092033,Closed
69877079,2026-07-28T13:06:00.000,Water System,Hydrant Running (WC3),999 COLUMBUS AVENUE,MANHATTAN,40.80126283185941,-73.96139199036973,Assigned
69875570,2026-07-28T13:04:00.000,Water System,Hydrant Defective (WC2),,MANHATTAN,40.74524269734116,-73.98479209057659,Closed
69871181,2026-07-28T12:52:00.000,Water System,Hydrant Running Full (WA4),,BROOKLYN,40.688774933300735,-73.94789193251222,Closed
69871167,2026-07-28T12:49:00.000,Water System,Hydrant Leaking (WC1),3811 AVENUE P,BROOKLYN,40.617325549449475,-73.93701207899774,Closed
69874113,2026-07-28T12:45:00.000,Water System,Hydrant Running (WC3),,QUEENS,40.747891920593744,-73.90534917685362,Closed
69871182,2026-07-28T12:45:00.000,Water System,Hydrant Running Full (WA4),,BROOKLYN,40.62553261844095,-73.93242564620708,Closed
69874125,2026-07-28T12:43:00.000,Water System,Hydrant Running Full (WA4),234 6 AVENUE,BROOKLYN,40.67427041404879,-73.97876979741896,Closed
69877094,2026-07-28T12:36:00.000,Water System,Leak (Use Comments) (WA2),1425 KINGS HIGHWAY,BROOKLYN,40.608508194435615,-73.9588815646739,Closed
69874104,2026-07-28T12:35:00.000,Water System,Dirty Water (WE),233 EAST  176 STREET,BRONX,40.84747617331055,-73.90533398334665,Closed
69875577,2026-07-28T12:27:00.000,Water System,Hydrant Running (WC3),2161 POWELL AVENUE,BRONX,40.83113773488446,-73.85145370117881,Closed
69869703,2026-07-28T12:16:00.000,Water System,Hydrant Running Full (WA4),3645 BRUCKNER BOULEVARD,BRONX,40.85156036592125,-73.8272475994099,Closed
69874110,2026-07-28T12:14:00.000,Water System,Hydrant Leaking (WC1),394 LENOX ROAD,BROOKLYN,40.654382167643746,-73.94633304160959,Closed
69872682,2026-07-28T11:50:00.000,Water System,Hydrant Running Full (WA4),780 RIVERSIDE DRIVE,MANHATTAN,40.83420797158663,-73.94809965222906,Closed
69878546,2026-07-28T11:45:00.000,Water System,Hydrant Knocked Over/Missing (WC),71-01 PARSONS BOULEVARD,QUEENS,40.73009934988612,-73.81090754397326,Closed
69877100,2026-07-28T11:37:00.000,Water System,Possible Water Main Break (Use Comments) (WA1),56 WEST  124 STREET,MANHATTAN,40.80655885707441,-73.94472933116118,Closed
69880814,2026-07-28T11:31:00.000,Water System,No Water (WNW),134-47 173 STREET,QUEENS,40.673613401707456,-73.76818940088788,Closed
69871183,2026-07-28T11:29:00.000,Water System,Hydrant Running Full (WA4),87 2 AVENUE,MANHATTAN,40.72687528138601,-73.9889273350952,Closed
69875590,2026-07-28T11:15:00.000,Water System,Leak (Use Comments) (WA2),254A MONROE STREET,BROOKLYN,40.68564090794101,-73.94901574680948,Open
69875578,2026-07-28T11:02:00.000,Water System,Hydrant Running (WC3),2523 7 AVENUE,MANHATTAN,40.82245310905048,-73.93846548516149,Closed
69871168,2026-07-28T10:47:00.000,Water System,Hydrant Leaking (WC1),,BROOKLYN,40.67417161211275,-73.97882390470171,Closed
69869698,2026-07-28T10:29:00.000,Water System,Hydrant Running (WC3),450 57 STREET,BROOKLYN,40.64183351602783,-74.0154870187059,Closed
69880815,2026-07-28T10:29:00.000,Water System,No Water (WNW),964 MADISON STREET,BROOKLYN,40.68879132219137,-73.91922904330669,Closed
69879989,2026-07-28T10:25:00.000,Water System,Hydrant Running Full (WA4),1085 BEACH AVENUE,BRONX,40.827364319404005,-73.86533020042144,Closed
69873494,2026-07-28T10:25:00.000,Water System,No Water (WNW),1110 LIBERTY AVENUE,BROOKLYN,40.67850093631515,-73.86841409886063,Closed
69875583,2026-07-28T10:17:00.000,Water System,Hydrant Running Full (WA4),1085 BEACH AVENUE,BRONX,40.827364319404005,-73.86533020042144,Closed
69879981,2026-07-28T10:11:00.000,Water System,Hydrant Running (WC3),573 WEST  191 STREET,MANHATTAN,40.85537028371638,-73.92870016530128,Closed
69878547,2026-07-28T09:59:00.000,Water System,Hydrant Knocked Over/Missing (WC),5515 7 AVENUE,BROOKLYN,40.63949839704049,-74.00896111390016,Closed
69875592,2026-07-28T09:59:00.000,Water System,Possible Water Main Break (Use Comments) (WA1),40-04 249 STREET,QUEENS,40.77269374273628,-73.74222509135824,Closed
69879982,2026-07-28T09:55:00.000,Water System,Hydrant Running (WC3),225 6 AVENUE,BROOKLYN,40.67470677293904,-73.97844520092033,Closed
69877095,2026-07-28T09:54:00.000,Water System,Leak (Use Comments) (WA2),56 WEST  124 STREET,MANHATTAN,40.80655885707441,-73.94472933116118,Closed
69874134,2026-07-28T09:45:00.000,Water System,Leak (Use Comments) (WA2),,QUEENS,40.71958186537548,-73.75832888227261,Closed
69877082,2026-07-28T09:40:00.000,Water System,Hydrant Running (WC3),3972 WHITE PLAINS ROAD,BRONX,40.887692661199054,-73.86050274226632,Closed
69874126,2026-07-28T09:40:00.000,Water System,Hydrant Running Full (WA4),252 SOUTH    3 STREET,BROOKLYN,40.710676635176995,-73.95750918885847,Closed
69870540,2026-07-28T09:35:00.000,Water System,No Water (WNW),134-40 173 STREET,QUEENS,40.67365739785119,-73.76822890341116,Closed
69875579,2026-07-28T09:16:00.000,Water System,Hydrant Running (WC3),1165 GERARD AVENUE,BRONX,40.83453007332443,-73.92082646479665,Closed
69873495,2026-07-28T09:15:00.000,Water System,No Water (WNW),134-52 173 STREET,QUEENS,40.673561258422126,-73.76819318715846,Closed
69869704,2026-07-28T09:10:00.000,Water System,Hydrant Running Full (WA4),235 EAST   87 STREET,MANHATTAN,40.7788622781213,-73.9519629359416,Closed
69874114,2026-07-28T09:04:00.000,Water System,Hydrant Running (WC3),331 CLIFTON PLACE,BROOKLYN,40.689267276700654,-73.95021733527129,Closed
69878565,2026-07-28T08:57:00.000,Water System,Hydrant Running Full (WA4),,MANHATTAN,40.77855182275575,-73.95124823993245,Closed
69875580,2026-07-28T08:57:00.000,Water System,Hydrant Running (WC3),3986 WHITE PLAINS ROAD,BRONX,40.888153470282546,-73.8602558421546,Closed
69875581,2026-07-28T08:50:00.000,Water System,Hydrant Running (WC3),60-19 60 ROAD,QUEENS,40.715868676103355,-73.90513853336292,Closed
69872683,2026-07-28T08:48:00.000,Water System,Hydrant Running Full (WA4),271 VAN SICLEN AVENUE,BROOKLYN,40.67338582995605,-73.89047607545501,Closed
69871173,2026-07-28T08:46:00.000,Water System,Hydrant Running (WC3),,BROOKLYN,40.6496005657744,-73.96790880433315,Closed
69869699,2026-07-28T08:45:00.000,Water System,Hydrant Running (WC3),580 GREENE AVENUE,BROOKLYN,40.68892252896219,-73.94653601624593,Closed
69877083,2026-07-28T08:40:00.000,Water System,Hydrant Running (WC3),763 OCEAN PARKWAY,BROOKLYN,40.629723771809715,-73.97150660606046,Closed
69879976,2026-07-28T08:38:00.000,Water System,Hydrant Leaking (WC1),1600 EAST   26 STREET,BROOKLYN,40.6118716169304,-73.94792674927002,Closed
69880816,2026-07-28T08:37:00.000,Water System,No Water (WNW),56 FROST STREET,BROOKLYN,40.717598546121856,-73.94975607052278,Closed
69878555,2026-07-28T08:37:00.000,Water System,Hydrant Running (WC3),2524 ALBEMARLE ROAD,BROOKLYN,40.64795971753323,-73.95341575581875,Closed
69879990,2026-07-28T08:34:00.000,Water System,Hydrant Running Full (WA4),327 CLIFTON PLACE,BROOKLYN,40.68925360271115,-73.9503327333636,Closed
69879983,2026-07-28T08:33:00.000,Water System,Hydrant Running (WC3),233 6 AVENUE,BROOKLYN,40.67445428593463,-73.97861832591728,Closed
69877096,2026-07-28T08:33:00.000,Water System,Leak (Use Comments) (WA2),305 8 AVENUE,BROOKLYN,40.66926071150516,-73.97628048209764,Closed
69878556,2026-07-28T08:28:00.000,Water System,Hydrant Running (WC3),4099 BROADWAY,MANHATTAN,40.8446360934553,-73.93887506627999,Closed
69872684,2026-07-28T08:15:00.000,Water System,Hydrant Running Full (WA4),301 EAST   87 STREET,MANHATTAN,40.7784858725796,-73.95106775304858,Closed
69874127,2026-07-28T08:11:00.000,Water System,Hydrant Running Full (WA4),,QUEENS,40.747891920593744,-73.90534917685362,Closed
69878543,2026-07-28T08:01:00.000,Water System,Hydrant Defective (WC2),,BROOKLYN,40.64601746542372,-74.00578367231263,Closed
69874111,2026-07-28T07:58:00.000,Water System,Hydrant Leaking (WC1),,BROOKLYN,40.67417161211275,-73.97882390470171,Closed
69869695,2026-07-28T07:45:00.000,Water System,Hydrant Leaking (WC1),,MANHATTAN,40.81977057423681,-73.93671930087815,Closed
69876391,2026-07-28T07:42:00.000,Water System,No Water (WNW),646 LORIMER STREET,BROOKLYN,40.716237124785366,-73.9497102015009,Closed
69877084,2026-07-28T07:40:00.000,Water System,Hydrant Running (WC3),27 ARGYLE ROAD,BROOKLYN,40.648829237411725,-73.96775061313772,Closed
69878549,2026-07-28T07:34:00.000,Water System,Hydrant Leaking (WC1),,BROOKLYN,40.67417161211275,-73.97882390470171,Closed
69874115,2026-07-28T07:33:00.000,Water System,Hydrant Running (WC3),2002 ELLIS AVENUE,BRONX,40.831825724948985,-73.85723392905987,Closed
69877090,2026-07-28T07:32:00.000,Water System,Hydrant Running Full (WA4),,MANHATTAN,40.82450977848781,-73.9518504924377,Closed
69878570,2026-07-28T07:30:00.000,Water System,Possible Water Main Break (Use Comments) (WA1),666 WASHINGTON AVENUE,BROOKLYN,40.67820544523195,-73.96384992257471,Closed
69871184,2026-07-28T07:19:00.000,Water System,Hydrant Running Full (WA4),,BRONX,40.838334239843086,-73.91691886882532,Closed
69876392,2026-07-28T07:14:00.000,Water System,No Water (WNW),602 LORIMER STREET,BROOKLYN,40.71499640472199,-73.94950913084614,Closed
69876393,2026-07-28T06:56:00.000,Water System,No Water (WNW),624 LORIMER STREET,BROOKLYN,40.71566068572367,-73.94962045393255,Closed
69872688,2026-07-28T06:46:00.000,Water System,Leak (Use Comments) (WA2),,BROOKLYN,40.67920428144961,-73.95529393829852,Closed
69879977,2026-07-28T06:18:00.000,Water System,Hydrant Leaking (WC1),,BROOKLYN,40.67417161211275,-73.97882390470171,Closed
69875584,2026-07-28T06:17:00.000,Water System,Hydrant Running Full (WA4),38-63 58 STREET,QUEENS,40.74813884987881,-73.90522972703833,Closed
69877072,2026-07-28T05:59:00.000,Water System,Hydrant Defective (WC2),,BROOKLYN,40.64601746542372,-74.00578367231263,Closed
69874128,2026-07-28T02:35:00.000,Water System,Hydrant Running Full (WA4),41-43 52 STREET,QUEENS,40.74558076245781,-73.91218053964873,Closed
69874129,2026-07-28T02:25:00.000,Water System,Hydrant Running Full (WA4),41-43 52 STREET,QUEENS,40.74558076245781,-73.91218053964873,Closed
69869705,2026-07-28T02:25:00.000,Water System,Hydrant Running Full (WA4),41-28 57 STREET,QUEENS,40.74496245141059,-73.9077207693007,Closed
69879991,2026-07-28T02:22:00.000,Water System,Hydrant Running Full (WA4),41-28 52 STREET,QUEENS,40.74559724470313,-73.91219856253286,Closed
69873496,2026-07-28T02:09:00.000,Water System,No Water (WNW),41-22 52 STREET,QUEENS,40.74560547894721,-73.91219855168086,Closed
69878557,2026-07-28T01:55:00.000,Water System,Hydrant Running (WC3),41-43 52 STREET,QUEENS,40.74558076245781,-73.91218053964873,Closed
69876394,2026-07-28T01:39:00.000,Water System,No Water (WNW),41-42 52 STREET,QUEENS,40.745583523714075,-73.9122021895373,Closed
69879984,2026-07-28T01:26:00.000,Water System,Hydrant Running (WC3),2N D AVENUE,MANHATTAN,40.72003115704984,-73.97867224729696,Closed
69874116,2026-07-28T01:08:00.000,Water System,Hydrant Running (WC3),,QUEENS,40.747891920593744,-73.90534917685362,Closed
69877073,2026-07-28T00:58:00.000,Water System,Hydrant Defective (WC2),,QUEENS,40.747891920593744,-73.90534917685362,Closed
69872675,2026-07-28T00:57:00.000,Water System,Hydrant Running (WC3),278 FOUNTAIN AVENUE,BROOKLYN,40.67307616563631,-73.87481646670307,Closed
69879985,2026-07-28T00:57:00.000,Water System,Hydrant Running (WC3),,QUEENS,40.747891920593744,-73.90534917685362,Closed
69873497,2026-07-28T00:48:00.000,Water System,No Water (WNW),653 BEACH   67 STREET,QUEENS,40.59844903337663,-73.79673603865724,Closed
69879986,2026-07-28T00:36:00.000,Water System,Hydrant Running (WC3),2400 WEBB AVENUE,BRONX,40.863663393236685,-73.90743675463662,Closed
69874117,2026-07-28T00:00:00.000,Water System,Hydrant Running (WC3),113 WEST   24 STREET,MANHATTAN,40.74385738904607,-73.99298444208085,Closed
69861426,2026-07-27T23:48:00.000,Water System,Possible Water Main Break (Use Comments) (WA1),558 WEST  113 STREET,MANHATTAN,40.80570752599113,-73.96444892856718,Open
69861414,2026-07-27T23:27:00.000,Water System,Hydrant Running Full (WA4),,QUEENS,40.747891920593744,-73.90534917685362,Closed
69859993,2026-07-27T23:17:00.000,Water System,Hydrant Running Full (WA4),245 EAST   87 STREET,MANHATTAN,40.778894916233135,-73.95125159946573,Closed
69867617,2026-07-27T23:14:00.000,Water System,No Water (WNW),459 37 STREET,BROOKLYN,40.65297283166544,-74.00369761149061,Closed
69861415,2026-07-27T22:48:00.000,Water System,Hydrant Running Full (WA4),760 GRAND CONCOURSE,BRONX,40.82396799829674,-73.92430045067182,Closed
69859987,2026-07-27T22:33:00.000,Water System,Hydrant Running (WC3),50 WEST  109 STREET,MANHATTAN,40.8007492571343,-73.96047486290237,Closed
69861409,2026-07-27T22:31:00.000,Water System,Hydrant Running Full (WA4),,MANHATTAN,40.77855182275575,-73.95124823993245,Closed
69866858,2026-07-27T22:26:00.000,Water System,Hydrant Leaking (WC1),,BROOKLYN,40.67417161211275,-73.97882390470171,Closed
69861410,2026-07-27T22:10:00.000,Water System,Hydrant Running Full (WA4),946 54 STREET,BROOKLYN,40.636789612403284,-74.00260499491208,Closed
69859983,2026-07-27T22:00:00.000,Water System,Hydrant Leaking (WC1),225 6 AVENUE,BROOKLYN,40.67470677293904,-73.97844520092033,Closed
69862793,2026-07-27T21:58:00.000,Water System,Hydrant Running Full (WA4),119 WEST   24 STREET,MANHATTAN,40.74390954648988,-73.99310352794303,Closed
69862788,2026-07-27T21:55:00.000,Water System,Hydrant Running (WC3),348 WEST   11 STREET,MANHATTAN,40.735455589943676,-74.0086889574774,Closed
69868281,2026-07-27T21:54:00.000,Water System,Hydrant Running Full (WA4),1944 WATSON AVENUE,BRONX,40.8286846264186,-73.85853427724862,Closed
69864154,2026-07-27T21:51:00.000,Water System,Possible Water Main Break (Use Comments) (WA1),305 8 AVENUE,BROOKLYN,40.66926071150516,-73.97628048209764,Closed
69868257,2026-07-27T21:49:00.000,Water System,Hydrant Running (WC3),940 54 STREET,BROOKLYN,40.63684176136313,-74.00269146987556,Closed
69864128,2026-07-27T21:46:00.000,Water System,Hydrant Running (WC3),677 CARROLL STREET,BROOKLYN,40.67432538660784,-73.97919157237979,Closed
69859996,2026-07-27T21:40:00.000,Water System,Hydrant Running Full (WA4),2437 DAVIDSON AVENUE,BRONX,40.86229258001068,-73.90263398866624,Closed
69866860,2026-07-27T21:34:00.000,Water System,Hydrant Running (WC3),180 WADSWORTH AVENUE,MANHATTAN,40.850510099312864,-73.93448514221842,Closed
69868258,2026-07-27T21:21:00.000,Water System,Hydrant Running (WC3),225 6 AVENUE,BROOKLYN,40.67470677293904,-73.97844520092033,Closed
69860004,2026-07-27T21:19:00.000,Water System,Leak (Use Comments) (WA2),450 GRAHAM AVENUE,BROOKLYN,40.71852686015223,-73.94502960443285,Closed
69862778,2026-07-27T21:06:00.000,Water System,Hydrant Running (WC3),,BROOKLYN,40.67417161211275,-73.97882390470171,Closed
69861395,2026-07-27T21:06:00.000,Water System,Hydrant Leaking (WC1),225 6 AVENUE,BROOKLYN,40.67470677293904,-73.97844520092033,Closed
69868274,2026-07-27T21:00:00.000,Water System,Hydrant Running Full (WA4),,MANHATTAN,40.77855182275575,-73.95124823993245,Closed
69862779,2026-07-27T20:59:00.000,Water System,Hydrant Running (WC3),,MANHATTAN,40.77855182275575,-73.95124823993245,Closed
69868245,2026-07-27T20:27:00.000,Water System,Hydrant Defective (WC2),3192 FLATBUSH AVENUE,BROOKLYN,40.58894517129616,-73.89957250265853,Assigned
69859980,2026-07-27T20:25:00.000,Water System,Hydrant Defective (WC2),3052 FLATBUSH AVENUE,BROOKLYN,40.58960181460327,-73.90030241505805,Assigned
69868246,2026-07-27T20:20:00.000,Water System,Hydrant Defective (WC2),2901 FLATBUSH AVENUE,BROOKLYN,40.592983788731225,-73.90397005360329,Assigned
69864136,2026-07-27T20:16:00.000,Water System,Hydrant Running Full (WA4),950 54 STREET,BROOKLYN,40.63675393146482,-74.00254734497658,Closed
69864129,2026-07-27T20:16:00.000,Water System,Hydrant Running (WC3),,MANHATTAN,40.82450977848781,-73.9518504924377,Closed
69865498,2026-07-27T20:12:00.000,Water System,Hydrant Running (WC3),250 EAST   87 STREET,MANHATTAN,40.778724923594744,-73.95168139915737,Closed
69864116,2026-07-27T20:04:00.000,Water System,Hydrant Defective (WC2),152-02 CROSS BAY BOULEVARD,QUEENS,40.66812826046014,-73.84210919239013,Closed
69868259,2026-07-27T20:03:00.000,Water System,Hydrant Running (WC3),336 WEST   11 STREET,MANHATTAN,40.735573676665716,-74.00781935391066,Closed
69862769,2026-07-27T19:50:00.000,Water System,Hydrant Defective (WC2),4204 FILLMORE AVENUE,BROOKLYN,40.614238307674576,-73.92872720493926,Closed
69862802,2026-07-27T19:47:00.000,Water System,Hydrant Running Full (WA4),990 BELMONT AVENUE,BROOKLYN,40.674044905527516,-73.872168540035,Closed
69868260,2026-07-27T19:46:00.000,Water System,Hydrant Running (WC3),,BROOKLYN,40.67417161211275,-73.97882390470171,Closed
69862775,2026-07-27T19:43:00.000,Water System,Hydrant Leaking (WC1),839 EMPIRE BOULEVARD,BROOKLYN,40.66361494904496,-73.93446325113432,Closed
69858644,2026-07-27T19:40:00.000,Water System,Hydrant Knocked Over/Missing (WC),,BROOKLYN,40.730679827490526,-73.94921942277941,Assigned
69868250,2026-07-27T19:36:00.000,Water System,Hydrant Leaking (WC1),348 WEST   11 STREET,MANHATTAN,40.735455589943676,-74.0086889574774,Closed
69866865,2026-07-27T19:35:00.000,Water System,Hydrant Running (WC3),,MANHATTAN,40.735505019023954,-74.00837142703452,Closed
69865514,2026-07-27T19:35:00.000,Water System,Hydrant Running Full (WA4),,BRONX,40.885207552443305,-73.83855577523677,Closed
69859381,2026-07-27T19:34:00.000,Water System,No Water (WNW),90-28 80 STREET,QUEENS,40.68723985079482,-73.86102666763009,Closed
69862794,2026-07-27T19:34:00.000,Water System,Hydrant Running Full (WA4),1857 GLEASON AVENUE,BRONX,40.830285111216234,-73.86334769430461,Closed
69865510,2026-07-27T19:32:00.000,Water System,Hydrant Running Full (WA4),EAST   87 STREET,MANHATTAN,,,Closed
69861402,2026-07-27T19:31:00.000,Water System,Hydrant Running (WC3),2647 FREDERICK DOUGLASS BOULEVARD,MANHATTAN,40.82043292062287,-73.94368810873968,Closed
69858642,2026-07-27T19:29:00.000,Water System,Hydrant Defective (WC2),71-04 WOODHAVEN BOULEVARD,QUEENS,40.71180676770816,-73.85977428436219,Closed
69868286,2026-07-27T19:23:00.000,Water System,Leak (Use Comments) (WA2),45-56 169 STREET,QUEENS,40.754791494105206,-73.79815031300198,Closed
69868275,2026-07-27T19:21:00.000,Water System,Hydrant Running Full (WA4),1855 GLEASON AVENUE,BRONX,40.83027421798885,-73.86341998702866,Closed
69865502,2026-07-27T19:18:00.000,Water System,Hydrant Running (WC3),184 CHRISTOPHER AVENUE,BROOKLYN,40.668675475478885,-73.90560578137462,Closed
69864155,2026-07-27T19:15:00.000,Water System,Possible Water Main Break (Use Comments) (WA1),115-45 146 STREET,QUEENS,40.682410533110485,-73.79576622526726,Closed
69859985,2026-07-27T18:59:00.000,Water System,Hydrant Leaking (WC1),,BROOKLYN,40.666888170312326,-73.91195612341629,Closed
69866861,2026-07-27T18:57:00.000,Water System,Hydrant Running (WC3),125 WEST TREMONT AVENUE,BRONX,40.85004074060992,-73.91361858586654,Closed
69868267,2026-07-27T18:55:00.000,Water System,Hydrant Running (WC3),,MANHATTAN,40.8240995502785,-73.94890966201687,Closed
69862803,2026-07-27T18:55:00.000,Water System,Hydrant Running Full (WA4),3923 CARPENTER AVENUE,BRONX,40.88741970287771,-73.86406930615193,Closed
69862774,2026-07-27T18:54:00.000,Water System,Hydrant Leaking (WC1),2022 MILL AVENUE,BROOKLYN,40.61655941445765,-73.91514539279186,Closed
69861396,2026-07-27T18:49:00.000,Water System,Hydrant Leaking (WC1),240 EAST   56 STREET,MANHATTAN,40.759165839877014,-73.96706911211506,Closed
69862780,2026-07-27T18:47:00.000,Water System,Hydrant Running (WC3),611 WEST  137 STREET,MANHATTAN,40.821612489031935,-73.95464185827556,Closed
69861411,2026-07-27T18:45:00.000,Water System,Hydrant Running Full (WA4),622 WEST  137 STREET,MANHATTAN,40.821667450043606,-73.95481163398917,Closed
69861416,2026-07-27T18:44:00.000,Water System,Hydrant Running Full (WA4),2955 DECATUR AVENUE,BRONX,40.86825042037346,-73.88386040756097,Closed
69858647,2026-07-27T18:43:00.000,Water System,Hydrant Running (WC3),95-36 147 PLACE,QUEENS,40.69849271023812,-73.80558040806918,Closed
69865499,2026-07-27T18:41:00.000,Water System,Hydrant Running (WC3),252 SOUTH    3 STREET,BROOKLYN,40.710676635176995,-73.95750918885847,Closed
69868276,2026-07-27T18:37:00.000,Water System,Hydrant Running Full (WA4),112 WEST   24 STREET,MANHATTAN,40.743843665735085,-73.99299166117665,Closed
69866871,2026-07-27T18:32:00.000,Water System,Hydrant Running Full (WA4),,MANHATTAN,40.728106294050185,-73.97899798843295,Closed
69861397,2026-07-27T18:30:00.000,Water System,Hydrant Leaking (WC1),355 WEST  255 STREET,BRONX,40.9024447815621,-73.90279221373356,Closed
69864151,2026-07-27T18:16:00.000,Water System,Leak (Use Comments) (WA2),1658 EAST    8 STREET,BROOKLYN,40.60847454043722,-73.96500775053086,Closed
69868287,2026-07-27T18:14:00.000,Water System,Leak (Use Comments) (WA2),,QUEENS,40.71958186537548,-73.75832888227261,Closed
69862813,2026-07-27T18:14:00.000,Water System,Possible Water Main Break (Use Comments) (WA1),305 8 AVENUE,BROOKLYN,40.66926071150516,-73.97628048209764,Closed
69865511,2026-07-27T18:08:00.000,Water System,Hydrant Running Full (WA4),1849 GLEASON AVENUE,BRONX,40.83024702318204,-73.86363324030116,Closed
69864124,2026-07-27T18:07:00.000,Water System,Hydrant Running (WC3),230 6 AVENUE,BROOKLYN,40.67439665770128,-73.97868323560971,Closed
69868261,2026-07-27T18:07:00.000,Water System,Hydrant Running (WC3),228 6 AVENUE,BROOKLYN,40.674459779502385,-73.9786399545822,Closed
69859988,2026-07-27T18:03:00.000,Water System,Hydrant Running (WC3),,BROOKLYN,40.67417161211275,-73.97882390470171,Closed
69864143,2026-07-27T17:56:00.000,Water System,Hydrant Running Full (WA4),1851 GLEASON AVENUE,BRONX,40.830255176108146,-73.86356456677761,Closed
69859998,2026-07-27T17:54:00.000,Water System,Hydrant Running Full (WA4),,MANHATTAN,40.73786581060514,-74.00018403357991,Closed
69865512,2026-07-27T17:49:00.000,Water System,Hydrant Running Full (WA4),,BROOKLYN,40.62757180142643,-73.96184551661086,Closed
69858652,2026-07-27T17:47:00.000,Water System,Hydrant Running (WC3),1420 6 AVENUE,MANHATTAN,40.765094075248854,-73.97662539998912,Closed
69862781,2026-07-27T17:46:00.000,Water System,Hydrant Running (WC3),,BROOKLYN,40.62757180142643,-73.96184551661086,Closed
69868277,2026-07-27T17:44:00.000,Water System,Hydrant Running Full (WA4),,BROOKLYN,40.62757180142643,-73.96184551661086,Closed
69859999,2026-07-27T17:42:00.000,Water System,Hydrant Running Full (WA4),611 WEST  137 STREET,MANHATTAN,40.821612489031935,-73.95464185827556,Closed
69859994,2026-07-27T17:41:00.000,Water System,Hydrant Running Full (WA4),546 EAST   12 STREET,MANHATTAN,40.72861154511367,-73.9802173333813,Closed
69864145,2026-07-27T17:36:00.000,Water System,Hydrant Running Full (WA4),231 WEST  149 STREET,MANHATTAN,40.82465428808968,-73.93830808164087,Closed
69864144,2026-07-27T17:36:00.000,Water System,Hydrant Running Full (WA4),909 EAST   15 STREET,BROOKLYN,40.62707770460595,-73.9617413262306,Closed
69868288,2026-07-27T17:32:00.000,Water System,Leak (Use Comments) (WA2),414 ETNA STREET,BROOKLYN,40.68803943685288,-73.86877027973077,Closed
69864137,2026-07-27T17:31:00.000,Water System,Hydrant Running Full (WA4),,MANHATTAN,40.728106294050185,-73.97899798843295,Closed
69858671,2026-07-27T17:18:00.000,Water System,Possible Water Main Break (Use Comments) (WA1),FRANCIS LEWIS BOULEVARD,QUEENS,,,Closed
69864138,2026-07-27T17:09:00.000,Water System,Hydrant Running Full (WA4),196 AVENUE B,MANHATTAN,40.728205094062744,-73.9789366216599,Closed
69868251,2026-07-27T17:04:00.000,Water System,Hydrant Leaking (WC1),114 WEST   24 STREET,MANHATTAN,40.743860136862565,-73.99303496535896,Closed
69867618,2026-07-27T17:03:00.000,Water System,No Water (WNW),850 ST NICHOLAS AVENUE,MANHATTAN,40.82913834843453,-73.94204746073962,Closed
69862795,2026-07-27T17:02:00.000,Water System,Hydrant Running Full (WA4),86-24 102 STREET,QUEENS,40.69564666992125,-73.84562139667497,Closed
69868278,2026-07-27T17:01:00.000,Water System,Hydrant Running Full (WA4),769 5 AVENUE,BROOKLYN,40.65777896767343,-73.99714910194311,Closed
69861404,2026-07-27T16:57:00.000,Water System,Hydrant Running (WC3),2927 FREDERICK DOUGLASS BOULEVARD,MANHATTAN,40.82932243239428,-73.93716551277303,Closed
69866880,2026-07-27T16:50:00.000,Water System,Leak (Use Comments) (WA2),207 HART STREET,BROOKLYN,40.69378207801279,-73.9435246184435,Closed
69858648,2026-07-27T16:47:00.000,Water System,Hydrant Running (WC3),,BROOKLYN,40.59651130968669,-73.90787551923017,Closed
69868252,2026-07-27T16:46:00.000,Water System,Hydrant Leaking (WC1),214 8 AVENUE,BROOKLYN,40.67010596018399,-73.97559886755205,Closed
69868291,2026-07-27T16:43:00.000,Water System,Possible Water Main Break (Use Comments) (WA1),95-31 REMINGTON STREET,QUEENS,40.696433972367544,-73.81209572474793,Closed
69868268,2026-07-27T16:39:00.000,Water System,Hydrant Running (WC3),114 WEST   24 STREET,MANHATTAN,40.743860136862565,-73.99303496535896,Closed
69868290,2026-07-27T16:35:00.000,Water System,Leak (Use Comments) (WA2),269 WEST  131 STREET,MANHATTAN,40.81382846528415,-73.948133608062,Closed
69861401,2026-07-27T16:33:00.000,Water System,Hydrant Running (WC3),,BROOKLYN,40.67417161211275,-73.97882390470171,Closed
69864139,2026-07-27T16:32:00.000,Water System,Hydrant Running Full (WA4),2463 TIEBOUT AVENUE,BRONX,40.86090010470804,-73.89532251893831,Closed
69868283,2026-07-27T16:30:00.000,Water System,Hydrant Running Full (WA4),2504 BRONX PARK EAST,BRONX,40.8636112787934,-73.87040864262848,Closed
69868249,2026-07-27T16:30:00.000,Water System,Hydrant Knocked Over/Missing (WC),,BRONX,40.82843282838519,-73.88104640162443,Closed
69868284,2026-07-27T16:21:00.000,Water System,Hydrant Running Full (WA4),,BROOKLYN,40.65381039677691,-73.8967827026482,Closed
69864912,2026-07-27T16:20:00.000,Water System,No Water (WNW),335 PARKINSON AVENUE,STATEN ISLAND,40.59316583421641,-74.08058687522814,Closed
69864140,2026-07-27T16:16:00.000,Water System,Hydrant Running Full (WA4),,BROOKLYN,40.6579903098172,-73.99691842533385,Closed
69864141,2026-07-27T16:13:00.000,Water System,Hydrant Running Full (WA4),,BROOKLYN,40.6579903098172,-73.99691842533385,Closed
69865513,2026-07-27T16:12:00.000,Water System,Hydrant Running Full (WA4),2347 TIEBOUT AVENUE,BRONX,40.8578793303259,-73.89658891377702,Closed
69858649,2026-07-27T16:05:00.000,Water System,Hydrant Running (WC3),225 6 AVENUE,BROOKLYN,40.67470677293904,-73.97844520092033,Closed
69868262,2026-07-27T16:04:00.000,Water System,Hydrant Running (WC3),769 5 AVENUE,BROOKLYN,40.65777896767343,-73.99714910194311,Closed
69862806,2026-07-27T16:04:00.000,Water System,Hydrant Running Full (WA4),,MANHATTAN,40.728106294050185,-73.97899798843295,Closed
69865500,2026-07-27T15:58:00.000,Water System,Hydrant Running (WC3),225 6 AVENUE,BROOKLYN,40.67470677293904,-73.97844520092033,Closed
69866862,2026-07-27T15:50:00.000,Water System,Hydrant Running (WC3),574 GREENE AVENUE,BROOKLYN,40.68887605313312,-73.9469363029739,Closed
69861417,2026-07-27T15:41:00.000,Water System,Hydrant Running Full (WA4),FT WASHINGTON AVENUE,MANHATTAN,,,Closed
69862782,2026-07-27T15:37:00.000,Water System,Hydrant Running (WC3),225 6 AVENUE,BROOKLYN,40.67470677293904,-73.97844520092033,Closed
69862810,2026-07-27T15:32:00.000,Water System,Leak (Use Comments) (WA2),88-48 FRANCIS LEWIS BOULEVARD,QUEENS,40.720159208291825,-73.75877773332743,Closed
69864125,2026-07-27T15:27:00.000,Water System,Hydrant Running (WC3),,BRONX,40.833287377313276,-73.91407759227502,Closed
69859336,2026-07-27T15:25:00.000,Water System,LOW WATER PRESSURE - WLWP,4499 MANHATTAN COLLEGE PARKWAY,BRONX,40.889882483892386,-73.90292993657356,Closed
69858665,2026-07-27T15:22:00.000,Water System,Leak (Use Comments) (WA2),4 BAY   32 STREET,BROOKLYN,40.600755775017205,-73.992639369344,Closed
69866237,2026-07-27T15:15:00.000,Water System,No Water (WNW),140-11 169 STREET,QUEENS,40.6706216403227,-73.77095752905146,Closed
69862814,2026-07-27T15:09:00.000,Water System,Possible Water Main Break (Use Comments) (WA1),217 EAST   87 STREET,MANHATTAN,40.779068336942515,-73.95245384723898,Closed
69865523,2026-07-27T15:06:00.000,Water System,Possible Water Main Break (Use Comments) (WA1),305 8 AVENUE,BROOKLYN,40.66926071150516,-73.97628048209764,Closed
69860003,2026-07-27T15:02:00.000,Water System,Leak (Use Comments) (WA2),125 95 STREET,BROOKLYN,40.61677945321045,-74.03763323487453,Closed
69866872,2026-07-27T15:00:00.000,Water System,Hydrant Running Full (WA4),,QUEENS,40.74393958378826,-73.85526778540111,Closed
69864147,2026-07-27T14:55:00.000,Water System,Hydrant Running Full (WA4),2334 VALENTINE AVENUE,BRONX,40.85766906765029,-73.89780026706966,Closed
69864126,2026-07-27T14:50:00.000,Water System,Hydrant Running (WC3),,MANHATTAN,40.8011722776532,-73.9614570576982,Closed
69862796,2026-07-27T14:47:00.000,Water System,Hydrant Running Full (WA4),1995A BIRCHALL AVENUE,BRONX,40.849440505777025,-73.86810486072861,Closed
69864133,2026-07-27T14:46:00.000,Water System,Hydrant Running (WC3),930 TAYLOR AVENUE,BRONX,40.824332204242516,-73.86367426728292,Closed
69868253,2026-07-27T14:36:00.000,Water System,Hydrant Leaking (WC1),1039 70 STREET,BROOKLYN,40.62657858104402,-74.0101481991372,Closed
69862807,2026-07-27T14:35:00.000,Water System,Hydrant Running Full (WA4),2543 WEBSTER AVENUE,BRONX,40.86198574888058,-73.89100059962784,Closed
69864134,2026-07-27T14:33:00.000,Water System,Hydrant Running (WC3),7 FABER STREET,STATEN ISLAND,40.64004793372349,-74.1351060822661,Closed
69861418,2026-07-27T14:31:00.000,Water System,Hydrant Running Full (WA4),520 WEST   44 STREET,MANHATTAN,40.761508996455305,-73.99593538492138,Closed
69868269,2026-07-27T14:30:00.000,Water System,Hydrant Running (WC3),225 6 AVENUE,BROOKLYN,40.67470677293904,-73.97844520092033,Closed
69865524,2026-07-27T14:28:00.000,Water System,Possible Water Main Break (Use Comments) (WA1),131-22 225 STREET,QUEENS,40.68029620904942,-73.74327448614562,Closed
69864148,2026-07-27T14:13:00.000,Water System,Hydrant Running Full (WA4),104-66 108 STREET,QUEENS,40.682336290826875,-73.833130299375,Closed
69858662,2026-07-27T14:08:00.000,Water System,Hydrant Running Full (WA4),,MANHATTAN,40.85660521978086,-73.92840964582264,Closed
69859995,2026-07-27T14:07:00.000,Water System,Hydrant Running Full (WA4),1269 CROES AVENUE,BRONX,40.8314578205077,-73.87112171337291,Closed
69864156,2026-07-27T14:05:00.000,Water System,Possible Water Main Break (Use Comments) (WA1),88 MACDOUGAL STREET,MANHATTAN,40.72873400338217,-74.0015442270291,Closed
69865515,2026-07-27T13:48:00.000,Water System,Hydrant Running Full (WA4),1082 SOUTHERN BOULEVARD,BRONX,40.825547848859024,-73.89191301724112,Closed
69868292,2026-07-27T13:36:00.000,Water System,Possible Water Main Break (Use Comments) (WA1),88-48 FRANCIS LEWIS BOULEVARD,QUEENS,40.720159208291825,-73.75877773332743,Closed
69860000,2026-07-27T13:34:00.000,Water System,Hydrant Running Full (WA4),2357 PACIFIC STREET,BROOKLYN,40.675343875101845,-73.90724748847938,Closed
69864157,2026-07-27T13:24:00.000,Water System,Possible Water Main Break (Use Comments) (WA1),237-30 FAIRBURY AVENUE,QUEENS,40.72472034939616,-73.73003948680744,Closed
69864153,2026-07-27T13:22:00.000,Water System,Leak (Use Comments) (WA2),90-15 QUEENS BOULEVARD,QUEENS,40.73384724725437,-73.87157752015248,Closed
69862155,2026-07-27T13:11:00.000,Water System,No Water (WNW),69-31 61 ROAD,QUEENS,40.71922555770695,-73.88977304255027,Closed
69858666,2026-07-27T13:06:00.000,Water System,Leak (Use Comments) (WA2),41-35 52 STREET,QUEENS,40.745588996701905,-73.9121805287945,Closed
69861399,2026-07-27T12:40:00.000,Water System,Hydrant Leaking (WC1),2897 BROADWAY,MANHATTAN,40.80599326201851,-73.96538433452824,Closed
69861425,2026-07-27T12:38:00.000,Water System,Leak (Use Comments) (WA2),1425 EAST   15 STREET,BROOKLYN,40.61476651396584,-73.95941078315195,Closed
69866873,2026-07-27T12:24:00.000,Water System,Hydrant Running Full (WA4),1089 BEACH AVENUE,BRONX,40.82761964506565,-73.86538749763298,Closed
69864159,2026-07-27T12:22:00.000,Water System,Possible Water Main Break (Use Comments) (WA1),39 EAST   56 STREET,BROOKLYN,40.656354747360794,-73.92505288665066,Open
69858650,2026-07-27T12:20:00.000,Water System,Hydrant Running (WC3),93-17 71 DRIVE,QUEENS,40.709026890401496,-73.84936327400385,Closed
69867619,2026-07-27T12:12:00.000,Water System,No Water (WNW),2188 CRESTON AVENUE,BRONX,40.85556235414064,-73.9023763393627,Closed
69865496,2026-07-27T12:07:00.000,Water System,Hydrant Leaking (WC1),788 WILLOUGHBY AVENUE,BROOKLYN,40.69527454282186,-73.9369131946958,Closed
69861392,2026-07-27T12:06:00.000,Water System,Dirty Water (WE),1740 MULFORD AVENUE,BRONX,40.84638450215681,-73.83520186706808,Closed
69868247,2026-07-27T12:05:00.000,Water System,Hydrant Defective (WC2),1369 EAST   46 STREET,BROOKLYN,40.62735471343079,-73.93167087309524,Assigned
69863514,2026-07-27T12:03:00.000,Water System,No Water (WNW),2188 CRESTON AVENUE,BRONX,40.85556235414064,-73.9023763393627,Closed
69858667,2026-07-27T11:51:00.000,Water System,Leak (Use Comments) (WA2),131-22 225 STREET,QUEENS,40.68029620904942,-73.74327448614562,Closed
69861393,2026-07-27T11:42:00.000,Water System,Hydrant Defective (WC2),4101 4 AVENUE,BROOKLYN,40.651424595034555,-74.00741307050428,Assigned
69864122,2026-07-27T11:40:00.000,Water System,Hydrant Leaking (WC1),244 EAST    7 STREET,MANHATTAN,40.72378040226023,-73.97816596397911,Closed
69864117,2026-07-27T11:40:00.000,Water System,Hydrant Defective (WC2),410 40 STREET,BROOKLYN,40.651732082140946,-74.00620581732497,Closed
69865516,2026-07-27T11:38:00.000,Water System,Hydrant Running Full (WA4),39-30 21 STREET,QUEENS,40.756037141690676,-73.94048318152369,Closed
69865495,2026-07-27T11:38:00.000,Water System,Hydrant Defective (WC2),410 40 STREET,BROOKLYN,40.651732082140946,-74.00620581732497,Closed
69866863,2026-07-27T11:34:00.000,Water System,Hydrant Running (WC3),769 5 AVENUE,BROOKLYN,40.65777896767343,-73.99714910194311,Closed
69861420,2026-07-27T11:30:00.000,Water System,Hydrant Running Full (WA4),1647 ST NICHOLAS AVENUE,MANHATTAN,40.856544870014254,-73.9284639349079,Closed
69866874,2026-07-27T11:26:00.000,Water System,Hydrant Running Full (WA4),1350 COMMERCE AVENUE,BRONX,40.83699430033237,-73.84067847883712,Closed
69858598,2026-07-27T11:18:00.000,Water System,installation of hydrant side post (WHFP),410 10 AVENUE,MANHATTAN,40.75380456634056,-73.99908683065986,Closed
69861421,2026-07-27T11:18:00.000,Water System,Hydrant Running Full (WA4),,BRONX,40.81120874113478,-73.90685223592209,Closed
69858663,2026-07-27T11:17:00.000,Water System,Hydrant Running Full (WA4),,BRONX,40.81139885874856,-73.90776231742056,Closed
69868289,2026-07-27T11:13:00.000,Water System,Leak (Use Comments) (WA2),52 ARDEN STREET,MANHATTAN,40.86232454147022,-73.92739483266651,Closed
69868263,2026-07-27T11:11:00.000,Water System,Hydrant Running (WC3),999 COLUMBUS AVENUE,MANHATTAN,40.80126283185941,-73.96139199036973,Closed
69862791,2026-07-27T11:05:00.000,Water System,Hydrant Running (WC3),769 5 AVENUE,BROOKLYN,40.65777896767343,-73.99714910194311,Closed
69859986,2026-07-27T11:03:00.000,Water System,Hydrant Leaking (WC1),,BRONX,40.8846860238732,-73.88984589103906,Closed
69864120,2026-07-27T11:02:00.000,Water System,Hydrant Leaking (WC1),60-20 60 ROAD,QUEENS,40.715857661390615,-73.9050952612935,Closed
69868255,2026-07-27T10:57:00.000,Water System,Hydrant Leaking (WC1),601 WEST   57 STREET,MANHATTAN,40.77051976687385,-73.99186966991847,Closed
69862808,2026-07-27T10:56:00.000,Water System,Hydrant Running Full (WA4),152 SHERMAN AVENUE,MANHATTAN,40.86462736420933,-73.92318763020528,Closed
69858664,2026-07-27T10:52:00.000,Water System,Hydrant Running Full (WA4),,MANHATTAN,40.8011722776532,-73.9614570576982,Closed
69864121,2026-07-27T10:46:00.000,Water System,Hydrant Leaking (WC1),123-15 7 AVENUE,QUEENS,40.79080284572959,-73.84434983636696,Closed
69862783,2026-07-27T10:43:00.000,Water System,Hydrant Running (WC3),109 MADISON AVENUE,MANHATTAN,40.74495452467502,-73.98499064506423,Closed
69866885,2026-07-27T10:34:00.000,Water System,Possible Water Main Break (Use Comments) (WA1),,QUEENS,40.71958186537548,-73.75832888227261,Closed
69862797,2026-07-27T10:27:00.000,Water System,Hydrant Running Full (WA4),571 ACADEMY STREET,MANHATTAN,40.86356518841314,-73.92322139496197,Closed
69860001,2026-07-27T10:27:00.000,Water System,Hydrant Running Full (WA4),690 WESTCHESTER AVENUE,BRONX,40.816583497436255,-73.90758533128489,Closed
69868279,2026-07-27T10:20:00.000,Water System,Hydrant Running Full (WA4),969 TELLER AVENUE,BRONX,40.82709874763185,-73.91502505270722,Closed
69862798,2026-07-27T10:18:00.000,Water System,Hydrant Running Full (WA4),969 TELLER AVENUE,BRONX,40.82709874763185,-73.91502505270722,Closed
69860006,2026-07-27T10:14:00.000,Water System,Possible Water Main Break (Use Comments) (WA1),,QUEENS,40.71958186537548,-73.75832888227261,Closed
69865493,2026-07-27T10:03:00.000,Water System,Dirty Water (WE),25 DEPPE PLACE,STATEN ISLAND,40.61759160235388,-74.15353891265164,Closed
69862799,2026-07-27T09:42:00.000,Water System,Hydrant Running Full (WA4),757 BRYANT AVENUE,BRONX,40.815866916881,-73.88589908761975,Closed
69860755,2026-07-27T09:38:00.000,Water System,No Water (WNW),140-49 169 STREET,QUEENS,40.67060517172108,-73.77095758560569,Closed
69859981,2026-07-27T09:33:00.000,Water System,Hydrant Defective (WC2),,BROOKLYN,40.68536792256833,-73.91088608166217,Closed
69862773,2026-07-27T09:32:00.000,Water System,Hydrant Knocked Over/Missing (WC),70 CLOVE ROAD,BROOKLYN,40.66466291480232,-73.94975268962682,Assigned
69858670,2026-07-27T09:31:00.000,Water System,Leak (Use Comments) (WA2),,BROOKLYN,40.608746774836625,-73.95827996342706,Closed
69869013,2026-07-27T09:27:00.000,Water System,No Water (WNW),806 BRIGHTON AVENUE,STATEN ISLAND,40.63229103744487,-74.09718175733595,Closed
69865518,2026-07-27T09:24:00.000,Water System,Leak (Use Comments) (WA2),131-33 225 STREET,QUEENS,40.68010700550323,-73.74335813852643,Closed
69868264,2026-07-27T09:20:00.000,Water System,Hydrant Running (WC3),112 WEST  139 STREET,MANHATTAN,40.81707427190315,-73.94000589752606,Closed
69867620,2026-07-27T09:20:00.000,Water System,No Water (WNW),235 FOREST AVENUE,STATEN ISLAND,40.631865400399455,-74.09741171494285,Closed
69865506,2026-07-27T09:19:00.000,Water System,Hydrant Running (WC3),120 WEST  140 STREET,MANHATTAN,40.81757891619248,-73.93927203917372,Closed
69866881,2026-07-27T09:14:00.000,Water System,Leak (Use Comments) (WA2),430 3 AVENUE,MANHATTAN,40.743117534657394,-73.98003619561636,Closed
69866882,2026-07-27T09:08:00.000,Water System,Leak (Use Comments) (WA2),237-31 FAIRBURY AVENUE,QUEENS,40.72473682632098,-73.73004302786931,Closed
69864911,2026-07-27T09:01:00.000,Water System,No Water (WNW),140-32 169 STREET,QUEENS,40.67061070431386,-73.77097919585759,Closed
69858672,2026-07-27T08:58:00.000,Water System,Possible Water Main Break (Use Comments) (WA1),7402 BAY PARKWAY,BROOKLYN,40.60867399244361,-73.98682564552746,Closed
69869012,2026-07-27T08:55:00.000,Water System,No Water (WNW),140-50 169 STREET,QUEENS,40.67060247001304,-73.77097922413202,Closed
69866191,2026-07-27T08:54:00.000,Water System,LOW WATER PRESSURE - WLWP,934 EAST  226 STREET,BRONX,40.886319516874224,-73.85321824643458,Closed
69862784,2026-07-27T08:52:00.000,Water System,Hydrant Running (WC3),2349 BASSFORD AVENUE,BRONX,40.85635391248625,-73.89130986878901,Closed
69859992,2026-07-27T08:38:00.000,Water System,Hydrant Running (WC3),,BROOKLYN,40.639116363195996,-73.95427227568217,Assigned
69861412,2026-07-27T08:33:00.000,Water System,Hydrant Running Full (WA4),443 WEST  154 STREET,MANHATTAN,40.83049444833392,-73.94246906211508,Closed
69862785,2026-07-27T08:31:00.000,Water System,Hydrant Running (WC3),3125 HULL AVENUE,BRONX,40.872772857272416,-73.87774899408598,Closed
69865508,2026-07-27T08:23:00.000,Water System,Hydrant Running (WC3),163 EAST  111 STREET,MANHATTAN,40.79525547483648,-73.94349993245301,Closed
69861422,2026-07-27T08:21:00.000,Water System,Hydrant Running Full (WA4),85-02 GRAND AVENUE,QUEENS,40.73492886843054,-73.88201438074464,Closed
69862800,2026-07-27T08:11:00.000,Water System,Hydrant Running Full (WA4),,MANHATTAN,40.816662031382485,-73.938991079402,Closed
69868280,2026-07-27T08:08:00.000,Water System,Hydrant Running Full (WA4),969 TELLER AVENUE,BRONX,40.82709874763185,-73.91502505270722,Closed
69860005,2026-07-27T08:07:00.000,Water System,Leak (Use Comments) (WA2),1248 BAY STREET,STATEN ISLAND,40.61286125926946,-74.06523840122948,Closed
69861400,2026-07-27T08:07:00.000,Water System,Hydrant Leaking (WC1),230 PENNYFIELD AVENUE,BRONX,40.81357432535374,-73.80701801976558,Closed
69865517,2026-07-27T08:06:00.000,Water System,Hydrant Running Full (WA4),1421 65 STREET,BROOKLYN,40.62430084589258,-73.99872116161112,Closed
69866883,2026-07-27T08:05:00.000,Water System,Leak (Use Comments) (WA2),31-49 69 STREET,QUEENS,40.75719038076688,-73.89804106201788,Closed
69866875,2026-07-27T07:44:00.000,Water System,Hydrant Running Full (WA4),,MANHATTAN,40.86125849849244,-73.92566793186856,Closed
69868265,2026-07-27T07:43:00.000,Water System,Hydrant Running (WC3),,BRONX,40.87245206131356,-73.87806415924757,Closed
69866876,2026-07-27T07:36:00.000,Water System,Hydrant Running Full (WA4),1669 WOODBINE STREET,QUEENS,40.700618941511735,-73.90875590050254,Closed
69866859,2026-07-27T07:31:00.000,Water System,Hydrant Leaking (WC1),608 WEST  191 STREET,MANHATTAN,40.855656181545385,-73.92943006727548,Closed
69858656,2026-07-27T07:25:00.000,Water System,Hydrant Running (WC3),199 MAUJER STREET,BROOKLYN,40.711040614555564,-73.94240984572048,Closed
69860002,2026-07-27T07:21:00.000,Water System,Hydrant Running Full (WA4),,QUEENS,40.74766337359983,-73.90446167910649,Closed
69861423,2026-07-27T07:19:00.000,Water System,Hydrant Running Full (WA4),2775 EAST   12 STREET,BROOKLYN,40.58351622059898,-73.95728767934483,Closed
69861424,2026-07-27T07:09:00.000,Water System,Leak (Use Comments) (WA2),,MANHATTAN,40.793350276113884,-73.97273310665051,Closed
69864150,2026-07-27T06:54:00.000,Water System,Hydrant Running Full (WA4),201 MAUJER STREET,BROOKLYN,40.71105153037518,-73.94228358951368,Closed
69862786,2026-07-27T06:36:00.000,Water System,Hydrant Running (WC3),305 EAST  101 STREET,MANHATTAN,40.787375882336704,-73.94459358604496,Closed
69858668,2026-07-27T06:22:00.000,Water System,Leak (Use Comments) (WA2),1425 KINGS HIGHWAY,BROOKLYN,40.608508194435615,-73.9588815646739,Closed
69866877,2026-07-27T06:09:00.000,Water System,Hydrant Running Full (WA4),1784 RANDALL AVENUE,BRONX,40.81692129571824,-73.86353771112596,Closed
69862787,2026-07-27T06:05:00.000,Water System,Hydrant Running (WC3),2584 CRESTON AVENUE,BRONX,40.864949707924616,-73.89662130393822,Closed
69864158,2026-07-27T05:41:00.000,Water System,Possible Water Main Break (Use Comments) (WA1),112-27 FARMERS BOULEVARD,QUEENS,40.70016271043263,-73.76367194266535,Closed
69866864,2026-07-27T05:21:00.000,Water System,Hydrant Running (WC3),1050 ELDER AVENUE,BRONX,40.82494967533997,-73.87831380192077,Closed
69866878,2026-07-27T03:28:00.000,Water System,Hydrant Running Full (WA4),,BRONX,40.81721467137587,-73.93094485589141,Closed
69859989,2026-07-27T03:03:00.000,Water System,Hydrant Running (WC3),2566 AMSTERDAM AVENUE,MANHATTAN,40.85226002249918,-73.92787573103983,Closed
69862801,2026-07-27T03:02:00.000,Water System,Hydrant Running Full (WA4),2248 BASSFORD AVENUE,BRONX,40.85419831415736,-73.89317140660847,Closed
69866790,2026-07-27T02:46:00.000,Water System,Excessive Water In Basement (WEFB),221 WESTMINSTER ROAD,BROOKLYN,40.643314938181504,-73.96765238342759,Closed
69862811,2026-07-27T02:31:00.000,Water System,Leak (Use Comments) (WA2),1 CENTRE STREET,MANHATTAN,40.71300098043798,-74.00418069316733,Closed
69864142,2026-07-27T01:42:00.000,Water System,Hydrant Running Full (WA4),2463 TIEBOUT AVENUE,BRONX,40.86090010470804,-73.89532251893831,Closed
69862809,2026-07-27T01:09:00.000,Water System,Hydrant Running Full (WA4),,BROOKLYN,40.71105967590936,-73.94210683695283,Assigned
69858657,2026-07-27T00:43:00.000,Water System,Hydrant Running Full (WA4),,BRONX,40.831900200234024,-73.92856270428858,Closed
69861413,2026-07-27T00:30:00.000,Water System,Hydrant Running Full (WA4),1235 MORRIS AVENUE,BRONX,40.83401990736171,-73.91366468236463,Closed
69868266,2026-07-27T00:26:00.000,Water System,Hydrant Running (WC3),2816 BRONX PARK EAST,BRONX,40.86698181952344,-73.87045269137981,Closed
69868273,2026-07-27T00:17:00.000,Water System,Hydrant Running (WC3),2524 ALBEMARLE ROAD,BROOKLYN,40.64795971753323,-73.95341575581875,Assigned
69850141,2026-07-26T23:49:00.000,Water System,Hydrant Running (WC3),396 EAST FOURTH STREET,BROOKLYN,40.64229872293943,-73.97626484314613,Closed
69847305,2026-07-26T23:12:00.000,Water System,Hydrant Leaking (WC1),449 STONEHAM STREET,STATEN ISLAND,40.55784441124501,-74.11441959291385,Closed
69849542,2026-07-26T22:21:00.000,Water System,LOW WATER PRESSURE - WLWP,211-42 94 AVENUE,QUEENS,40.717049137299554,-73.7484033169727,Closed
69853052,2026-07-26T22:12:00.000,Water System,Hydrant Running (WC3),201 MAUJER STREET,BROOKLYN,40.71105153037518,-73.94228358951368,Closed
69850136,2026-07-26T22:03:00.000,Water System,Hydrant Running (WC3),105 MADISON AVENUE,MANHATTAN,40.74486121210273,-73.98505923481636,Closed
69851593,2026-07-26T22:02:00.000,Water System,Hydrant Running (WC3),686 WEST  137 STREET,MANHATTAN,40.82203557310597,-73.95566406764846,Closed
69848726,2026-07-26T22:00:00.000,Water System,Hydrant Running Full (WA4),1054 ELDER AVENUE,BRONX,40.82501281899304,-73.878328139372,Closed
69851588,2026-07-26T21:42:00.000,Water System,Hydrant Knocked Over/Missing (WC),245 ECHO PLACE,BRONX,40.84966835017253,-73.90431155502161,Closed
69853056,2026-07-26T21:40:00.000,Water System,Hydrant Running Full (WA4),611 WEST  137 STREET,MANHATTAN,40.821612489031935,-73.95464185827556,Closed
69855781,2026-07-26T21:40:00.000,Water System,Possible Water Main Break (Use Comments) (WA1),,QUEENS,40.72106362693494,-73.75944186685103,Closed
69851603,2026-07-26T21:31:00.000,Water System,Hydrant Running (WC3),623 WILSON AVENUE,BROOKLYN,40.68986049828784,-73.90664674430141,Closed
69857208,2026-07-26T21:29:00.000,Water System,Hydrant Running Full (WA4),8 NICHOLS AVENUE,BROOKLYN,40.6901817711554,-73.87001371339231,Closed
69856621,2026-07-26T21:25:00.000,Water System,No Water (WNW),85-18 149 AVENUE,QUEENS,40.669625907521294,-73.8495531953706,Closed
69857209,2026-07-26T21:18:00.000,Water System,Hydrant Running Full (WA4),,BRONX,40.866633243514514,-73.87045337044053,Closed
69854424,2026-07-26T21:17:00.000,Water System,Possible Water Main Break (Use Comments) (WA1),88-50 FRANCIS LEWIS BOULEVARD,QUEENS,40.72014270956532,-73.7587633628201,Closed
69857202,2026-07-26T21:14:00.000,Water System,Hydrant Running Full (WA4),971 TELLER AVENUE,BRONX,40.827142644407786,-73.91499970323453,Closed
69847307,2026-07-26T20:59:00.000,Water System,Hydrant Running (WC3),,BROOKLYN,40.58377974426305,-73.9573487138063,Closed
69850145,2026-07-26T20:57:00.000,Water System,Hydrant Running Full (WA4),50 NICHOLS AVENUE,BROOKLYN,40.68946244661,-73.86984203315279,Closed
69850137,2026-07-26T20:50:00.000,Water System,Hydrant Running (WC3),271 VAN SICLEN AVENUE,BROOKLYN,40.67338582995605,-73.89047607545501,Closed
69857185,2026-07-26T20:49:00.000,Water System,Hydrant Running (WC3),83-22 248 STREET,QUEENS,40.73623470943783,-73.71972324078894,Closed
69857192,2026-07-26T20:46:00.000,Water System,Hydrant Running (WC3),7802 21 AVENUE,BROOKLYN,40.60770551758506,-73.99146092366036,Closed
69847323,2026-07-26T20:44:00.000,Water System,Leak (Use Comments) (WA2),,BROOKLYN,40.69135370433244,-73.9214111666864,Closed
69847315,2026-07-26T20:29:00.000,Water System,Hydrant Running Full (WA4),1540 BRYANT AVENUE,BRONX,40.833631618434666,-73.8867973424585,Closed
69855771,2026-07-26T20:13:00.000,Water System,Hydrant Running Full (WA4),220-15 120 AVENUE,QUEENS,40.690156438432105,-73.74247927534797,Closed
69854403,2026-07-26T20:10:00.000,Water System,Hydrant Running (WC3),125 WEST TREMONT AVENUE,BRONX,40.85004074060992,-73.91361858586654,Closed
69847326,2026-07-26T20:05:00.000,Water System,Possible Water Main Break (Use Comments) (WA1),,QUEENS,40.699970236738224,-73.7635067276373,Closed
69854412,2026-07-26T20:04:00.000,Water System,Hydrant Running Full (WA4),2347 TIEBOUT AVENUE,BRONX,40.8578793303259,-73.89658891377702,Closed
69857211,2026-07-26T20:02:00.000,Water System,Possible Water Main Break (Use Comments) (WA1),1425 KINGS HIGHWAY,BROOKLYN,40.608508194435615,-73.9588815646739,Closed
69848719,2026-07-26T19:56:00.000,Water System,Hydrant Running (WC3),611 WEST  137 STREET,MANHATTAN,40.821612489031935,-73.95464185827556,Closed
69851589,2026-07-26T19:38:00.000,Water System,Hydrant Leaking (WC1),1065 2 AVENUE,MANHATTAN,40.758797637476064,-73.96567597472988,Closed
69857186,2026-07-26T19:37:00.000,Water System,Hydrant Running (WC3),132-09 MAPLE AVENUE,QUEENS,40.753921282188585,-73.83229406924167,Closed
69851604,2026-07-26T19:28:00.000,Water System,Hydrant Running Full (WA4),85-15 88 STREET,QUEENS,40.69513168343944,-73.85704340510185,Started
69857177,2026-07-26T19:26:00.000,Water System,Hydrant Defective (WC2),95-08 QUEENS BOULEVARD,QUEENS,40.73081414682835,-73.86427330673158,Closed
69857187,2026-07-26T19:20:00.000,Water System,Hydrant Running (WC3),2775 EAST   12 STREET,BROOKLYN,40.58351622059898,-73.95728767934483,Closed
69857188,2026-07-26T19:16:00.000,Water System,Hydrant Running (WC3),2653 BAINBRIDGE AVENUE,BRONX,40.86526632376739,-73.89170022891888,Closed
69847316,2026-07-26T19:11:00.000,Water System,Hydrant Running Full (WA4),2600 ADAM CLAYTON POWELL JR BOULEVARD,MANHATTAN,40.82490868908109,-73.9367252542273,Closed
69857193,2026-07-26T19:00:00.000,Water System,Hydrant Running (WC3),140 WADSWORTH AVENUE,MANHATTAN,40.8493413369639,-73.9353393271728,Closed
69848720,2026-07-26T18:58:00.000,Water System,Hydrant Running (WC3),372 PEARL STREET,MANHATTAN,40.71036882529243,-74.0009775005258,Closed
69854422,2026-07-26T18:54:00.000,Water System,Possible Water Main Break (Use Comments) (WA1),88-46 FRANCIS LEWIS BOULEVARD,QUEENS,40.72017569945846,-73.75878849631178,Closed
69855766,2026-07-26T18:47:00.000,Water System,Hydrant Running (WC3),2775 EAST   12 STREET,BROOKLYN,40.58351622059898,-73.95728767934483,Closed
69852464,2026-07-26T18:40:00.000,Water System,No Water (WNW),112-27 FARMERS BOULEVARD,QUEENS,40.70016271043263,-73.76367194266535,Closed
69850132,2026-07-26T18:38:00.000,Water System,Hydrant Running (WC3),51 ARGYLE ROAD,BROOKLYN,40.64838455927181,-73.96766794384405,Closed
69857189,2026-07-26T18:37:00.000,Water System,Hydrant Running (WC3),27 ARGYLE ROAD,BROOKLYN,40.648829237411725,-73.96775061313772,Closed
69853040,2026-07-26T18:35:00.000,Water System,Hydrant Leaking (WC1),101-10 QUEENS BOULEVARD,QUEENS,40.72639958075378,-73.85231494189411,Closed
69850133,2026-07-26T18:30:00.000,Water System,Hydrant Running (WC3),5 EAST  115 STREET,MANHATTAN,40.799601620474675,-73.9460895510738,Closed
69853057,2026-07-26T18:26:00.000,Water System,Hydrant Running Full (WA4),1629 LEXINGTON AVENUE,MANHATTAN,40.79021540696446,-73.94774392242704,Closed
69855770,2026-07-26T18:24:00.000,Water System,Hydrant Running Full (WA4),152 SHERMAN AVENUE,MANHATTAN,40.86462736420933,-73.92318763020528,Closed
69847322,2026-07-26T18:20:00.000,Water System,Leak (Use Comments) (WA2),544 WEST  147 STREET,MANHATTAN,40.8270579200107,-73.94793901563013,Closed
69855782,2026-07-26T18:19:00.000,Water System,Possible Water Main Break (Use Comments) (WA1),42-52 MURRAY STREET,QUEENS,40.759774141158,-73.81166074960565,Closed
69851605,2026-07-26T18:14:00.000,Water System,Hydrant Running Full (WA4),569 ACADEMY STREET,MANHATTAN,40.86326314171466,-73.92302651709883,Closed
69850146,2026-07-26T18:09:00.000,Water System,Hydrant Running Full (WA4),486 LINCOLN PLACE,BROOKLYN,40.672053190083936,-73.9601726122386,Closed
69851595,2026-07-26T18:08:00.000,Water System,Hydrant Running (WC3),105 ELLWOOD STREET,MANHATTAN,40.86169721771338,-73.92934773728363,Closed
69854413,2026-07-26T18:00:00.000,Water System,Hydrant Running Full (WA4),1160 LEBANON STREET,BRONX,40.840659078544576,-73.8744975101599,Closed
69853048,2026-07-26T17:55:00.000,Water System,Hydrant Running (WC3),517 MYRTLE AVENUE,BROOKLYN,40.693620189457626,-73.96419496336601,Closed
69848728,2026-07-26T17:54:00.000,Water System,Hydrant Running Full (WA4),2600 7 AVENUE,MANHATTAN,40.82490868908109,-73.9367252542273,Closed
69854414,2026-07-26T17:45:00.000,Water System,Hydrant Running Full (WA4),475 LINCOLN PLACE,BROOKLYN,40.67211639459551,-73.96038887117359,Open
69857190,2026-07-26T17:44:00.000,Water System,Hydrant Running (WC3),248 COLUMBUS AVENUE,MANHATTAN,40.77704513992621,-73.97906920850919,Closed
69853058,2026-07-26T17:34:00.000,Water System,Hydrant Running Full (WA4),156-66 86 AVENUE,QUEENS,40.709279804832825,-73.80566436859559,Closed
69847317,2026-07-26T17:24:00.000,Water System,Hydrant Running Full (WA4),169 EAST  105 STREET,MANHATTAN,40.79125760216967,-73.94600241145547,Closed
69855773,2026-07-26T17:19:00.000,Water System,Hydrant Running Full (WA4),,BRONX,40.88040026285712,-73.90050281894527,Closed
69853044,2026-07-26T17:18:00.000,Water System,Hydrant Running (WC3),121 ST NICHOLAS AVENUE,MANHATTAN,40.8037024023158,-73.95270715642923,Closed
69853053,2026-07-26T17:15:00.000,Water System,Hydrant Running Full (WA4),,BROOKLYN,40.66344780354791,-73.9455363675378,Closed
69850138,2026-07-26T17:12:00.000,Water System,Hydrant Running (WC3),1226 FLUSHING AVENUE,BROOKLYN,40.70742887810631,-73.92411539070756,Closed
69854415,2026-07-26T17:11:00.000,Water System,Hydrant Running Full (WA4),1160 LEBANON STREET,BRONX,40.840659078544576,-73.8744975101599,Closed
69857197,2026-07-26T17:06:00.000,Water System,Hydrant Running Full (WA4),1061 HANCOCK STREET,BROOKLYN,40.68862338953397,-73.91472916052079,Closed
69857194,2026-07-26T17:02:00.000,Water System,Hydrant Running (WC3),1061 HANCOCK STREET,BROOKLYN,40.68862338953397,-73.91472916052079,Open
69854400,2026-07-26T16:41:00.000,Water System,Hydrant Leaking (WC1),,MANHATTAN,40.80419097074172,-73.95272486978865,Closed
69850134,2026-07-26T16:41:00.000,Water System,Hydrant Running (WC3),60 EAST    4 STREET,MANHATTAN,40.726740948817984,-73.99074573860955,Closed
69857203,2026-07-26T16:36:00.000,Water System,Hydrant Running Full (WA4),1409 FULTON AVENUE,BRONX,40.83484474936109,-73.90173096516601,Closed
69853059,2026-07-26T16:28:00.000,Water System,Hydrant Running Full (WA4),,QUEENS,40.75511393595376,-73.87188663547532,Closed
69857198,2026-07-26T16:25:00.000,Water System,Hydrant Running Full (WA4),,BRONX,40.885207552443305,-73.83855577523677,Closed
69857181,2026-07-26T16:24:00.000,Water System,Hydrant Leaking (WC1),42-61 24 STREET,QUEENS,40.749442683804155,-73.94279169765245,Closed
69855763,2026-07-26T16:05:00.000,Water System,Hydrant Leaking (WC1),51-72 MANILLA STREET,QUEENS,40.73546881221704,-73.88395473039859,Closed
69848718,2026-07-26T15:53:00.000,Water System,Hydrant Running (WC3),845 TRINITY AVENUE,BRONX,40.82127897783271,-73.90667194072519,Closed
69853054,2026-07-26T15:49:00.000,Water System,Hydrant Running Full (WA4),,BRONX,40.82504317031682,-73.85258740925035,Closed
69850150,2026-07-26T15:43:00.000,Water System,Hydrant Running Full (WA4),,BRONX,40.86312747629727,-73.86265476155015,Closed
69854404,2026-07-26T15:40:00.000,Water System,Hydrant Running (WC3),,QUEENS,40.755029741296724,-73.87269170145485,Closed
69857204,2026-07-26T15:24:00.000,Water System,Hydrant Running Full (WA4),152 SHERMAN AVENUE,MANHATTAN,40.86462736420933,-73.92318763020528,Closed
69857205,2026-07-26T15:20:00.000,Water System,Hydrant Running Full (WA4),,QUEENS,40.730399759636065,-73.81504518851439,Closed
69857199,2026-07-26T15:17:00.000,Water System,Hydrant Running Full (WA4),99 GOLD STREET,BROOKLYN,40.701930141530724,-73.9828147585138,Closed
69847308,2026-07-26T15:12:00.000,Water System,Hydrant Running (WC3),,MANHATTAN,40.7774128851202,-73.97879829456296,Closed
69848730,2026-07-26T15:09:00.000,Water System,Hydrant Running Full (WA4),372 BLAKE AVENUE,BROOKLYN,40.6662544322803,-73.90542537145461,Closed
69853060,2026-07-26T15:04:00.000,Water System,Hydrant Running Full (WA4),,BROOKLYN,40.7013592356452,-73.98285097093795,Assigned
69847320,2026-07-26T15:01:00.000,Water System,Hydrant Running Full (WA4),1238 MORRIS AVENUE,BRONX,40.83436282548944,-73.91343657194555,Closed
69847324,2026-07-26T14:54:00.000,Water System,Leak (Use Comments) (WA2),,QUEENS,40.764179855937805,-73.88219359891191,Closed
69850153,2026-07-26T14:46:00.000,Water System,Leak (Use Comments) (WA2),,QUEENS,40.71958186537548,-73.75832888227261,Closed
69850151,2026-07-26T14:33:00.000,Water System,Hydrant Running Full (WA4),249 COVERT STREET,BROOKLYN,40.691422796001085,-73.90729363515584,Closed
69851597,2026-07-26T14:31:00.000,Water System,Hydrant Running (WC3),1104 EAST   48 STREET,BROOKLYN,40.634364199718206,-73.93049275159925,Assigned
69857176,2026-07-26T14:23:00.000,Water System,Dirty Water (WE),65 SALAMANDER COURT,STATEN ISLAND,40.53860279845421,-74.22306745573974,Closed
69854421,2026-07-26T14:14:00.000,Water System,Leak (Use Comments) (WA2),131-16 225 STREET,QUEENS,40.6804168337318,-73.7432091244257,Closed
69855765,2026-07-26T14:06:00.000,Water System,Hydrant Running (WC3),1225 BAY RIDGE AVENUE,BROOKLYN,40.62456971969027,-74.00531350485495,Closed
69847310,2026-07-26T14:00:00.000,Water System,Hydrant Running (WC3),314 EAST  204 STREET,BRONX,40.872751541674745,-73.87835649188698,Closed
69857191,2026-07-26T13:57:00.000,Water System,Hydrant Running (WC3),2604 FARRAGUT ROAD,BROOKLYN,40.635956220643024,-73.95208021940726,Closed
69847306,2026-07-26T13:55:00.000,Water System,Hydrant Running (WC3),223 STANHOPE STREET,BROOKLYN,40.70065783895164,-73.92049136349274,Closed
69851608,2026-07-26T13:51:00.000,Water System,Hydrant Running Full (WA4),,BRONX,40.84549644428142,-73.88347725600698,Closed
69853061,2026-07-26T13:51:00.000,Water System,Hydrant Running Full (WA4),,BRONX,40.88464952371015,-73.82661191249979,Closed
69854405,2026-07-26T13:47:00.000,Water System,Hydrant Running (WC3),161 DYCKMAN STREET,MANHATTAN,40.863718021154384,-73.92609179191042,Closed
69858002,2026-07-26T13:44:00.000,Water System,No Water (WNW),111-34 127 STREET,QUEENS,40.68222214310462,-73.81416927169819,Closed
69853051,2026-07-26T13:40:00.000,Water System,Hydrant Running (WC3),161 DYCKMAN STREET,MANHATTAN,40.863718021154384,-73.92609179191042,Closed
69857200,2026-07-26T13:39:00.000,Water System,Hydrant Running Full (WA4),,MANHATTAN,40.82217413038197,-73.9521050976143,Closed
69850977,2026-07-26T13:34:00.000,Water System,No Water (WNW),86-42 102 STREET,QUEENS,40.694951823434614,-73.84530926751337,Closed
69854423,2026-07-26T13:26:00.000,Water System,Possible Water Main Break (Use Comments) (WA1),237-31 FAIRBURY AVENUE,QUEENS,40.72473682632098,-73.73004302786931,Closed
69855775,2026-07-26T13:22:00.000,Water System,Hydrant Running Full (WA4),122-17 7 AVENUE,QUEENS,40.79083151357525,-73.84525622522867,Closed
69848731,2026-07-26T13:17:00.000,Water System,Hydrant Running Full (WA4),24 THAYER STREET,MANHATTAN,40.86213716827355,-73.92623815859943,Closed
69847311,2026-07-26T13:14:00.000,Water System,Hydrant Running (WC3),,QUEENS,40.79083183818199,-73.84549818680048,Closed
69854402,2026-07-26T13:13:00.000,Water System,Hydrant Leaking (WC1),45 RIVINGTON STREET,MANHATTAN,40.720875423620654,-73.99102433685879,Closed
69853039,2026-07-26T12:14:00.000,Water System,Hydrant Defective (WC2),2831 FLATBUSH AVENUE,BROOKLYN,40.60259077385245,-73.91464097310806,Closed
69854397,2026-07-26T12:08:00.000,Water System,Hydrant Defective (WC2),1 GRACE COURT,BROOKLYN,40.6944738803682,-73.99831953265728,Closed
69854417,2026-07-26T12:06:00.000,Water System,Hydrant Running Full (WA4),951 EAST  179 STREET,BRONX,40.84302718582266,-73.88174314658023,Closed
69850154,2026-07-26T12:04:00.000,Water System,Leak (Use Comments) (WA2),,QUEENS,40.764179855937805,-73.88219359891191,Closed
69854418,2026-07-26T12:03:00.000,Water System,Hydrant Running Full (WA4),,BRONX,40.843909661928684,-73.88046213075634,Closed
69847304,2026-07-26T12:00:00.000,Water System,Hydrant Leaking (WC1),215 EAST   44 STREET,MANHATTAN,40.75183615241764,-73.9729377806273,Closed
69850139,2026-07-26T11:58:00.000,Water System,Hydrant Running (WC3),121 MADISON AVENUE,MANHATTAN,40.74540462033191,-73.98466213285583,Closed
69848732,2026-07-26T11:46:00.000,Water System,Hydrant Running Full (WA4),MACLAY AVENUE,BRONX,,,Closed
69851587,2026-07-26T11:40:00.000,Water System,Hydrant Defective (WC2),2518 QUENTIN ROAD,BROOKLYN,40.60935473853476,-73.9481448058278,Closed
69850135,2026-07-26T10:59:00.000,Water System,Hydrant Running (WC3),153 EAST  101 STREET,MANHATTAN,40.78894210747047,-73.94831189129201,Closed
69848715,2026-07-26T10:43:00.000,Water System,Hydrant Knocked Over/Missing (WC),5517 7 AVENUE,BROOKLYN,40.639490162120396,-74.00896831915763,Closed
69847325,2026-07-26T10:42:00.000,Water System,Possible Water Main Break (Use Comments) (WA1),,BROOKLYN,40.608746774836625,-73.95827996342706,Closed
69851609,2026-07-26T10:42:00.000,Water System,Hydrant Running Full (WA4),,BRONX,40.83348410628512,-73.87936784529583,Closed
69851592,2026-07-26T10:11:00.000,Water System,Hydrant Running (WC3),763 OCEAN PARKWAY,BROOKLYN,40.629723771809715,-73.97150660606046,Closed
69850140,2026-07-26T09:49:00.000,Water System,Hydrant Running (WC3),319 EAST  204 STREET,BRONX,40.87267733589702,-73.8782626162935,Closed
69853045,2026-07-26T09:49:00.000,Water System,Hydrant Running (WC3),459 PROSPECT PLACE,BROOKLYN,40.676058158032234,-73.96116884921057,Closed
69851544,2026-07-26T09:46:00.000,Water System,Hydrant Running Full (WA4),,MANHATTAN,40.79883297182533,-73.95201714895177,Assigned
69855777,2026-07-26T09:20:00.000,Water System,Hydrant Running Full (WA4),2885 BRIGGS AVENUE,BRONX,40.86972021375843,-73.88803392754367,Closed
69855764,2026-07-26T09:18:00.000,Water System,Hydrant Leaking (WC1),1104 EAST   18 STREET,BROOKLYN,40.6238897862279,-73.95824528158956,Closed
69854409,2026-07-26T09:08:00.000,Water System,Hydrant Running (WC3),215 CHERRY STREET,MANHATTAN,40.71101625805208,-73.99121323094754,Closed
69881432,2026-07-29T22:52:00.000,Sewer,Catch Basin Search (SC2),1265 BEDFORD AVENUE,BROOKLYN,40.67968102580498,-73.95316646003823,Open
69891212,2026-07-29T20:49:00.000,Sewer,Catch Basin Clogged/Flooding (Use Comments) (SC),173 NORFOLK STREET,BROOKLYN,40.57923700131611,-73.93890196470613,Open
69886779,2026-07-29T16:48:00.000,Sewer,RAIN GARDEN DEBRIS (GIRGD),,BROOKLYN,40.67223287201492,-73.88470283323964,Open
69889695,2026-07-29T16:21:00.000,Sewer,Catch Basin Clogged/Flooding (Use Comments) (SC),96 INDIA STREET,BROOKLYN,40.73214299580921,-73.95644190849734,Open
69889696,2026-07-29T15:14:00.000,Sewer,Catch Basin Clogged/Flooding (Use Comments) (SC),485 HICKS STREET,BROOKLYN,40.68630820279954,-74.0001225941908,Open
69884053,2026-07-29T12:52:00.000,Sewer,RAIN GARDEN PLANTING (GIRGP),182-06 80 ROAD,QUEENS,40.72691728050401,-73.78535086395695,Open
69889702,2026-07-29T11:29:00.000,Sewer,Manhole Overflow (Use Comments) (SA1),51-19 SKILLMAN AVENUE,QUEENS,40.74600964932057,-73.91311108196709,Open
69881428,2026-07-29T10:50:00.000,Sewer,Catch Basin Clogged/Flooding (Use Comments) (SC),139 FLATBUSH AVENUE,BROOKLYN,40.68443685749042,-73.97772453928852,Open
69888305,2026-07-29T10:44:00.000,Sewer,Sewer Backup (Use Comments) (SA),22 EAST   60 STREET,MANHATTAN,40.764090885751585,-73.97068381949168,Open
69886939,2026-07-29T08:20:00.000,Sewer,Catch Basin Clogged/Flooding (Use Comments) (SC),244 PUTNAM AVENUE,BROOKLYN,40.683841458987914,-73.95161313926418,Open
69888295,2026-07-29T07:35:00.000,Sewer,Catch Basin Search (SC2),,BROOKLYN,40.69401168468217,-73.96109348268013,Open
69881430,2026-07-29T06:14:00.000,Sewer,Catch Basin Clogged/Flooding (Use Comments) (SC),70-09 GROTON STREET,QUEENS,40.71651167936938,-73.84922010049708,Open
69878533,2026-07-28T21:45:00.000,Sewer,Street Flooding (SJ),1425 KINGS HIGHWAY,BROOKLYN,40.608508194435615,-73.9588815646739,Closed
69875559,2026-07-28T21:28:00.000,Sewer,Sewer Backup (Use Comments) (SA),1916 LONGFELLOW AVENUE,BRONX,40.83927807689841,-73.88190521314769,Open
69881230,2026-07-28T21:25:00.000,Sewer,RAIN GARDEN STRUCTURE (GIRGS),1050 HANCOCK STREET,BROOKLYN,40.68839846259048,-73.91492416277791,Open
69869675,2026-07-28T19:55:00.000,Sewer,Catch Basin Sunken/Damaged/Raised (SC1),944 VAN NEST AVENUE,BRONX,40.84594982841558,-73.85708072731512,Closed
69872663,2026-07-28T18:38:00.000,Sewer,Street Flooding (SJ),52-01 SKILLMAN AVENUE,QUEENS,40.745924020853586,-73.91239662356028,Open
69869678,2026-07-28T17:59:00.000,Sewer,Sewer Backup (Use Comments) (SA),80 BRUCKNER BOULEVARD,BRONX,40.806199762400574,-73.92597866184836,Closed
69869679,2026-07-28T17:52:00.000,Sewer,Sewer Backup (Use Comments) (SA),22 EAST   60 STREET,MANHATTAN,40.764090885751585,-73.97068381949168,Closed
69879810,2026-07-28T17:16:00.000,Sewer,RAIN GARDEN DEBRIS (GIRGD),97-12 95 AVENUE,QUEENS,40.6877384256996,-73.84521061643451,Open
69878526,2026-07-28T16:09:00.000,Sewer,Manhole Overflow (Use Comments) (SA1),52-01 SKILLMAN AVENUE,QUEENS,40.745924020853586,-73.91239662356028,Closed
69875556,2026-07-28T15:35:00.000,Sewer,Manhole Overflow (Use Comments) (SA1),,BROOKLYN,40.608746774836625,-73.95827996342706,Closed
69879811,2026-07-28T15:30:00.000,Sewer,RAIN GARDEN DEBRIS (GIRGD),131 STREET,QUEENS,,,Open
69871149,2026-07-28T14:48:00.000,Sewer,Manhole Overflow (Use Comments) (SA1),,QUEENS,40.745885390947606,-73.91212961296283,Closed
69877059,2026-07-28T14:32:00.000,Sewer,Manhole Cover Missing (Emergency) (SA3),51-19 SKILLMAN AVENUE,QUEENS,40.74600964932057,-73.91311108196709,Closed
69871150,2026-07-28T14:28:00.000,Sewer,Manhole Overflow (Use Comments) (SA1),,QUEENS,40.745783157320886,-73.91124555940564,Closed
69875555,2026-07-28T13:57:00.000,Sewer,Catch Basin Search (SC2),,BRONX,40.86183103497358,-73.89285185125252,Closed
69872662,2026-07-28T13:57:00.000,Sewer,Street Flooding (SJ),,BRONX,40.824138029930246,-73.89294867750611,Closed
69874100,2026-07-28T13:51:00.000,Sewer,Manhole Overflow (Use Comments) (SA1),1425 KINGS HIGHWAY,BROOKLYN,40.608508194435615,-73.9588815646739,Closed
69874092,2026-07-28T12:24:00.000,Sewer,Catch Basin Clogged/Flooding (Use Comments) (SC),,QUEENS,40.76947030937831,-73.91487475045936,Open
69879960,2026-07-28T12:16:00.000,Sewer,Catch Basin Clogged/Flooding (Use Comments) (SC),1004 VAN NEST AVENUE,BRONX,40.846885927424154,-73.85500403873101,Closed
69879965,2026-07-28T12:00:00.000,Sewer,Sewer Backup (Use Comments) (SA),224 BEACH   28 STREET,QUEENS,40.59565510718368,-73.76120797492507,Closed
69874101,2026-07-28T11:25:00.000,Sewer,Sewer Backup (Use Comments) (SA),94-24 HOLLIS COURT BOULEVARD,QUEENS,40.716064221554554,-73.74861265300875,Closed
69879966,2026-07-28T11:14:00.000,Sewer,Sewer Backup (Use Comments) (SA),78 RIDGE STREET,MANHATTAN,40.71770718532209,-73.98382798018937,Closed
69878524,2026-07-28T11:06:00.000,Sewer,Culvert Blocked/Needs Cleaning (SE),198 DELANCY STREET,MANHATTAN,40.71716099725299,-73.98396519318098,Closed
69869663,2026-07-28T10:44:00.000,Sewer,Catch Basin Clogged/Flooding (Use Comments) (SC),,BRONX,40.85005132357941,-73.85780929151602,Closed
69878518,2026-07-28T10:36:00.000,Sewer,Catch Basin Clogged/Flooding (Use Comments) (SC),1921 GLEASON AVENUE,BRONX,40.83072307058256,-73.86006208508235,Closed
69869664,2026-07-28T10:36:00.000,Sewer,Catch Basin Clogged/Flooding (Use Comments) (SC),78 RIDGE STREET,MANHATTAN,40.71770718532209,-73.98382798018937,Closed
69875547,2026-07-28T10:20:00.000,Sewer,Catch Basin Clogged/Flooding (Use Comments) (SC),144-52 77 AVENUE,QUEENS,40.721656844155405,-73.8179591649135,Closed
69872645,2026-07-28T09:37:00.000,Sewer,Catch Basin Clogged/Flooding (Use Comments) (SC),119-18 155 STREET,QUEENS,40.67949403268875,-73.78733863043246,Closed
69877007,2026-07-28T09:33:00.000,Sewer,Manhole Cover Missing (Emergency) (SA3),1015 CASTLE HILL AVENUE,BRONX,40.82796038056856,-73.8501274526584,Assigned
69878527,2026-07-28T09:06:00.000,Sewer,Sewer Backup (Use Comments) (SA),153-10 HILLSIDE AVENUE,QUEENS,40.70729291337505,-73.80423463251647,Closed
69871140,2026-07-28T09:04:00.000,Sewer,Catch Basin Clogged/Flooding (Use Comments) (SC),61-61 69 STREET,QUEENS,40.71803721234228,-73.88991569767612,Closed
69878525,2026-07-28T09:04:00.000,Sewer,Manhole Cover Missing (Emergency) (SA3),1425 KINGS HIGHWAY,BROOKLYN,40.608508194435615,-73.9588815646739,Closed
69871151,2026-07-28T09:04:00.000,Sewer,Manhole Overflow (Use Comments) (SA1),320 47 STREET,BROOKLYN,40.64893467432032,-74.0121480447877,Open
69875558,2026-07-28T01:21:00.000,Sewer,Sewer Backup (Use Comments) (SA),34-02 30 STREET,QUEENS,40.759798716343724,-73.9282646266739,Closed
69858628,2026-07-27T22:59:00.000,Sewer,Catch Basin Search (SC2),,BRONX,40.852308930996536,-73.89810490946371,Closed
69861380,2026-07-27T22:24:00.000,Sewer,Catch Basin Search (SC2),48-01 69 STREET,QUEENS,40.7382469373114,-73.89589410979623,Open
69864108,2026-07-27T22:10:00.000,Sewer,Sewer Backup (Use Comments) (SA),1663 76 STREET,BROOKLYN,40.61469133603037,-73.99974787098431,Closed
69868238,2026-07-27T21:52:00.000,Sewer,Sewer Backup (Use Comments) (SA),185-46 FONDA AVENUE,QUEENS,40.701491077183256,-73.77040065398505,Closed
69865490,2026-07-27T20:50:00.000,Sewer,Sewer Odor (SA2),420 CARROLL STREET,BROOKLYN,40.67791685749424,-73.98848841180947,Closed
69858632,2026-07-27T20:48:00.000,Sewer,Sewer Backup (Use Comments) (SA),118-51 233 STREET,QUEENS,40.68926331216121,-73.73003520058373,Closed
69864109,2026-07-27T20:13:00.000,Sewer,Sewer Backup (Use Comments) (SA),667 WEST   30 STREET,MANHATTAN,40.75401029111439,-74.00557287674494,Closed
69866852,2026-07-27T19:23:00.000,Sewer,Sewer Backup (Use Comments) (SA),115-39 146 STREET,QUEENS,40.68250393830119,-73.79581281090225,Closed
69858633,2026-07-27T18:06:00.000,Sewer,Sewer Backup (Use Comments) (SA),86-27 239 STREET,QUEENS,40.73183810255572,-73.72678853471066,Closed
69862552,2026-07-27T18:00:00.000,Sewer,RAIN GARDEN PLANTING (GIRGP),,BROOKLYN,40.69406851306072,-73.9140550620167,Open
69865488,2026-07-27T17:56:00.000,Sewer,Sewer Backup (Use Comments) (SA),5218 AVENUE M,BROOKLYN,40.62149037486125,-73.92492273048647,Closed
69862748,2026-07-27T17:35:00.000,Sewer,Catch Basin Clogged/Flooding (Use Comments) (SC),352 BEACH   70 STREET,QUEENS,40.59179407760032,-73.79897787701748,Closed
69866851,2026-07-27T17:26:00.000,Sewer,Manhole Overflow (Use Comments) (SA1),2828 WEST   28 STREET,BROOKLYN,40.57702983011788,-73.99460028181525,Closed
69862760,2026-07-27T16:38:00.000,Sewer,Sewer Backup (Use Comments) (SA),2483 EAST    7 STREET,BROOKLYN,40.58971306356752,-73.96252243777171,Closed
69858635,2026-07-27T16:13:00.000,Sewer,Sewer Backup (Use Comments) (SA),147-23 35 AVENUE,QUEENS,40.76636552021653,-73.8192882037036,Closed
69861189,2026-07-27T16:01:00.000,Sewer,RAIN GARDEN DEBRIS (GIRGD),,BROOKLYN,40.664376884821884,-73.92374984780145,Open
69865489,2026-07-27T16:00:00.000,Sewer,Sewer Backup (Use Comments) (SA),101-51 97 STREET,QUEENS,40.68349278770087,-73.8435727283448,Closed
69866849,2026-07-27T15:28:00.000,Sewer,Defective/Missing Curb Piece (SC4),187 PEARL STREET,MANHATTAN,40.70643262062413,-74.00708736205439,Closed
69868240,2026-07-27T14:36:00.000,Sewer,Sewer Backup (Use Comments) (SA),5 CENTER MARKET PLACE,MANHATTAN,40.719942534749364,-73.99781744365671,Closed
69864103,2026-07-27T14:19:00.000,Sewer,Catch Basin Clogged/Flooding (Use Comments) (SC),,BROOKLYN,40.639142564121535,-73.93966503269066,Open
69858638,2026-07-27T14:11:00.000,Sewer,Sewer Odor (SA2),2872 WEST   15 STREET,BROOKLYN,40.577632527789895,-73.98281074190417,Closed
69859977,2026-07-27T13:42:00.000,Sewer,Street Flooding (SJ),58-23 212 STREET,QUEENS,40.747955921025536,-73.7656606178399,Open
69862757,2026-07-27T13:40:00.000,Sewer,Manhole Overflow (Use Comments) (SA1),,BROOKLYN,40.608746774836625,-73.95827996342706,Closed
69861373,2026-07-27T13:38:00.000,Sewer,Catch Basin Clogged/Flooding (Use Comments) (SC),105 WEST   58 STREET,MANHATTAN,40.765217705069645,-73.9772065639627,Closed
69866840,2026-07-27T13:27:00.000,Sewer,Catch Basin Clogged/Flooding (Use Comments) (SC),111-15 62 DRIVE,QUEENS,40.737033174737284,-73.8463265853293,Open
69858637,2026-07-27T13:26:00.000,Sewer,Sewer Backup (Use Comments) (SA),1250 EAST  222 STREET,BRONX,40.880238765151034,-73.8459341106753,Closed
69858630,2026-07-27T12:39:00.000,Sewer,Sewer Backup (Use Comments) (SA),114-22 178 STREET,QUEENS,40.69418498458199,-73.77203415635208,Closed
69861375,2026-07-27T12:33:00.000,Sewer,Catch Basin Clogged/Flooding (Use Comments) (SC),655 MADISON AVENUE,MANHATTAN,40.76419243108964,-73.97064406558574,Closed
69865487,2026-07-27T12:32:00.000,Sewer,Sewer Backup (Use Comments) (SA),115-46 165 STREET,QUEENS,40.68781365611634,-73.78303200772099,Closed
69859973,2026-07-27T11:59:00.000,Sewer,Sewer Backup (Use Comments) (SA),147-04 183 STREET,QUEENS,40.65966306722641,-73.76483182978642,Closed
69858631,2026-07-27T11:02:00.000,Sewer,Sewer Backup (Use Comments) (SA),105-07 80 STREET,QUEENS,40.679204630884456,-73.8577481388346,Closed
69858629,2026-07-27T10:47:00.000,Sewer,Catch Basin Sunken/Damaged/Raised (SC1),,BRONX,40.856751116650955,-73.90605100254129,Closed
69859784,2026-07-27T10:40:00.000,Sewer,RAIN GARDEN PLANTING (GIRGP),40-44 74 STREET,QUEENS,40.74563422303761,-73.89120539930539,Open
69864107,2026-07-27T10:33:00.000,Sewer,Manhole Overflow (Use Comments) (SA1),230 LIVINGSTON AVENUE,STATEN ISLAND,40.599850082288654,-74.12820435968717,Open
69866631,2026-07-27T10:02:00.000,Sewer,RAIN GARDEN PLANTING (GIRGP),155-16 81 STREET,QUEENS,40.66380555163022,-73.85269863357522,Open
69862756,2026-07-27T09:20:00.000,Sewer,Catch Basin Sunken/Damaged/Raised (SC1),,BRONX,40.80894961070087,-73.85815718954802,Assigned
69862759,2026-07-27T09:09:00.000,Sewer,Manhole Overflow (Use Comments) (SA1),,BROOKLYN,40.67920428144961,-73.95529393829852,Closed
69868234,2026-07-27T08:54:00.000,Sewer,Catch Basin Grating Missing (SA4),2114 BRYANT AVENUE,BRONX,40.843600577063775,-73.87885434915415,Closed
69861386,2026-07-27T08:37:00.000,Sewer,Sewer Backup (Use Comments) (SA),153-10 HILLSIDE AVENUE,QUEENS,40.70729291337505,-73.80423463251647,Closed
69858639,2026-07-27T07:03:00.000,Sewer,Sewer Odor (SA2),,MANHATTAN,40.731351188882584,-73.98255460051172,Open
69866845,2026-07-27T06:01:00.000,Sewer,Catch Basin Clogged/Flooding (Use Comments) (SC),127 3 PLACE,BROOKLYN,40.67842516994581,-73.99672640096483,Closed
69866850,2026-07-27T06:00:00.000,Sewer,Manhole Cover Missing (Emergency) (SA3),ROCKAWAY BOULEVARD,QUEENS,,,Closed
69862755,2026-07-27T05:10:00.000,Sewer,Catch Basin Search (SC2),,BROOKLYN,40.708369632506496,-73.92306110314539,Open
69859935,2026-07-27T05:01:00.000,Sewer,Manhole Cover Missing (Emergency) (SA3),130 WILSON AVENUE,BROOKLYN,40.700757473765435,-73.92583606933124,Assigned
69866847,2026-07-27T02:27:00.000,Sewer,Catch Basin Sunken/Damaged/Raised (SC1),,QUEENS,40.740415799441706,-73.71336163055362,Closed
69853036,2026-07-26T21:57:00.000,Sewer,Sewer Backup (Use Comments) (SA),91-08 SUTTER AVENUE,QUEENS,40.676513194813175,-73.8458856037661,Closed
69848706,2026-07-26T21:29:00.000,Sewer,Catch Basin Clogged/Flooding (Use Comments) (SC),1481 BLONDELL AVENUE,BRONX,40.84495098472401,-73.84452674062642,Closed
69850122,2026-07-26T21:17:00.000,Sewer,Catch Basin Clogged/Flooding (Use Comments) (SC),1702 11 AVENUE,BROOKLYN,40.6555261734099,-73.97797205980328,Closed
69850125,2026-07-26T20:54:00.000,Sewer,Manhole Overflow (Use Comments) (SA1),1425 KINGS HIGHWAY,BROOKLYN,40.608508194435615,-73.9588815646739,Closed
69847296,2026-07-26T19:39:00.000,Sewer,Street Flooding (SJ),230 NAPLES TERRACE,BRONX,40.879830615819515,-73.9052481373478,Closed
69857171,2026-07-26T19:32:00.000,Sewer,Culvert Blocked/Needs Cleaning (SE),365 WILSON AVENUE,BROOKLYN,40.69550862571908,-73.9165739469288,Closed
69853038,2026-07-26T19:29:00.000,Sewer,Sewer Odor (SA2),281 EAST   49 STREET,BROOKLYN,40.65504690223386,-73.93173621471203,Closed
69848708,2026-07-26T19:17:00.000,Sewer,Catch Basin Search (SC2),10 RIVER ROAD,MANHATTAN,40.76499392963254,-73.94754711293618,Closed
69847292,2026-07-26T18:20:00.000,Sewer,Sewer Backup (Use Comments) (SA),86 VEDDER AVENUE,STATEN ISLAND,40.62101693004534,-74.14738344529762,Closed
69851581,2026-07-26T17:54:00.000,Sewer,Sewer Backup (Use Comments) (SA),2297 CONEY ISLAND AVENUE,BROOKLYN,40.60106792118769,-73.96138891716215,Closed
69854389,2026-07-26T17:47:00.000,Sewer,Manhole Overflow (Use Comments) (SA1),73-01 51 AVENUE,QUEENS,40.73644571170359,-73.88929350198721,Closed
69855754,2026-07-26T17:18:00.000,Sewer,Manhole Overflow (Use Comments) (SA1),1425 KINGS HIGHWAY,BROOKLYN,40.608508194435615,-73.9588815646739,Closed
69857172,2026-07-26T17:12:00.000,Sewer,Culvert Blocked/Needs Cleaning (SE),1903 TOMLINSON AVENUE,BRONX,40.85218472251549,-73.85402374583835,Closed
69848712,2026-07-26T17:06:00.000,Sewer,Sewer Odor (SA2),,BROOKLYN,40.700107869592266,-73.95381930513304,Closed
69851582,2026-07-26T17:00:00.000,Sewer,Sewer Backup (Use Comments) (SA),308 DELANCEY STREET,MANHATTAN,40.71551874704508,-73.97854022140996,Closed
69848710,2026-07-26T16:44:00.000,Sewer,Sewer Backup (Use Comments) (SA),242 WALLABOUT STREET,BROOKLYN,40.700159797427006,-73.95326748060461,Closed
69848709,2026-07-26T16:30:00.000,Sewer,Manhole Overflow (Use Comments) (SA1),1656 EAST   15 STREET,BROOKLYN,40.6092600905963,-73.95838768915253,Closed
69857169,2026-07-26T16:15:00.000,Sewer,Catch Basin Grating Missing (SA4),,QUEENS,40.696185598524806,-73.75196569695593,Closed
69854393,2026-07-26T15:51:00.000,Sewer,Street Flooding (SJ),843 TRINITY AVENUE,BRONX,40.82124056350577,-73.90668644669908,Open
69847290,2026-07-26T14:41:00.000,Sewer,Manhole Overflow (Use Comments) (SA1),,BROOKLYN,40.608746774836625,-73.95827996342706,Closed
69853035,2026-07-26T13:56:00.000,Sewer,Sewer Backup (Use Comments) (SA),32 MAPLEWOOD PLACE,STATEN ISLAND,40.574608402838955,-74.10424680432023,Closed
69847293,2026-07-26T13:25:00.000,Sewer,Sewer Backup (Use Comments) (SA),145-31 115 AVENUE,QUEENS,40.683406536200884,-73.79711886700251,Closed
69854390,2026-07-26T13:17:00.000,Sewer,Sewer Backup (Use Comments) (SA),550 WASHINGTON STREET,MANHATTAN,40.728157221318135,-74.00952144828382,Closed
69848711,2026-07-26T12:58:00.000,Sewer,Sewer Backup (Use Comments) (SA),39-39 221 STREET,QUEENS,40.76638878916744,-73.76253803953456,Closed
69851583,2026-07-26T12:56:00.000,Sewer,Sewer Backup (Use Comments) (SA),39-32 221 STREET,QUEENS,40.766432779263546,-73.76257398331548,Closed
69847294,2026-07-26T12:46:00.000,Sewer,Sewer Backup (Use Comments) (SA),1312 DINSMORE AVENUE,QUEENS,40.60479293434759,-73.74850943818397,Closed
69850126,2026-07-26T12:32:00.000,Sewer,Sewer Backup (Use Comments) (SA),128-05 145 STREET,QUEENS,40.67213896046355,-73.7938906572383,Closed
69854391,2026-07-26T12:24:00.000,Sewer,Sewer Backup (Use Comments) (SA),1312 DINSMORE AVENUE,QUEENS,40.60479293434759,-73.74850943818397,Closed
69847295,2026-07-26T12:10:00.000,Sewer,Sewer Backup (Use Comments) (SA),2448 RALPH AVENUE,BROOKLYN,40.61828187507955,-73.91716754877419,Closed
69853037,2026-07-26T11:32:00.000,Sewer,Sewer Odor (SA2),177 MESEROLE AVENUE,BROOKLYN,40.72818768033055,-73.9494269766019,Closed
69854392,2026-07-26T11:14:00.000,Sewer,Sewer Backup (Use Comments) (SA),11-60 NEILSON STREET,QUEENS,40.60588006603053,-73.74859537757648,Closed
69857174,2026-07-26T10:55:00.000,Sewer,Sewer Backup (Use Comments) (SA),4516 AVENUE L,BROOKLYN,40.62327336960959,-73.9319416220447,Closed
69855755,2026-07-26T10:40:00.000,Sewer,Sewer Backup (Use Comments) (SA),78 8 AVENUE,BROOKLYN,40.67331404277188,-73.97308500245792,Closed
69857175,2026-07-26T10:20:00.000,Sewer,Sewer Backup (Use Comments) (SA),23-94 23 STREET,QUEENS,40.776025943525894,-73.92038693328539,Closed
69848584,2026-07-26T09:18:00.000,Sewer,RAIN GARDEN PLANTING (GIRGP),,QUEENS,40.74849490810585,-73.89791722527721,Open
69847291,2026-07-26T09:10:00.000,Sewer,Sewer Backup (Use Comments) (SA),2822 AVENUE D,BROOKLYN,40.64083562285651,-73.95013095766939,Closed
69840569,2026-07-25T23:11:00.000,Sewer,Manhole Overflow (Use Comments) (SA1),,BROOKLYN,40.608746774836625,-73.95827996342706,Closed
69841871,2026-07-25T20:29:00.000,Sewer,Sewer Backup (Use Comments) (SA),101 RUTLEDGE STREET,BROOKLYN,40.70094690858816,-73.95878487949746,Closed
69840570,2026-07-25T19:50:00.000,Sewer,Manhole Overflow (Use Comments) (SA1),812 FOREST AVENUE,STATEN ISLAND,40.62892691075819,-74.1167714765246,Closed
69845987,2026-07-25T19:20:00.000,Sewer,Sewer Odor (SA2),2311 2 AVENUE,MANHATTAN,40.798649851819455,-73.93658407131294,Closed
69840576,2026-07-25T19:16:00.000,Sewer,Street Flooding (SJ),1146 ATLANTIC AVENUE,BROOKLYN,40.679165799908056,-73.95515335638952,Open
69845982,2026-07-25T18:26:00.000,Sewer,Manhole Overflow (Use Comments) (SA1),1425 KINGS HIGHWAY,BROOKLYN,40.608508194435615,-73.9588815646739,Closed
69843262,2026-07-25T17:53:00.000,Sewer,Street Flooding (SJ),351 SOUTH    4 STREET,BROOKLYN,40.70858370786702,-73.95382786083195,Closed
69839174,2026-07-25T17:51:00.000,Sewer,Manhole Overflow (Use Comments) (SA1),,QUEENS,40.7126973856682,-73.90059444155973,Closed
69839175,2026-07-25T17:46:00.000,Sewer,Manhole Overflow (Use Comments) (SA1),EAST   15 STREET,BROOKLYN,,,Closed
69837853,2026-07-25T17:34:00.000,Sewer,Sewer Backup (Use Comments) (SA),51 SAINT FELIX STREET,BROOKLYN,40.68833167139333,-73.97764030427368,Closed
69837852,2026-07-25T17:22:00.000,Sewer,Manhole Overflow (Use Comments) (SA1),3253 ATLANTIC AVENUE,BROOKLYN,40.68059197220651,-73.87537561780385,Open
69840567,2026-07-25T17:12:00.000,Sewer,Manhole Cover Missing (Emergency) (SA3),319 GREAT KILLS ROAD,STATEN ISLAND,40.546300093837544,-74.14122051412124,Closed
69844645,2026-07-25T15:58:00.000,Sewer,Catch Basin Clogged/Flooding (Use Comments) (SC),80 BRUCKNER BOULEVARD,BRONX,40.806199762400574,-73.92597866184836,Closed
69836551,2026-07-25T15:53:00.000,Sewer,Catch Basin Clogged/Flooding (Use Comments) (SC),80 BRUCKNER BOULEVARD,BRONX,40.806199762400574,-73.92597866184836,Closed
69837849,2026-07-25T15:30:00.000,Sewer,Catch Basin Sunken/Damaged/Raised (SC1),23-01 29 AVENUE,QUEENS,40.76981543298222,-73.92574833477535,Closed
69844648,2026-07-25T15:24:00.000,Sewer,Sewer Backup (Use Comments) (SA),1406 AVENUE U,BROOKLYN,40.598741575913245,-73.95715190534675,Closed
69840573,2026-07-25T14:44:00.000,Sewer,Sewer Backup (Use Comments) (SA),230-39 146 AVENUE,QUEENS,40.65926902453884,-73.74979262598849,Closed
69840568,2026-07-25T14:35:00.000,Sewer,Manhole Cover Missing (Emergency) (SA3),43-09 20 AVENUE,QUEENS,40.77488421167896,-73.89942568047555,Started
69841870,2026-07-25T14:33:00.000,Sewer,Sewer Backup (Use Comments) (SA),34-02 30 STREET,QUEENS,40.759798716343724,-73.9282646266739,Closed
69844646,2026-07-25T14:31:00.000,Sewer,Catch Basin Clogged/Flooding (Use Comments) (SC),80 BRUCKNER BOULEVARD,BRONX,40.806199762400574,-73.92597866184836,Closed
69839176,2026-07-25T14:30:00.000,Sewer,Sewer Backup (Use Comments) (SA),34-02 30 STREET,QUEENS,40.759798716343724,-73.9282646266739,Closed
69840566,2026-07-25T14:13:00.000,Sewer,Catch Basin Search (SC2),214 WEST   43 STREET,MANHATTAN,40.756987756484406,-73.9871356084243,Closed
69840572,2026-07-25T13:05:00.000,Sewer,Sewer Backup (Use Comments) (SA),84 NORTH    3 STREET,BROOKLYN,40.71696932443857,-73.96238234221563,Closed
69845986,2026-07-25T12:31:00.000,Sewer,Sewer Backup (Use Comments) (SA),2297 CONEY ISLAND AVENUE,BROOKLYN,40.60106792118769,-73.96138891716215,Closed
69836557,2026-07-25T11:49:00.000,Sewer,Sewer Backup (Use Comments) (SA),8 FOUNTAIN AVENUE,BROOKLYN,40.679775227998825,-73.87648759556762,Closed
69841869,2026-07-25T11:41:00.000,Sewer,Manhole Overflow (Use Comments) (SA1),45-57 DAVIS STREET,QUEENS,40.74425874322234,-73.94461500871317,Closed
69840574,2026-07-25T11:38:00.000,Sewer,Sewer Backup (Use Comments) (SA),36 WEST   28 STREET,MANHATTAN,40.74550120706838,-73.98925986854637,Closed
69841866,2026-07-25T10:57:00.000,Sewer,Catch Basin Clogged/Flooding (Use Comments) (SC),187 SPRING STREET,MANHATTAN,40.72504776813602,-74.00294036311726,Closed
69843263,2026-07-25T10:52:00.000,Sewer,Street Flooding (SJ),52-89 70 STREET,QUEENS,40.73146006705401,-73.8938841449092,Closed
69836553,2026-07-25T10:43:00.000,Sewer,Catch Basin Clogged/Flooding (Use Comments) (SC),309 NEVINS STREET,BROOKLYN,40.67890487452147,-73.98751480722511,Closed
69843260,2026-07-25T10:39:00.000,Sewer,Manhole Cover Missing (Emergency) (SA3),,MANHATTAN,40.76734287488971,-73.96867156292758,Closed
69836559,2026-07-25T10:39:00.000,Sewer,Sewer Odor (SA2),344 EAST  112 STREET,MANHATTAN,40.793745752456324,-73.93792862098367,Closed
69836560,2026-07-25T10:36:00.000,Sewer,Sewer Odor (SA2),73-15 GRAND AVENUE,QUEENS,40.729743297457965,-73.88958606588511,Started
69844649,2026-07-25T10:32:00.000,Sewer,Sewer Odor (SA2),45-57 DAVIS STREET,QUEENS,40.74425874322234,-73.94461500871317,Closed
69840571,2026-07-25T10:24:00.000,Sewer,Manhole Overflow (Use Comments) (SA1),1630 EAST   15 STREET,BROOKLYN,40.609688308495315,-73.95847025842585,Closed
69836558,2026-07-25T08:48:00.000,Sewer,Sewer Backup (Use Comments) (SA),550 WASHINGTON STREET,MANHATTAN,40.728157221318135,-74.00952144828382,Closed
69840575,2026-07-25T08:26:00.000,Sewer,Sewer Odor (SA2),90-13 ROCKAWAY BOULEVARD,QUEENS,40.68190587423918,-73.8494209322724,Closed
69837850,2026-07-25T06:30:00.000,Sewer,Manhole Cover Missing (Emergency) (SA3),1658 86 STREET,BROOKLYN,40.609281190160374,-74.00600738738746,Closed
69845985,2026-07-25T02:45:00.000,Sewer,Sewer Backup (Use Comments) (SA),8 FOUNTAIN AVENUE,BROOKLYN,40.679775227998825,-73.87648759556762,Closed
69827783,2026-07-24T23:09:00.000,Sewer,Sewer Backup (Use Comments) (SA),139 WINDSOR PLACE,BROOKLYN,40.65962733333416,-73.98050811123821,Closed
69830677,2026-07-24T22:25:00.000,Sewer,Catch Basin Search (SC2),,BROOKLYN,40.655424121152336,-73.95006599184083,Open
69827774,2026-07-24T22:13:00.000,Sewer,Catch Basin Clogged/Flooding (Use Comments) (SC),,QUEENS,40.71079770266842,-73.78266141672187,Closed
69835062,2026-07-24T22:09:00.000,Sewer,Catch Basin Clogged/Flooding (Use Comments) (SC),,QUEENS,40.71101828749652,-73.78174089736532,Closed
69835071,2026-07-24T21:48:00.000,Sewer,Sewer Backup (Use Comments) (SA),23-94 23 STREET,QUEENS,40.776025943525894,-73.92038693328539,Closed
69824882,2026-07-24T21:47:00.000,Sewer,Catch Basin Clogged/Flooding (Use Comments) (SC),890 EAST  169 STREET,BRONX,40.82842241023935,-73.8958108361761,Closed
69833558,2026-07-24T19:57:00.000,Sewer,Sewer Backup (Use Comments) (SA),90-38 170 STREET,QUEENS,40.70814675509626,-73.79033112297238,Closed
69826309,2026-07-24T19:56:00.000,Sewer,Catch Basin Search (SC2),344 WEST   87 STREET,MANHATTAN,40.79004135602461,-73.97852703457953,Closed
69827777,2026-07-24T19:16:00.000,Sewer,Catch Basin Clogged/Flooding (Use Comments) (SC),,BROOKLYN,40.67488648224754,-73.92776111851762,Closed
69827784,2026-07-24T18:55:00.000,Sewer,Sewer Backup (Use Comments) (SA),230-39 146 AVENUE,QUEENS,40.65926902453884,-73.74979262598849,Closed
69826313,2026-07-24T18:37:00.000,Sewer,Sewer Backup (Use Comments) (SA),657 DE KALB AVENUE,BROOKLYN,40.691559002442304,-73.94985502459039,Closed
69830679,2026-07-24T18:26:00.000,Sewer,Manhole Cover Missing (Emergency) (SA3),ERICSSON PLACE,MANHATTAN,,,Closed
69835069,2026-07-24T18:22:00.000,Sewer,Manhole Cover Missing (Emergency) (SA3),1503 WALTON AVENUE,BRONX,40.841752298115495,-73.9143883173933,Closed
69835067,2026-07-24T18:09:00.000,Sewer,Catch Basin Sunken/Damaged/Raised (SC1),,QUEENS,40.67300949336218,-73.78808751750871,Open
69832140,2026-07-24T18:06:00.000,Sewer,Sewer Backup (Use Comments) (SA),109-35 153 STREET,QUEENS,40.691038717260575,-73.79652589973597,Closed
69833559,2026-07-24T18:04:00.000,Sewer,Sewer Backup (Use Comments) (SA),2336 2 AVENUE,MANHATTAN,40.79931379437275,-73.93607417028157,Open
69830674,2026-07-24T17:51:00.000,Sewer,Catch Basin Clogged/Flooding (Use Comments) (SC),305 TROY AVENUE,BROOKLYN,40.66824116783167,-73.9367260843877,Closed
69832141,2026-07-24T17:49:00.000,Sewer,Sewer Backup (Use Comments) (SA),305 TROY AVENUE,BROOKLYN,40.66824116783167,-73.9367260843877,Closed
69832133,2026-07-24T17:43:00.000,Sewer,Catch Basin Clogged/Flooding (Use Comments) (SC),305 TROY AVENUE,BROOKLYN,40.66824116783167,-73.9367260843877,Closed
69830683,2026-07-24T17:22:00.000,Sewer,Manhole Overflow (Use Comments) (SA1),159-15 OAK AVENUE,QUEENS,40.750141353153495,-73.80746163942236,Open
69830680,2026-07-24T17:19:00.000,Sewer,Catch Basin Grating Missing (SA4),305 EAST   88 STREET,BROOKLYN,40.64701625979728,-73.91604359177104,Closed
69824890,2026-07-24T17:09:00.000,Sewer,Sewer Backup (Use Comments) (SA),369 HOWARD AVENUE,BROOKLYN,40.67494680141118,-73.91939722438418,Closed
69824888,2026-07-24T16:32:00.000,Sewer,Catch Basin Sunken/Damaged/Raised (SC1),435 EAST   26 STREET,MANHATTAN,40.73849742971597,-73.97639656721564,Closed
69829277,2026-07-24T16:26:00.000,Sewer,Manhole Overflow (Use Comments) (SA1),,MANHATTAN,40.73259304097862,-73.97441053156273,Closed
69829278,2026-07-24T16:23:00.000,Sewer,Sewer Backup (Use Comments) (SA),1650 EAST   55 STREET,BROOKLYN,40.61632531881132,-73.92177324674287,Closed
69830682,2026-07-24T16:21:00.000,Sewer,Manhole Overflow (Use Comments) (SA1),,BROOKLYN,40.608746774836625,-73.95827996342706,Closed
69832144,2026-07-24T16:21:00.000,Sewer,Sewer Odor (SA2),92-54 173 STREET,QUEENS,40.70695648378213,-73.78637455764934,Closed
69832142,2026-07-24T16:16:00.000,Sewer,Sewer Backup (Use Comments) (SA),38 WEST   28 STREET,MANHATTAN,40.74551493383965,-73.98929234657658,Closed
69826314,2026-07-24T15:23:00.000,Sewer,Sewer Backup (Use Comments) (SA),87-05 30 AVENUE,QUEENS,40.76173091870186,-73.881584264777,Closed
69824884,2026-07-24T15:19:00.000,Sewer,Catch Basin Clogged/Flooding (Use Comments) (SC),2851 BARKLEY AVENUE,BRONX,40.830289953980454,-73.82799662146323,Closed
69827785,2026-07-24T15:11:00.000,Sewer,Sewer Backup (Use Comments) (SA),94-27 77 STREET,QUEENS,40.68347814428045,-73.86217386510708,Closed
69829279,2026-07-24T15:08:00.000,Sewer,Sewer Odor (SA2),3300 CONEY ISLAND AVENUE,BROOKLYN,40.575565313282745,-73.95945980335856,Closed
69832143,2026-07-24T14:53:00.000,Sewer,Sewer Backup (Use Comments) (SA),66-89 FOREST AVENUE,QUEENS,40.7049528811056,-73.90201982507807,Closed
69832130,2026-07-24T13:47:00.000,Sewer,Catch Basin Clogged/Flooding (Use Comments) (SC),80 BRUCKNER BOULEVARD,BRONX,40.806199762400574,-73.92597866184836,Closed
69824885,2026-07-24T13:09:00.000,Sewer,Catch Basin Clogged/Flooding (Use Comments) (SC),450 5 AVENUE,BROOKLYN,40.66896867226126,-73.98648930651743,Open
69827781,2026-07-24T12:46:00.000,Sewer,Manhole Overflow (Use Comments) (SA1),,BROOKLYN,40.608746774836625,-73.95827996342706,Closed
69833556,2026-07-24T12:39:00.000,Sewer,Catch Basin Search (SC2),230 EAST    7 STREET,MANHATTAN,40.72392593889713,-73.97850865225185,Closed
69826307,2026-07-24T12:17:00.000,Sewer,Catch Basin Clogged/Flooding (Use Comments) (SC),200-27 39 AVENUE,QUEENS,40.76232071740539,-73.78470973217134,Closed
69827787,2026-07-24T12:16:00.000,Sewer,Street Flooding (SJ),2677 COLBY COURT,BROOKLYN,40.58409744337614,-73.97320376249691,Closed
69835072,2026-07-24T12:04:00.000,Sewer,Street Flooding (SJ),331 EAST  132 STREET,BRONX,40.80598940555794,-73.92753214008152,Closed
69833560,2026-07-24T11:31:00.000,Sewer,Sewer Backup (Use Comments) (SA),544 UNION AVENUE,BROOKLYN,40.71732214543583,-73.95167180291469,Closed
69830678,2026-07-24T11:13:00.000,Sewer,Catch Basin Sunken/Damaged/Raised (SC1),781 OCEAN AVENUE,BROOKLYN,40.64374339145297,-73.95979673833071,Closed
69833562,2026-07-24T10:52:00.000,Sewer,Street Flooding (SJ),2604 WEST   13 STREET,BROOKLYN,40.58464536668988,-73.98195568411975,Closed
69832136,2026-07-24T10:39:00.000,Sewer,Catch Basin Clogged/Flooding (Use Comments) (SC),,BRONX,40.88431935104054,-73.91373678710868,Closed
69833563,2026-07-24T10:31:00.000,Sewer,Street Flooding (SJ),55 EAST   96 STREET,MANHATTAN,40.7869955948189,-73.95359292546154,Closed
69832139,2026-07-24T10:22:00.000,Sewer,Sewer Backup (Use Comments) (SA),2224 EAST   66 STREET,BROOKLYN,40.61514899498813,-73.90851614373835,Closed
69835070,2026-07-24T09:49:00.000,Sewer,Sewer Backup (Use Comments) (SA),141 BEACH    3 STREET,QUEENS,40.59551852653372,-73.73880053846189,Closed
69826316,2026-07-24T09:15:00.000,Sewer,Street Flooding (SJ),211-61 JAMAICA AVENUE,QUEENS,40.71553233823948,-73.74763347148415,Closed
69827779,2026-07-24T09:14:00.000,Sewer,Catch Basin Search (SC2),187-33 LINDEN BOULEVARD,QUEENS,40.69200501981735,-73.7649088780929,Closed
69824891,2026-07-24T08:52:00.000,Sewer,Sewer Backup (Use Comments) (SA),26-47 29 STREET,QUEENS,40.77030289892349,-73.92000747701202,Closed
69827786,2026-07-24T08:44:00.000,Sewer,Sewer Backup (Use Comments) (SA),913 BROADWAY,BROOKLYN,40.6976539937603,-73.93643490809335,Closed
69826310,2026-07-24T06:05:00.000,Sewer,Catch Basin Search (SC2),,MANHATTAN,40.758949399914954,-73.96848058993135,Closed
69835066,2026-07-24T05:01:00.000,Sewer,Catch Basin Search (SC2),,MANHATTAN,40.79024333800752,-73.97314607194942,Closed
69827782,2026-07-24T02:05:00.000,Sewer,Manhole Overflow (Use Comments) (SA1),114-60 226 STREET,QUEENS,40.69959589088456,-73.73173166744407,Closed
69813541,2026-07-23T22:39:00.000,Sewer,Manhole Overflow (Use Comments) (SA1),1656 EAST   15 STREET,BROOKLYN,40.6092600905963,-73.95838768915253,Closed
69819134,2026-07-23T22:30:00.000,Sewer,Catch Basin Clogged/Flooding (Use Comments) (SC),24 BEDFORD AVENUE,BROOKLYN,40.723058879394166,-73.9521186053874,Closed
69814891,2026-07-23T22:27:00.000,Sewer,Culvert Blocked/Needs Cleaning (SE),49 NASSAU AVENUE,BROOKLYN,40.72318260241981,-73.95262359548656,Closed
69820569,2026-07-23T21:58:00.000,Sewer,Catch Basin Clogged/Flooding (Use Comments) (SC),50 BEDFORD AVENUE,BROOKLYN,40.7219806668189,-73.95328104075044,Closed
69817722,2026-07-23T21:26:00.000,Sewer,Catch Basin Clogged/Flooding (Use Comments) (SC),582 WEST  207 STREET,MANHATTAN,40.866936742361425,-73.92073726454755,Closed
69822009,2026-07-23T21:23:00.000,Sewer,Catch Basin Clogged/Flooding (Use Comments) (SC),4153 BROADWAY,MANHATTAN,40.84663669328632,-73.93832745308652,Closed
69814884,2026-07-23T21:04:00.000,Sewer,Catch Basin Clogged/Flooding (Use Comments) (SC),57 MONTAGUE STREET,BROOKLYN,40.69552509770242,-73.99692390290882,Closed
69819137,2026-07-23T20:12:00.000,Sewer,Manhole Cover Missing (Emergency) (SA3),510 EAST  185 STREET,BRONX,40.855977875092634,-73.8912960236555,Closed
69817735,2026-07-23T19:53:00.000,Sewer,Sewer Odor (SA2),,QUEENS,40.76197072257963,-73.92538165997419,Closed
69820548,2026-07-23T19:49:00.000,Sewer,Sewer Odor (SA2),2967 PAINE STREET,BRONX,40.83728498687589,-73.82900127053819,Assigned
69814895,2026-07-23T19:44:00.000,Sewer,Sewer Backup (Use Comments) (SA),654 EAST   39 STREET,BROOKLYN,40.64091580111932,-73.9398652118567,Closed
69822022,2026-07-23T19:24:00.000,Sewer,Sewer Backup (Use Comments) (SA),78 8 AVENUE,BROOKLYN,40.67331404277188,-73.97308500245792,Closed
69814894,2026-07-23T19:22:00.000,Sewer,Sewer Backup (Use Comments) (SA),78 8 AVENUE,BROOKLYN,40.67331404277188,-73.97308500245792,Closed
69819139,2026-07-23T19:12:00.000,Sewer,Sewer Backup (Use Comments) (SA),81-39 266 STREET,QUEENS,40.74340202785829,-73.70464069687529,Closed
69813542,2026-07-23T18:39:00.000,Sewer,Sewer Backup (Use Comments) (SA),78 8 AVENUE,BROOKLYN,40.67331404277188,-73.97308500245792,Closed
69814896,2026-07-23T18:05:00.000,Sewer,Sewer Backup (Use Comments) (SA),2334 2 AVENUE,MANHATTAN,40.79927263949542,-73.93610310445338,Open
69823445,2026-07-23T17:48:00.000,Sewer,Catch Basin Clogged/Flooding (Use Comments) (SC),2738 BOUCK AVENUE,BRONX,40.8660568324005,-73.85003797852053,Closed
69816315,2026-07-23T17:36:00.000,Sewer,Sewer Backup (Use Comments) (SA),85-57 PARSONS BOULEVARD,QUEENS,40.71063051695958,-73.80583356837576,Closed
69820571,2026-07-23T17:30:00.000,Sewer,Catch Basin Clogged/Flooding (Use Comments) (SC),4051 PAULDING AVENUE,BRONX,40.887304252297895,-73.85060487378955,Closed
69823450,2026-07-23T17:21:00.000,Sewer,Manhole Overflow (Use Comments) (SA1),,BROOKLYN,40.608746774836625,-73.95827996342706,Closed
69820576,2026-07-23T17:13:00.000,Sewer,Manhole Overflow (Use Comments) (SA1),,MANHATTAN,40.8060810703871,-73.96530843266166,Closed
69814886,2026-07-23T16:56:00.000,Sewer,Catch Basin Clogged/Flooding (Use Comments) (SC),,BROOKLYN,40.71902241191073,-73.942471490913,Closed
69819140,2026-07-23T16:48:00.000,Sewer,Sewer Backup (Use Comments) (SA),97-28 57 AVENUE,QUEENS,40.737452254294155,-73.86304011731356,Closed
69819142,2026-07-23T15:39:00.000,Sewer,Sewer Odor (SA2),397 1 STREET,BROOKLYN,40.672571495992784,-73.97930747858638,Closed
69822020,2026-07-23T15:18:00.000,Sewer,Manhole Overflow (Use Comments) (SA1),1425 KINGS HIGHWAY,BROOKLYN,40.608508194435615,-73.9588815646739,Closed
69819143,2026-07-23T15:14:00.000,Sewer,Street Flooding (SJ),65 EAST   96 STREET,MANHATTAN,40.78684998243353,-73.95324274473494,Closed
69822017,2026-07-23T14:57:00.000,Sewer,Catch Basin Sunken/Damaged/Raised (SC1),201 WEST  125 STREET,MANHATTAN,40.80909952058253,-73.94860690053973,Assigned
69814897,2026-07-23T14:35:00.000,Sewer,Sewer Backup (Use Comments) (SA),85-16 QUEENS BOULEVARD,QUEENS,40.73692858072974,-73.87821113749929,Closed
69820578,2026-07-23T14:16:00.000,Sewer,Sewer Backup (Use Comments) (SA),118-31 199 STREET,QUEENS,40.69251446377858,-73.7526068084515,Closed
69817728,2026-07-23T14:13:00.000,Sewer,Manhole Overflow (Use Comments) (SA1),,BROOKLYN,40.608746774836625,-73.95827996342706,Closed
69814890,2026-07-23T14:13:00.000,Sewer,Catch Basin Sunken/Damaged/Raised (SC1),564 TOMPKINS AVENUE,STATEN ISLAND,40.61237192219393,-74.07115194566201,Started
69816316,2026-07-23T14:00:00.000,Sewer,Sewer Backup (Use Comments) (SA),112-30 ROCKAWAY BEACH BOULEVARD,QUEENS,40.58071713236663,-73.83403939991045,Closed
69823452,2026-07-23T13:50:00.000,Sewer,Sewer Backup (Use Comments) (SA),869 LAFAYETTE AVENUE,BROOKLYN,40.69142966808106,-73.93791929762654,Closed
69820579,2026-07-23T13:42:00.000,Sewer,Sewer Backup (Use Comments) (SA),71-57 161 STREET,QUEENS,40.72855492586303,-73.80811932981308,Closed
69813540,2026-07-23T13:39:00.000,Sewer,Manhole Cover Missing (Emergency) (SA3),191 STREET,QUEENS,,,Closed
69820580,2026-07-23T13:35:00.000,Sewer,Sewer Backup (Use Comments) (SA),36-08 24 STREET,QUEENS,40.75843006402247,-73.93451073761473,Closed
69814898,2026-07-23T12:58:00.000,Sewer,Sewer Odor (SA2),372 WILSON AVENUE,BROOKLYN,40.6949809813867,-73.91568388016015,Closed
69822011,2026-07-23T12:48:00.000,Sewer,Catch Basin Clogged/Flooding (Use Comments) (SC),655 MADISON AVENUE,MANHATTAN,40.76419243108964,-73.97064406558574,Closed
69820572,2026-07-23T12:46:00.000,Sewer,Catch Basin Clogged/Flooding (Use Comments) (SC),2800 BARKLEY AVENUE,BRONX,40.8294744393313,-73.82962118065015,Closed
69820581,2026-07-23T12:44:00.000,Sewer,Street Flooding (SJ),448 WYONA STREET,BROOKLYN,40.66761486223631,-73.89185173427687,Open
69816314,2026-07-23T12:43:00.000,Sewer,Manhole Overflow (Use Comments) (SA1),,BROOKLYN,40.608746774836625,-73.95827996342706,Closed
69817729,2026-07-23T12:15:00.000,Sewer,Manhole Overflow (Use Comments) (SA1),,BROOKLYN,40.608746774836625,-73.95827996342706,Closed
69816319,2026-07-23T12:02:00.000,Sewer,Sewer Odor (SA2),72-21 48 AVENUE,QUEENS,40.738273401784035,-73.89184891047539,Open
69813545,2026-07-23T11:58:00.000,Sewer,Sewer Backup (Use Comments) (SA),72-21 48 AVENUE,QUEENS,40.738273401784035,-73.89184891047539,Closed
69820573,2026-07-23T11:54:00.000,Sewer,Catch Basin Clogged/Flooding (Use Comments) (SC),44 TRAVIS AVENUE,STATEN ISLAND,40.58555516022032,-74.14869849162096,Closed
69819141,2026-07-23T11:53:00.000,Sewer,Sewer Odor (SA2),72-21 48 AVENUE,QUEENS,40.738273401784035,-73.89184891047539,Closed
69822013,2026-07-23T11:19:00.000,Sewer,Catch Basin Clogged/Flooding (Use Comments) (SC),41 WRIGHT AVENUE,STATEN ISLAND,40.636030906414724,-74.14954237491287,Closed
69817734,2026-07-23T11:11:00.000,Sewer,Sewer Backup (Use Comments) (SA),138-17 64 AVENUE,QUEENS,40.73898575346647,-73.82768021710334,Closed
69822016,2026-07-23T10:57:00.000,Sewer,Catch Basin Sunken/Damaged/Raised (SC1),595 PINE STREET,BROOKLYN,40.670693598287684,-73.86978132861053,Closed
69813537,2026-07-23T10:47:00.000,Sewer,Catch Basin Clogged/Flooding (Use Comments) (SC),281 WOODBINE STREET,BROOKLYN,40.69621148817248,-73.91313631234618,Closed
69816318,2026-07-23T10:37:00.000,Sewer,Sewer Backup (Use Comments) (SA),96-28 46 AVENUE,QUEENS,40.744017308114444,-73.86738970767279,Closed
69816310,2026-07-23T10:31:00.000,Sewer,Catch Basin Clogged/Flooding (Use Comments) (SC),215 HEYWARD STREET,BROOKLYN,40.703623642811145,-73.95314603299428,Closed
69822026,2026-07-23T10:28:00.000,Sewer,Sewer Odor (SA2),35-63 83 STREET,QUEENS,40.75150062566232,-73.88367054656703,Closed
69822025,2026-07-23T10:17:00.000,Sewer,Sewer Backup (Use Comments) (SA),3623 CLARENDON ROAD,BROOKLYN,40.64363184292073,-73.9427022480751,Closed
69822015,2026-07-23T10:09:00.000,Sewer,Catch Basin Clogged/Flooding (Use Comments) (SC),,QUEENS,40.700641427504344,-73.80210108639619,Closed
69814899,2026-07-23T09:49:00.000,Sewer,Street Flooding (SJ),8-11 44 AVENUE,QUEENS,40.75054482510814,-73.9520880220735,Open
69820577,2026-07-23T09:43:00.000,Sewer,Sewer Backup (Use Comments) (SA),113-18 107 AVENUE,QUEENS,40.68302591222401,-73.82800149472538,Closed
69817724,2026-07-23T09:42:00.000,Sewer,Catch Basin Clogged/Flooding (Use Comments) (SC),50 WEST  192 STREET,BRONX,40.86642452690667,-73.90079127508994,Closed
69823451,2026-07-23T09:23:00.000,Sewer,Manhole Overflow (Use Comments) (SA1),1425 KINGS HIGHWAY,BROOKLYN,40.608508194435615,-73.9588815646739,Closed
69817731,2026-07-23T09:19:00.000,Sewer,Sewer Backup (Use Comments) (SA),58-30 GRAND AVENUE,QUEENS,40.71965029514378,-73.91119017246214,Closed
69823453,2026-07-23T09:17:00.000,Sewer,Sewer Backup (Use Comments) (SA),23-62 37 STREET,QUEENS,40.77069456409328,-73.91136760161329,Closed
69823454,2026-07-23T09:12:00.000,Sewer,Sewer Odor (SA2),,BROOKLYN,40.62576637141982,-73.92862123090242,Started
69819145,2026-07-23T09:12:00.000,Sewer,Street Flooding (SJ),1146 ATLANTIC AVENUE,BROOKLYN,40.679165799908056,-73.95515335638952,Closed
69822023,2026-07-23T08:44:00.000,Sewer,Sewer Backup (Use Comments) (SA),66-89 FOREST AVENUE,QUEENS,40.7049528811056,-73.90201982507807,Closed
69817732,2026-07-23T08:38:00.000,Sewer,Sewer Backup (Use Comments) (SA),73-15 GRAND AVENUE,QUEENS,40.729743297457965,-73.88958606588511,Closed
69813536,2026-07-23T08:35:00.000,Sewer,Catch Basin Clogged/Flooding (Use Comments) (SC),75 DARCEY AVENUE,STATEN ISLAND,40.6083365488662,-74.15116224257189,Closed
69822024,2026-07-23T08:29:00.000,Sewer,Sewer Backup (Use Comments) (SA),51-05 BELL BOULEVARD,QUEENS,40.75301927860279,-73.76530713743996,Closed
69817730,2026-07-23T08:29:00.000,Sewer,Manhole Overflow (Use Comments) (SA1),1146 ATLANTIC AVENUE,BROOKLYN,40.679165799908056,-73.95515335638952,Closed
69819138,2026-07-23T08:14:00.000,Sewer,Sewer Backup (Use Comments) (SA),88-22 87 STREET,QUEENS,40.69062959994007,-73.85651577108028,Closed
69817733,2026-07-23T08:02:00.000,Sewer,Sewer Backup (Use Comments) (SA),71-67 58 ROAD,QUEENS,40.72557386367005,-73.88943422899918,Closed
69814889,2026-07-23T06:50:00.000,Sewer,Catch Basin Clogged/Flooding (Use Comments) (SC),113 SMITH STREET,BROOKLYN,40.68789421636501,-73.98966578503672,Closed
69822021,2026-07-23T03:45:00.000,Sewer,Manhole Overflow (Use Comments) (SA1),,QUEENS,40.70085866826847,-73.89383908527041,Closed
69813543,2026-07-23T02:31:00.000,Sewer,Sewer Backup (Use Comments) (SA),209-02 NASHVILLE BOULEVARD,QUEENS,40.69813607230495,-73.7439595204527,Closed
69820575,2026-07-23T00:40:00.000,Sewer,Manhole Cover Missing (Emergency) (SA3),92 EAST  172 STREET,BRONX,40.84169486816391,-73.91467029385052,Closed
69809081,2026-07-22T23:45:00.000,Sewer,Manhole Overflow (Use Comments) (SA1),,BROOKLYN,40.608746774836625,-73.95827996342706,Closed
69801699,2026-07-22T23:06:00.000,Sewer,Catch Basin Clogged/Flooding (Use Comments) (SC),,QUEENS,40.704033104522615,-73.79379204757791,Closed
69809082,2026-07-22T21:42:00.000,Sewer,Sewer Backup (Use Comments) (SA),99-08 37 AVENUE,QUEENS,40.752304423688486,-73.86800844517306,Closed
69807631,2026-07-22T20:45:00.000,Sewer,Sewer Backup (Use Comments) (SA),643 BEACH   67 STREET,QUEENS,40.59799881130362,-73.7966941978063,Closed
69801706,2026-07-22T20:18:00.000,Sewer,Catch Basin Sunken/Damaged/Raised (SC1),5915 FORT HAMILTON PARKWAY,BROOKLYN,40.63344912687361,-74.005000763416,Closed
69809084,2026-07-22T20:02:00.000,Sewer,Sewer Backup (Use Comments) (SA),85-57 PARSONS BOULEVARD,QUEENS,40.71063051695958,-73.80583356837576,Closed
69813352,2026-07-22T19:48:00.000,Sewer,RAIN GARDEN DEBRIS (GIRGD),,BROOKLYN,40.67921082417085,-73.91373891422165,Open
69803209,2026-07-22T19:48:00.000,Sewer,Sewer Backup (Use Comments) (SA),110-17 171 PLACE,QUEENS,40.695999587668204,-73.78211101924695,Closed
69803210,2026-07-22T19:27:00.000,Sewer,Sewer Backup (Use Comments) (SA),108-32 167 STREET,QUEENS,40.69720038745657,-73.78722445082333,Closed
69804636,2026-07-22T19:16:00.000,Sewer,Sewer Backup (Use Comments) (SA),102-01 101 AVENUE,QUEENS,40.685797129559795,-73.84064671398792,Closed
69809073,2026-07-22T19:14:00.000,Sewer,Catch Basin Sunken/Damaged/Raised (SC1),,STATEN ISLAND,40.62762479744076,-74.11783194887498,Closed
69810548,2026-07-22T19:07:00.000,Sewer,Catch Basin Clogged/Flooding (Use Comments) (SC),,MANHATTAN,40.72686582646435,-73.97990757169026,Closed
69806127,2026-07-22T18:47:00.000,Sewer,Sewer Backup (Use Comments) (SA),1024 ELDER AVENUE,BRONX,40.82454061007636,-73.87821699344124,Closed
69810556,2026-07-22T18:11:00.000,Sewer,Manhole Cover Missing (Emergency) (SA3),,BRONX,40.848363534857896,-73.86250813549724,Closed
69807622,2026-07-22T18:02:00.000,Sewer,Catch Basin Clogged/Flooding (Use Comments) (SC),2701 DEWITT PLACE,BRONX,40.8666771712663,-73.8479685155165,Closed
69801707,2026-07-22T17:56:00.000,Sewer,Defective/Missing Curb Piece (SC4),,BROOKLYN,40.658710104965564,-73.87242859563123,Started
69809071,2026-07-22T17:52:00.000,Sewer,Catch Basin Clogged/Flooding (Use Comments) (SC),43 AMITY PLACE,STATEN ISLAND,40.62526628953122,-74.16138102323228,Closed
69806133,2026-07-22T17:49:00.000,Sewer,Street Flooding (SJ),875 MORRISON AVENUE,BRONX,40.82160892988045,-73.87283530666447,Closed
69803216,2026-07-22T17:33:00.000,Sewer,Street Flooding (SJ),,BRONX,40.84093036295469,-73.91269797926567,Closed
69806128,2026-07-22T17:22:00.000,Sewer,Sewer Backup (Use Comments) (SA),69-43 167 STREET,QUEENS,40.73235189175719,-73.80219814506478,Closed
69810558,2026-07-22T17:17:00.000,Sewer,Sewer Backup (Use Comments) (SA),31-06 31 AVENUE,QUEENS,40.764269457583474,-73.92331059272891,Closed
69806117,2026-07-22T17:07:00.000,Sewer,Catch Basin Clogged/Flooding (Use Comments) (SC),183-92 CAMDEN AVENUE,QUEENS,40.70405117108365,-73.77138728127636,Closed
69804637,2026-07-22T17:06:00.000,Sewer,Sewer Backup (Use Comments) (SA),46-34 66 STREET,QUEENS,40.73945451632583,-73.89884765823807,Closed
69803211,2026-07-22T16:46:00.000,Sewer,Sewer Backup (Use Comments) (SA),137W EAST BROADWAY,MANHATTAN,40.71392024884883,-73.99165292715884,Closed
69809072,2026-07-22T16:38:00.000,Sewer,Catch Basin Clogged/Flooding (Use Comments) (SC),2060 ADAM CLAYTON POWELL BOULEVARD,MANHATTAN,40.807576531912495,-73.94935943106127,Closed
69812057,2026-07-22T15:40:00.000,Sewer,Sewer Odor (SA2),98-17 HORACE HARDING EXPRESSWAY,QUEENS,40.735519510666805,-73.86039193145226,Closed
69810560,2026-07-22T15:32:00.000,Sewer,Street Flooding (SJ),271 CENTRAL PARK WEST,MANHATTAN,40.78624587514839,-73.96865905731963,Closed
69801709,2026-07-22T15:14:00.000,Sewer,Sewer Backup (Use Comments) (SA),30-86 36 STREET,QUEENS,40.76293812162599,-73.91909941740255,Closed
69813544,2026-07-22T15:04:00.000,Sewer,Sewer Backup (Use Comments) (SA),451 WASHINGTON STREET,MANHATTAN,40.723916508436496,-74.01026043039673,Closed
69809086,2026-07-22T14:50:00.000,Sewer,Sewer Backup (Use Comments) (SA),51-31 SIMONSON STREET,QUEENS,40.73672056050047,-73.88139777283983,Closed
69804630,2026-07-22T14:36:00.000,Sewer,Catch Basin Clogged/Flooding (Use Comments) (SC),304 HENRY STREET,BROOKLYN,40.690924842522286,-73.99616325733571,Closed
69801704,2026-07-22T14:35:00.000,Sewer,Catch Basin Search (SC2),,QUEENS,40.70811446851499,-73.90821542729692,Closed
69812059,2026-07-22T14:32:00.000,Sewer,Street Flooding (SJ),142-18 FOCH BOULEVARD,QUEENS,40.67882630728695,-73.79914456760828,Closed
69806129,2026-07-22T14:08:00.000,Sewer,Sewer Backup (Use Comments) (SA),69 1 AVENUE,MANHATTAN,40.72538741158676,-73.98691080761344,Closed
69809089,2026-07-22T13:56:00.000,Sewer,Street Flooding (SJ),159-28 101 STREET,QUEENS,40.65965221768332,-73.83230399534195,Closed
69812054,2026-07-22T13:34:00.000,Sewer,Sewer Backup (Use Comments) (SA),250-10 RUSHMORE TERRACE,QUEENS,40.7654426815853,-73.73283824492133,Closed
69801701,2026-07-22T12:49:00.000,Sewer,Catch Basin Clogged/Flooding (Use Comments) (SC),299 GUYON AVENUE,STATEN ISLAND,40.5604982202281,-74.1202076097809,Closed
69807630,2026-07-22T12:48:00.000,Sewer,Sewer Backup (Use Comments) (SA),330 BEACH   84 STREET,QUEENS,40.591233732152524,-73.81003336529226,Closed
69807627,2026-07-22T12:36:00.000,Sewer,Catch Basin Clogged/Flooding (Use Comments) (SC),,BROOKLYN,40.687089857287326,-73.96254703454233,Started
69803215,2026-07-22T12:29:00.000,Sewer,Sewer Odor (SA2),177 NORFOLK STREET,BROOKLYN,40.57916563454646,-73.93889843006335,Closed
69810551,2026-07-22T12:26:00.000,Sewer,Catch Basin Clogged/Flooding (Use Comments) (SC),17 VAIL AVENUE,STATEN ISLAND,40.516564544166016,-74.21150288761572,Closed
69804638,2026-07-22T12:26:00.000,Sewer,Sewer Backup (Use Comments) (SA),348 FULTON STREET,BROOKLYN,40.691937159356335,-73.98857614160409,Closed
69812058,2026-07-22T12:10:00.000,Sewer,Sewer Odor (SA2),1420 MERMAID AVENUE,BROOKLYN,40.57693794986128,-73.98188217038972,Closed
69801705,2026-07-22T11:53:00.000,Sewer,Catch Basin Search (SC2),3447 DE KALB AVENUE,BRONX,40.881219508125994,-73.88155949257536,Closed
69803212,2026-07-22T11:51:00.000,Sewer,Sewer Backup (Use Comments) (SA),2943 WEST   20 STREET,BROOKLYN,40.5757199219867,-73.98675295114403,Closed
69812053,2026-07-22T11:34:00.000,Sewer,Manhole Cover Missing (Emergency) (SA3),75 STATE STREET,BROOKLYN,40.691613793353405,-73.99659954349934,Closed
69806130,2026-07-22T11:32:00.000,Sewer,Sewer Backup (Use Comments) (SA),200-15 38 AVENUE,QUEENS,40.76267575837495,-73.78522840389516,Closed
69803213,2026-07-22T11:26:00.000,Sewer,Sewer Backup (Use Comments) (SA),186-16 UNION TURNPIKE,QUEENS,40.72870462000898,-73.78268960666315,Closed
69809087,2026-07-22T11:25:00.000,Sewer,Sewer Backup (Use Comments) (SA),187-12 UNION TURNPIKE,QUEENS,40.72898298096117,-73.78184081146627,Closed
69809088,2026-07-22T11:22:00.000,Sewer,Sewer Backup (Use Comments) (SA),179-24 UNION TURNPIKE,QUEENS,40.726837789802204,-73.78837455284516,Closed
69801702,2026-07-22T11:12:00.000,Sewer,Catch Basin Clogged/Flooding (Use Comments) (SC),83-27 COMMONWEALTH BOULEVARD,QUEENS,40.73563427663634,-73.7222660793398,Closed
69806124,2026-07-22T11:07:00.000,Sewer,Catch Basin Sunken/Damaged/Raised (SC1),3585 GREYSTONE AVENUE,BRONX,40.88498627782988,-73.90664037050843,Closed
69806131,2026-07-22T11:04:00.000,Sewer,Sewer Backup (Use Comments) (SA),97-12 65 ROAD,QUEENS,40.72790050072775,-73.85850288672889,Closed
69813353,2026-07-22T10:54:00.000,Sewer,RAIN GARDEN DEBRIS (GIRGD),,QUEENS,40.69135918332869,-73.83753587492028,Open
69809078,2026-07-22T10:52:00.000,Sewer,Manhole Cover Missing (Emergency) (SA3),EAST   35 STREET,MANHATTAN,,,Closed
69810552,2026-07-22T10:51:00.000,Sewer,Catch Basin Clogged/Flooding (Use Comments) (SC),51-02 27 STREET,QUEENS,40.73970157241886,-73.94280727884316,Open
69807632,2026-07-22T10:46:00.000,Sewer,Sewer Backup (Use Comments) (SA),164 HEYWARD STREET,BROOKLYN,40.70278699503094,-73.95440532556036,Closed
69807635,2026-07-22T10:24:00.000,Sewer,Street Flooding (SJ),162 AVENUE B,MANHATTAN,40.7270661703141,-73.97977401836124,Closed
69801708,2026-07-22T10:13:00.000,Sewer,Sewer Backup (Use Comments) (SA),101-44 121 STREET,QUEENS,40.69018334494636,-73.8237496720506,Closed
69803207,2026-07-22T10:13:00.000,Sewer,Sewer Backup (Use Comments) (SA),233 BEACH  137 STREET,QUEENS,40.57396549619388,-73.85473977949428,Closed
69807633,2026-07-22T10:09:00.000,Sewer,Sewer Backup (Use Comments) (SA),7110 5 AVENUE,BROOKLYN,40.63238499894995,-74.02146547091458,Closed
69806132,2026-07-22T10:05:00.000,Sewer,Sewer Backup (Use Comments) (SA),29 EAST   53 STREET,BROOKLYN,40.65952702200204,-73.92827153567144,Closed
69810557,2026-07-22T10:02:00.000,Sewer,Sewer Backup (Use Comments) (SA),283 EAST  234 STREET,BRONX,40.896835637278365,-73.86786251156862,Closed
69810554,2026-07-22T10:00:00.000,Sewer,Catch Basin Sunken/Damaged/Raised (SC1),14-50 GATEWAY BOULEVARD,QUEENS,40.601730911210474,-73.749050342286,Closed
69806126,2026-07-22T10:00:00.000,Sewer,Manhole Cover Missing (Emergency) (SA3),97-49 DREW STREET,QUEENS,40.679754992632866,-73.86343983104805,Closed
69804639,2026-07-22T09:57:00.000,Sewer,Sewer Backup (Use Comments) (SA),30-40 82 STREET,QUEENS,40.760091471920134,-73.88620399702532,Closed
69812055,2026-07-22T09:57:00.000,Sewer,Sewer Backup (Use Comments) (SA),2035 RALPH AVENUE,BROOKLYN,40.62777405474704,-73.91812845661225,Closed
69807629,2026-07-22T09:51:00.000,Sewer,Defective/Missing Curb Piece (SC4),782 8 AVENUE,MANHATTAN,40.76079197705971,-73.98718180034282,Started
69809077,2026-07-22T09:49:00.000,Sewer,Manhole Cover Missing (Emergency) (SA3),,BRONX,40.858701552375244,-73.84833740840321,Closed
69809090,2026-07-22T09:41:00.000,Sewer,Street Flooding (SJ),104-19 SPRINGFIELD BOULEVARD,QUEENS,40.71174180782745,-73.73660648079571,Closed
69804632,2026-07-22T09:25:00.000,Sewer,Catch Basin Clogged/Flooding (Use Comments) (SC),161 BEACH  124 STREET,QUEENS,40.57666790125381,-73.84335854069526,Closed
69809079,2026-07-22T09:22:00.000,Sewer,Manhole Overflow (Use Comments) (SA1),90-15 ROCKAWAY BOULEVARD,QUEENS,40.68189483853809,-73.84937769145307,Closed
69812051,2026-07-22T09:08:00.000,Sewer,Catch Basin Clogged/Flooding (Use Comments) (SC),,BRONX,40.88431935104054,-73.91373678710868,Closed
69812056,2026-07-22T09:05:00.000,Sewer,Sewer Backup (Use Comments) (SA),146-26 GEORGIA ROAD,QUEENS,40.75451386075763,-73.8159275092578,Closed
69809075,2026-07-22T08:58:00.000,Sewer,Culvert Blocked/Needs Cleaning (SE),,BROOKLYN,40.608746774836625,-73.95827996342706,Closed
69812014,2026-07-22T08:24:00.000,Sewer,Manhole Cover Missing (Emergency) (SA3),1076 EASTERN PARKWAY,BROOKLYN,40.668875653970886,-73.93267011611928,Closed
69807634,2026-07-22T08:14:00.000,Sewer,Sewer Backup (Use Comments) (SA),112-14 CORONA AVENUE,QUEENS,40.73963500636464,-73.84824757826601,Closed
69804633,2026-07-22T07:48:00.000,Sewer,Catch Basin Clogged/Flooding (Use Comments) (SC),,BRONX,40.845203270506886,-73.88674512138692,Closed
69810553,2026-07-22T07:45:00.000,Sewer,Catch Basin Clogged/Flooding (Use Comments) (SC),1407 MYRTLE AVENUE,BROOKLYN,40.6986019399219,-73.92039283674873,Open
69809074,2026-07-22T07:38:00.000,Sewer,Catch Basin Sunken/Damaged/Raised (SC1),3217 IRWIN AVENUE,BRONX,40.88289273778891,-73.90745699480331,Closed
69803214,2026-07-22T07:12:00.000,Sewer,Sewer Backup (Use Comments) (SA),87-17 188 STREET,QUEENS,40.717356029736486,-73.77465324124287,Closed
69804640,2026-07-22T07:00:00.000,Sewer,Sewer Backup (Use Comments) (SA),58-07 69 AVENUE,QUEENS,40.701340925696655,-73.90220545994596,Closed
69812060,2026-07-22T06:58:00.000,Sewer,Street Flooding (SJ),40 NORTH    4 STREET,BROOKLYN,40.71848195630628,-73.96321480997295,Closed
69812052,2026-07-22T06:35:00.000,Sewer,Catch Basin Clogged/Flooding (Use Comments) (SC),339 16 STREET,BROOKLYN,40.66251547994992,-73.98473525837147,Closed
69804635,2026-07-22T00:34:00.000,Sewer,Sewer Backup (Use Comments) (SA),116-20 204 STREET,QUEENS,40.69646484669056,-73.74910127540379,Closed
69803208,2026-07-22T00:08:00.000,Sewer,Sewer Backup (Use Comments) (SA),159 REMSEN AVENUE,BROOKLYN,40.660268116789,-73.92827794740914,Closed
69792213,2026-07-21T21:44:00.000,Sewer,Catch Basin Sunken/Damaged/Raised (SC1),2698 BAILEY AVENUE,BRONX,40.871570078292784,-73.90646034042227,Closed
69796286,2026-07-21T21:29:00.000,Sewer,Sewer Backup (Use Comments) (SA),80 BRUCKNER BOULEVARD,BRONX,40.806199762400574,-73.92597866184836,Closed
69793585,2026-07-21T21:11:00.000,Sewer,Sewer Backup (Use Comments) (SA),1266 BLAKE AVENUE,BROOKLYN,40.67143240261661,-73.8701872411357,Closed
69797685,2026-07-21T20:39:00.000,Sewer,Sewer Backup (Use Comments) (SA),25-04 86 STREET,QUEENS,40.76314313165322,-73.88296794572715,Closed
69790880,2026-07-21T20:24:00.000,Sewer,Manhole Overflow (Use Comments) (SA1),,BROOKLYN,40.608746774836625,-73.95827996342706,Closed
69794900,2026-07-21T20:11:00.000,Sewer,Catch Basin Clogged/Flooding (Use Comments) (SC),4444 BYRON AVENUE,BRONX,40.8984907426649,-73.85207364517579,Closed
69790879,2026-07-21T19:59:00.000,Sewer,Culvert Blocked/Needs Cleaning (SE),528 EAST    6 STREET,MANHATTAN,40.725120681414765,-73.98315152041313,Closed
69797675,2026-07-21T19:41:00.000,Sewer,Catch Basin Search (SC2),583 LINDEN BOULEVARD,BROOKLYN,40.65341131993352,-73.9370897310521,Open
69798971,2026-07-21T19:36:00.000,Sewer,Manhole Overflow (Use Comments) (SA1),898 WHEELER AVENUE,BRONX,40.82182641949738,-73.87853629670715,Assigned
69794901,2026-07-21T19:30:00.000,Sewer,Catch Basin Clogged/Flooding (Use Comments) (SC),657 DE KALB AVENUE,BROOKLYN,40.691559002442304,-73.94985502459039,Closed
69793570,2026-07-21T19:28:00.000,Sewer,Catch Basin Clogged/Flooding (Use Comments) (SC),308 OLMSTEAD AVENUE,BRONX,40.81423391781361,-73.85004275929387,Closed
69797660,2026-07-21T19:26:00.000,Sewer,Catch Basin Clogged/Flooding (Use Comments) (SC),5202 3 AVENUE,BROOKLYN,40.64646392013005,-74.01583763864286,Closed
69790869,2026-07-21T19:17:00.000,Sewer,Catch Basin Clogged/Flooding (Use Comments) (SC),766 PUGSLEY AVENUE,BRONX,40.82179371408222,-73.85498283872815,Closed
69797661,2026-07-21T19:16:00.000,Sewer,Catch Basin Clogged/Flooding (Use Comments) (SC),1034 3 AVENUE,MANHATTAN,40.762999799329805,-73.96554024422097,Closed
69796264,2026-07-21T19:01:00.000,Sewer,Catch Basin Clogged/Flooding (Use Comments) (SC),802 TINTON AVENUE,BRONX,40.8194354563634,-73.90445618913316,Closed
69794917,2026-07-21T18:57:00.000,Sewer,Sewer Backup (Use Comments) (SA),41-02 COLLEGE POINT BOULEVARD,QUEENS,40.75616019807647,-73.83363477553662,Closed
69797662,2026-07-21T18:48:00.000,Sewer,Catch Basin Clogged/Flooding (Use Comments) (SC),511 7 AVENUE,BROOKLYN,40.66106097161786,-73.98653416028974,Closed
69792196,2026-07-21T18:45:00.000,Sewer,Catch Basin Clogged/Flooding (Use Comments) (SC),,BROOKLYN,40.66508545760784,-73.92868368804633,Closed
69797656,2026-07-21T18:20:00.000,Sewer,Catch Basin Clogged/Flooding (Use Comments) (SC),133-58 124 STREET,QUEENS,40.67102739592112,-73.81492144122163,Closed
69797686,2026-07-21T18:18:00.000,Sewer,Sewer Backup (Use Comments) (SA),239 DOUGLAS ROAD,STATEN ISLAND,40.60801650268748,-74.09668543123118,Closed
69792187,2026-07-21T18:16:00.000,Sewer,Catch Basin Clogged/Flooding (Use Comments) (SC),119 JEROME ROAD,STATEN ISLAND,40.59266497090172,-74.08617448985495,Closed
69799026,2026-07-21T18:12:00.000,Sewer,Street Flooding (SJ),2979 HARDING AVENUE,BRONX,40.816496424813245,-73.8130537164359,Closed
69796265,2026-07-21T18:11:00.000,Sewer,Catch Basin Clogged/Flooding (Use Comments) (SC),,QUEENS,40.77948962205696,-73.92012642818592,Closed
69794903,2026-07-21T18:00:00.000,Sewer,Catch Basin Clogged/Flooding (Use Comments) (SC),113-04 86 AVENUE,QUEENS,40.69939313066167,-73.83560128505378,Closed
69796281,2026-07-21T17:57:00.000,Sewer,Culvert Blocked/Needs Cleaning (SE),269 WEST   23 STREET,MANHATTAN,40.74486489758191,-73.99744491249146,Closed
69793536,2026-07-21T17:56:00.000,Sewer,Highway Flooding (SH),,MANHATTAN,,,Closed
69792158,2026-07-21T17:52:00.000,Sewer,Highway Flooding (SH),FDR Dr - Southbound/Downtown,MANHATTAN,,,Closed
69800331,2026-07-21T17:48:00.000,Sewer,Catch Basin Clogged/Flooding (Use Comments) (SC),,MANHATTAN,40.74843176574406,-73.98247072801945,Started
69793583,2026-07-21T17:39:00.000,Sewer,Culvert Blocked/Needs Cleaning (SE),65-41 BOOTH STREET,QUEENS,40.72691783045527,-73.85846528617489,Closed
69790890,2026-07-21T17:39:00.000,Sewer,Sewer Backup (Use Comments) (SA),153-32 73 AVENUE,QUEENS,40.72694094458944,-73.81308847278177,Closed
69797679,2026-07-21T17:28:00.000,Sewer,Culvert Blocked/Needs Cleaning (SE),,BRONX,40.89858738203009,-73.87085047915616,Closed
69793593,2026-07-21T17:27:00.000,Sewer,Street Flooding (SJ),4517 BARNES AVENUE,BRONX,40.89940507171362,-73.85021594727792,Closed
69794923,2026-07-21T17:25:00.000,Sewer,Street Flooding (SJ),2224 MICKLE AVENUE,BRONX,40.858392430717714,-73.84094895809301,Closed
69796267,2026-07-21T17:21:00.000,Sewer,Catch Basin Clogged/Flooding (Use Comments) (SC),146-01 116 AVENUE,QUEENS,40.681904817375035,-73.79538559286392,Closed
69800343,2026-07-21T17:17:00.000,Sewer,Sewer Backup (Use Comments) (SA),22-33 119 STREET,QUEENS,40.77956080649135,-73.84877763955956,Closed
69797657,2026-07-21T17:15:00.000,Sewer,Catch Basin Clogged/Flooding (Use Comments) (SC),955 EAST  229 STREET,BRONX,40.888315587394764,-73.85160441952395,Closed
69790891,2026-07-21T17:14:00.000,Sewer,Sewer Backup (Use Comments) (SA),580 BAY STREET,STATEN ISLAND,40.62752271374113,-74.0761612138779,Closed
69794914,2026-07-21T17:11:00.000,Sewer,Culvert Blocked/Needs Cleaning (SE),,BROOKLYN,40.66023485889602,-73.93711213038945,Closed
69797687,2026-07-21T17:08:00.000,Sewer,Sewer Backup (Use Comments) (SA),200 WEST   94 STREET,MANHATTAN,40.79282848310588,-73.97151625130907,Closed
69797681,2026-07-21T17:05:00.000,Sewer,Manhole Overflow (Use Comments) (SA1),958 EAST  229 STREET,BRONX,40.888274324159156,-73.85153217821338,Closed
69792224,2026-07-21T17:05:00.000,Sewer,Sewer Backup (Use Comments) (SA),1254 EAST   86 STREET,BROOKLYN,40.63255147486224,-73.90244317124818,Closed
69797658,2026-07-21T17:04:00.000,Sewer,Catch Basin Clogged/Flooding (Use Comments) (SC),931 MAGENTA STREET,BRONX,40.87435556475961,-73.85997748839267,Closed
69792217,2026-07-21T16:59:00.000,Sewer,Sewer Backup (Use Comments) (SA),1737 PILGRIM AVENUE,BRONX,40.846324392706855,-73.8334815656199,Closed
69797695,2026-07-21T16:58:00.000,Sewer,Street Flooding (SJ),931 MAGENTA STREET,BRONX,40.87435556475961,-73.85997748839267,Closed
69790892,2026-07-21T16:58:00.000,Sewer,Sewer Backup (Use Comments) (SA),50-40 41 STREET,QUEENS,40.73706715760949,-73.92467703186941,Closed
69799020,2026-07-21T16:57:00.000,Sewer,Sewer Backup (Use Comments) (SA),747 GREENWICH STREET,MANHATTAN,40.73549963035868,-74.00684508439319,Closed
69796268,2026-07-21T16:54:00.000,Sewer,Catch Basin Clogged/Flooding (Use Comments) (SC),90 MORTON STREET,MANHATTAN,40.73103934284925,-74.00781882183554,Closed
69796278,2026-07-21T16:53:00.000,Sewer,Catch Basin Search (SC2),3030 3 AVENUE,BRONX,40.81985687356105,-73.91326756784316,Closed
69790820,2026-07-21T16:53:00.000,Sewer,Sewer Backup (Use Comments) (SA),2176 BATHGATE AVENUE,BRONX,40.852406632041834,-73.89383216297317,Closed
69794904,2026-07-21T16:52:00.000,Sewer,Catch Basin Clogged/Flooding (Use Comments) (SC),2883 HARRINGTON AVENUE,BRONX,40.83998329395249,-73.83291919016831,Closed
69796269,2026-07-21T16:52:00.000,Sewer,Catch Basin Clogged/Flooding (Use Comments) (SC),2823 MILES AVENUE,BRONX,40.81790434150611,-73.81987082110128,Closed
69797623,2026-07-21T16:51:00.000,Sewer,Sewer Backup (Use Comments) (SA),1737 PILGRIM AVENUE,BRONX,40.846324392706855,-73.8334815656199,Closed
69794918,2026-07-21T16:49:00.000,Sewer,Sewer Backup (Use Comments) (SA),1646 EAST   56 STREET,BROOKLYN,40.615484677037294,-73.92070086945066,Closed
69790901,2026-07-21T16:48:00.000,Sewer,Street Flooding (SJ),4519 BROADWAY,MANHATTAN,40.85862728310786,-73.93164655834047,Closed
69794924,2026-07-21T16:48:00.000,Sewer,Street Flooding (SJ),4590 BEDFORD AVENUE,BROOKLYN,40.58964548111593,-73.94469643636046,Closed
69792199,2026-07-21T16:45:00.000,Sewer,Catch Basin Clogged/Flooding (Use Comments) (SC),140 REVILLE STREET,BRONX,40.84907739250753,-73.78681815036498,Closed
69800333,2026-07-21T16:44:00.000,Sewer,Catch Basin Clogged/Flooding (Use Comments) (SC),4050 EDSON AVENUE,BRONX,40.8913604216973,-73.8440167272716,Closed
69797624,2026-07-21T16:44:00.000,Sewer,Sewer Backup (Use Comments) (SA),1397 FRANKLIN AVENUE,BRONX,40.83412160940038,-73.90023956505676,Closed
69794898,2026-07-21T16:43:00.000,Sewer,Catch Basin Clogged/Flooding (Use Comments) (SC),191 HENRY STREET,MANHATTAN,40.71357682130055,-73.98790871043677,Closed
69790899,2026-07-21T16:43:00.000,Sewer,Street Flooding (SJ),925 MAGENTA STREET,BRONX,40.87437223458972,-73.86014378534644,Closed
69792222,2026-07-21T16:42:00.000,Sewer,Sewer Backup (Use Comments) (SA),161 BAY   41 STREET,BROOKLYN,40.59393740129389,-73.98895297994748,Closed
69793568,2026-07-21T16:41:00.000,Sewer,Catch Basin Clogged/Flooding (Use Comments) (SC),544 UNION AVENUE,BROOKLYN,40.71732214543583,-73.95167180291469,Closed
69793582,2026-07-21T16:37:00.000,Sewer,Culvert Blocked/Needs Cleaning (SE),444 EAST FORDHAM ROAD,BRONX,40.860941789723626,-73.88997559886448,Closed
69794916,2026-07-21T16:36:00.000,Sewer,Sewer Backup (Use Comments) (SA),29-05 39 AVENUE,QUEENS,40.75345647797808,-73.93432433184584,Closed
69792190,2026-07-21T16:33:00.000,Sewer,Catch Basin Clogged/Flooding (Use Comments) (SC),144-49 COOLIDGE AVENUE,QUEENS,40.71496012956585,-73.81483913055519,Open
69790864,2026-07-21T16:32:00.000,Sewer,Catch Basin Clogged/Flooding (Use Comments) (SC),1545 HAIGHT AVENUE,BRONX,40.845199335995325,-73.84966935096737,Closed
69790877,2026-07-21T16:32:00.000,Sewer,Catch Basin Grating Missing (SA4),,BROOKLYN,40.66142936887958,-73.90574218800681,Closed
69790865,2026-07-21T16:32:00.000,Sewer,Catch Basin Clogged/Flooding (Use Comments) (SC),1264 ASTOR AVENUE,BRONX,40.859799680679906,-73.85063050713622,Closed
69797659,2026-07-21T16:31:00.000,Sewer,Catch Basin Clogged/Flooding (Use Comments) (SC),400 OLMSTEAD AVENUE,BRONX,40.814730885279936,-73.85017530846399,Closed
69796292,2026-07-21T16:31:00.000,Sewer,Street Flooding (SJ),2904 ELY AVENUE,BRONX,40.869945971914,-73.83584853106716,Closed
69790887,2026-07-21T16:30:00.000,Sewer,Sewer Backup (Use Comments) (SA),2354 ARTHUR KIL ROAD,STATEN ISLAND,40.55561325923564,-74.21398362792118,Closed
69790888,2026-07-21T16:29:00.000,Sewer,Sewer Backup (Use Comments) (SA),30-50 75 STREET,QUEENS,40.759526817385414,-73.8927204303845,Closed
69797696,2026-07-21T16:29:00.000,Sewer,Street Flooding (SJ),1800 ARNOW AVENUE,BRONX,40.869116328172666,-73.83726067486823,Closed
69792191,2026-07-21T16:28:00.000,Sewer,Catch Basin Clogged/Flooding (Use Comments) (SC),3037 GRACE AVENUE,BRONX,40.87239187527471,-73.83611367852846,Closed
69792227,2026-07-21T16:27:00.000,Sewer,Street Flooding (SJ),1746 MELVILLE STREET,BRONX,40.84233952301372,-73.87015371882852,Closed
69793591,2026-07-21T16:25:00.000,Sewer,Street Flooding (SJ),1746 MELVILLE STREET,BRONX,40.84233952301372,-73.87015371882852,Closed
69800351,2026-07-21T16:20:00.000,Sewer,Street Flooding (SJ),,MANHATTAN,40.85932698382485,-73.93131325067326,Closed
69792216,2026-07-21T16:16:00.000,Sewer,Sewer Backup (Use Comments) (SA),962 EAST  229 STREET,BRONX,40.888246770321445,-73.8514490563508,Closed
69796293,2026-07-21T16:15:00.000,Sewer,Street Flooding (SJ),248 EAST   31 STREET,MANHATTAN,40.743339560392265,-73.97837969074094,Closed
69797698,2026-07-21T16:13:00.000,Sewer,Street Flooding (SJ),2406 AMSTERDAM AVENUE,MANHATTAN,40.84706660717321,-73.93167289552211,Closed
69790885,2026-07-21T16:08:00.000,Sewer,Sewer Backup (Use Comments) (SA),159 REMSEN AVENUE,BROOKLYN,40.660268116789,-73.92827794740914,Closed
69792223,2026-07-21T16:04:00.000,Sewer,Sewer Backup (Use Comments) (SA),80-50 208 STREET,QUEENS,40.73172709946528,-73.7621095080786,Closed
69794872,2026-07-21T16:01:00.000,Sewer,Highway Flooding (SH),,BRONX,,,Closed
69794899,2026-07-21T15:51:00.000,Sewer,Catch Basin Clogged/Flooding (Use Comments) (SC),1599 CARROLL STREET,BROOKLYN,40.6662410631438,-73.9333504455422,Closed
69800328,2026-07-21T15:43:00.000,Sewer,Catch Basin Clogged/Flooding (Use Comments) (SC),90-37 213 STREET,QUEENS,40.72203088639238,-73.74839894071759,Closed
69794915,2026-07-21T15:40:00.000,Sewer,Manhole Cover Missing (Emergency) (SA3),43-09 20 AVENUE,QUEENS,40.77488421167896,-73.89942568047555,Open
69792008,2026-07-21T15:39:00.000,Sewer,RAIN GARDEN STRUCTURE (GIRGS),,QUEENS,40.70696524259492,-73.74484535323265,Open
69799019,2026-07-21T15:34:00.000,Sewer,Sewer Backup (Use Comments) (SA),190 ASCAN AVENUE,QUEENS,40.7133780260972,-73.84369738012794,Closed
69792214,2026-07-21T15:14:00.000,Sewer,Culvert Blocked/Needs Cleaning (SE),119-14 155 STREET,QUEENS,40.679623089960856,-73.78736706176787,Closed
69797693,2026-07-21T15:11:00.000,Sewer,Sewer Backup (Use Comments) (SA),50-14 43 STREET,QUEENS,40.73729093627218,-73.92272820412238,Closed
69790896,2026-07-21T14:54:00.000,Sewer,Sewer Backup (Use Comments) (SA),97-12 65 ROAD,QUEENS,40.72790050072775,-73.85850288672889,Closed
69790897,2026-07-21T14:52:00.000,Sewer,Sewer Backup (Use Comments) (SA),67-35 YELLOWSTONE BOULEVARD,QUEENS,40.727441059387644,-73.84901858247126,Closed
69792219,2026-07-21T14:51:00.000,Sewer,Sewer Backup (Use Comments) (SA),429 SOUTH    5 STREET,BROOKLYN,40.70693302355991,-73.95120684048219,Closed
69796289,2026-07-21T14:47:00.000,Sewer,Sewer Backup (Use Comments) (SA),164-50 84 STREET,QUEENS,40.648755346882204,-73.84599296575269,Closed
69799030,2026-07-21T14:47:00.000,Sewer,Street Flooding (SJ),493A CENTRAL AVENUE,BROOKLYN,40.69103731013362,-73.91275721436878,Closed
69792231,2026-07-21T14:39:00.000,Sewer,Street Flooding (SJ),115-43 122 STREET,QUEENS,40.67654123199308,-73.8163662420075,Closed
69790883,2026-07-21T14:39:00.000,Sewer,Manhole Overflow (Use Comments) (SA1),,BROOKLYN,40.608746774836625,-73.95827996342706,Closed
69792208,2026-07-21T14:12:00.000,Sewer,Catch Basin Clogged/Flooding (Use Comments) (SC),363 WEST   19 STREET,MANHATTAN,40.74355291883989,-74.00195597480007,Closed
69792226,2026-07-21T14:10:00.000,Sewer,Sewer Odor (SA2),,BROOKLYN,40.69875731360606,-73.91884911788294,Closed
69792209,2026-07-21T14:02:00.000,Sewer,Catch Basin Clogged/Flooding (Use Comments) (SC),88-08 JUSTICE AVENUE,QUEENS,40.73688677185528,-73.87505381831023,Closed
69797680,2026-07-21T14:02:00.000,Sewer,Culvert Blocked/Needs Cleaning (SE),,QUEENS,40.733963004846565,-73.8720066840482,Closed
69792220,2026-07-21T14:02:00.000,Sewer,Sewer Backup (Use Comments) (SA),78 RIDGE STREET,MANHATTAN,40.71770718532209,-73.98382798018937,Closed
69794910,2026-07-21T14:01:00.000,Sewer,Catch Basin Clogged/Flooding (Use Comments) (SC),8 LUIGI PLACE,STATEN ISLAND,40.5768960286262,-74.12249780119177,Closed
69793580,2026-07-21T13:59:00.000,Sewer,Catch Basin Clogged/Flooding (Use Comments) (SC),86-12 JUSTICE AVENUE,QUEENS,40.737654712514484,-73.87705509227197,Closed
69793590,2026-07-21T13:57:00.000,Sewer,Sewer Backup (Use Comments) (SA),138-14 63 AVENUE,QUEENS,40.739896852665005,-73.82757321077052,Closed
69793581,2026-07-21T13:57:00.000,Sewer,Catch Basin Clogged/Flooding (Use Comments) (SC),88-03 54 AVENUE,QUEENS,40.737073309104055,-73.87495604002986,Closed
69794911,2026-07-21T13:42:00.000,Sewer,Catch Basin Clogged/Flooding (Use Comments) (SC),108 FORSYTH STREET,MANHATTAN,40.71870718104598,-73.99268045496936,Closed
69790898,2026-07-21T13:39:00.000,Sewer,Sewer Backup (Use Comments) (SA),1675 WEST    9 STREET,BROOKLYN,40.60621952961851,-73.98224876816387,Closed
69796291,2026-07-21T13:39:00.000,Sewer,Sewer Backup (Use Comments) (SA),2247 HARMAN STREET,QUEENS,40.71199978861485,-73.90664098729467,Closed
69793411,2026-07-21T13:37:00.000,Sewer,RAIN GARDEN DEBRIS (GIRGD),,BROOKLYN,40.677352217934825,-73.94423073549241,Open
69797674,2026-07-21T13:35:00.000,Sewer,Catch Basin Clogged/Flooding (Use Comments) (SC),272 GRAND STREET,MANHATTAN,40.717870042660124,-73.99289338462471,Closed
69799016,2026-07-21T13:32:00.000,Sewer,Catch Basin Clogged/Flooding (Use Comments) (SC),,BROOKLYN,40.67657273714097,-73.94430349103472,Closed
69794912,2026-07-21T13:30:00.000,Sewer,Catch Basin Clogged/Flooding (Use Comments) (SC),,BROOKLYN,40.677352217934825,-73.94423073549241,Closed
69792232,2026-07-21T13:30:00.000,Sewer,Street Flooding (SJ),47-18 73 STREET,QUEENS,40.73876372453538,-73.89080163422426,Closed
69792225,2026-07-21T13:28:00.000,Sewer,Sewer Backup (Use Comments) (SA),51-35 69 STREET,QUEENS,40.73420401024794,-73.89600145892138,Closed
69799024,2026-07-21T13:27:00.000,Sewer,Sewer Backup (Use Comments) (SA),59-15 47 AVENUE,QUEENS,40.74027838491047,-73.90584354969721,Closed
69796277,2026-07-21T13:19:00.000,Sewer,Catch Basin Clogged/Flooding (Use Comments) (SC),410 BERGEN STREET,BROOKLYN,40.681859571316295,-73.97801023240706,Closed
69792221,2026-07-21T13:16:00.000,Sewer,Sewer Backup (Use Comments) (SA),133-07 CROSSBAY BOULEVARD,QUEENS,40.67525257406997,-73.84328562058762,Closed
69800354,2026-07-21T13:14:00.000,Sewer,Street Flooding (SJ),,QUEENS,40.721353048353635,-73.78650879224409,Closed
69792229,2026-07-21T13:05:00.000,Sewer,Street Flooding (SJ),28 ROEBLING STREET,BROOKLYN,40.71783342249591,-73.95349678544648,Closed
70269368,2026-09-02T00:40:00.000,Street Light Condition,Street Light Out,,STATEN ISLAND,40.5947174537195,-74.08330372632511,Open
70262686,2026-09-02T00:40:00.000,Street Light Condition,Street Light Out,181-45 MIDLAND PARKWAY,QUEENS,40.72114638226746,-73.78460103010144,Open
70264027,2026-09-01T23:13:00.000,Street Light Condition,Street Light Out,JOHNSON AVENUE,BRONX,,,Open
70264044,2026-09-01T22:40:00.000,Street Light Condition,Street Light Out,183-52 BABYLON AVENUE,QUEENS,40.704001969541075,-73.77287700914215,Open
70269362,2026-09-01T22:33:00.000,Street Light Condition,Street Light Out,,BRONX,40.825801023685436,-73.88971212269186,Open
70268082,2026-09-01T22:29:00.000,Street Light Condition,Street Light Out,299 PARK PLACE,BROOKLYN,40.676515852242105,-73.96785259081423,Open
70262678,2026-09-01T22:21:00.000,Street Light Condition,Street Light Out,,QUEENS,40.709428220409,-73.91044272211415,Open
70264042,2026-09-01T22:21:00.000,Street Light Condition,Street Light Out,47 BUTLER PLACE,STATEN ISLAND,40.616014734282466,-74.07038862053238,Open
70265393,2026-09-01T22:20:00.000,Street Light Condition,Street Light Out,25-12 148 STREET,QUEENS,40.776245748940994,-73.81874507681556,Open
70264033,2026-09-01T22:14:00.000,Street Light Condition,Street Light Out,,BROOKLYN,40.592553925703626,-73.98798823487964,Open
70269375,2026-09-01T22:03:00.000,Street Light Condition,Street Light Out,2752 EAST   22 STREET,BROOKLYN,40.585112020589726,-73.94670912917618,Open
70272109,2026-09-01T21:50:00.000,Street Light Condition,Street Light Out,1575 EAST   12 STREET,BROOKLYN,40.610921781652195,-73.96151647858643,Open
70268089,2026-09-01T21:47:00.000,Street Light Condition,Street Light Out,91-17 96 STREET,QUEENS,40.69005292430679,-73.84775823445553,Open
70268088,2026-09-01T21:46:00.000,Street Light Condition,Street Light Out,406 MENAHAN STREET,QUEENS,40.702617393392764,-73.91263025537584,Open
70272105,2026-09-01T21:42:00.000,Street Light Condition,Street Light Out,2157 WALLACE AVENUE,BRONX,40.855214282613886,-73.86479664738877,Open
70262676,2026-09-01T21:38:00.000,Street Light Condition,Street Light Out,,BROOKLYN,40.67771565537879,-73.9358590462492,Open
70269377,2026-09-01T21:38:00.000,Street Light Condition,Street Light Out,8 TRENT STREET,STATEN ISLAND,40.55125251507883,-74.14058686258139,Open
70270752,2026-09-01T21:38:00.000,Street Light Condition,Street Light Out,-999 TRANTOR PL,STATEN ISLAND,40.62762136559151,-74.14486183757265,Open
70264041,2026-09-01T21:32:00.000,Street Light Condition,Street Light Out,864 POST AVENUE,STATEN ISLAND,40.630944099888396,-74.12978804447913,Open
70266733,2026-09-01T21:31:00.000,Street Light Condition,Street Light Cycling,243 MC DONALD AVENUE,BROOKLYN,40.64855214041278,-73.98051495048979,Open
70268080,2026-09-01T21:31:00.000,Street Light Condition,Street Light Out,1214 SHAKESPEARE AVENUE,BRONX,40.83727645099661,-73.92329148668505,Open
70272108,2026-09-01T21:30:00.000,Street Light Condition,Street Light Out,2435 PACIFIC STREET,BROOKLYN,40.67523488916162,-73.90487186933689,Open
70269367,2026-09-01T21:27:00.000,Street Light Condition,Street Light Out,,STATEN ISLAND,40.56273009533002,-74.12997223645323,Open
70272111,2026-09-01T21:27:00.000,Street Light Condition,Street Light Out,35 VIRGINIA AVENUE,STATEN ISLAND,40.61515689809154,-74.06825901120384,Open
70272114,2026-09-01T21:24:00.000,Street Light Condition,Fixture/Luminaire Hanging,,BRONX,40.819380919319116,-73.86153110632338,Open
70264035,2026-09-01T21:24:00.000,Street Light Condition,Street Light Lamp Dim,,BROOKLYN,40.66812757904117,-73.90357348858655,Open
70269373,2026-09-01T21:18:00.000,Street Light Condition,Street Light Out,4192 BRONXWOOD AVENUE,BRONX,40.89226303190049,-73.8520585688994,Open
70268086,2026-09-01T21:09:00.000,Street Light Condition,Street Light Out,104 MANOR ROAD,STATEN ISLAND,40.62554236703565,-74.12481338830516,Open
70270747,2026-09-01T21:08:00.000,Street Light Condition,Street Light Out,71 WEST   83 STREET,MANHATTAN,40.78431194708362,-73.97304374463529,Open
70269372,2026-09-01T21:01:00.000,Street Light Condition,Street Light Out,163 WEST TREMONT AVENUE,BRONX,40.85072298293725,-73.91572141207084,Open
70268079,2026-09-01T21:00:00.000,Street Light Condition,Street Light Out,1755 UNIVERSITY AVENUE,BRONX,40.850157713990335,-73.91591370182661,Open
70266727,2026-09-01T20:57:00.000,Street Light Condition,Street Light Out,1350 MANOR AVENUE,BRONX,40.83301535588357,-73.8773305878273,Open
70264030,2026-09-01T20:41:00.000,Street Light Condition,Street Light Out,,BRONX,40.904781113426665,-73.90028905813561,Open
70269365,2026-09-01T20:38:00.000,Street Light Condition,Street Light Out,,BROOKLYN,40.64316417468792,-74.01921322260426,Open
70264036,2026-09-01T20:36:00.000,Street Light Condition,Street Light Out,525 WEST   50 STREET,MANHATTAN,40.76523347545475,-73.9930760500121,Open
70270753,2026-09-01T20:33:00.000,Street Light Condition,Street Light Out,51-76 72 PLACE,QUEENS,40.73381531779384,-73.89121026325799,Open
70270742,2026-09-01T20:32:00.000,Street Light Condition,Street Light Out,,BRONX,40.89290519150942,-73.8436550269186,Open
70266732,2026-09-01T20:32:00.000,Street Light Condition,Street Light Out,115 RUSSEK DRIVE,STATEN ISLAND,40.548678465345844,-74.1995070699243,Open
70272112,2026-09-01T20:30:00.000,Street Light Condition,Street Light Out,718 SHAD CREEK ROAD,QUEENS,40.60825059799293,-73.81968739442081,Open
70265392,2026-09-01T20:23:00.000,Street Light Condition,Street Light Out,11 DELMAR AVENUE,STATEN ISLAND,40.54702535318728,-74.19514111000458,Open
70268078,2026-09-01T20:23:00.000,Street Light Condition,Street Light Out,1899 HARRISON AVENUE,BRONX,40.85273705509181,-73.91133780088663,Open
70269366,2026-09-01T20:19:00.000,Street Light Condition,Street Light Out,,STATEN ISLAND,40.593192000362635,-74.08239445066128,Open
70268085,2026-09-01T20:03:00.000,Street Light Condition,Street Light Out,16 LAMOKA AVENUE,STATEN ISLAND,40.55303783623535,-74.14622590818081,Open
70272104,2026-09-01T19:57:00.000,Street Light Condition,Lamppost Knocked Down,,QUEENS,40.74016492850793,-73.89524155975099,Open
70264028,2026-09-01T19:54:00.000,Street Light Condition,Street Light Out,COVERT STREET,BROOKLYN,,,Open
70269379,2026-09-01T19:28:00.000,Street Light Condition,Street Light Lamp Missing,7 9 STREET,BROOKLYN,40.674574269517294,-73.99743679017475,Open
70266731,2026-09-01T19:25:00.000,Street Light Condition,Street Light Out,26 MAGUIRE AVENUE,STATEN ISLAND,40.52605345991664,-74.20997537788473,Open
70269376,2026-09-01T19:07:00.000,Street Light Condition,Street Light Out,441 WINCHESTER AVENUE,STATEN ISLAND,40.542118922697576,-74.16063693958132,Open
70264037,2026-09-01T18:53:00.000,Street Light Condition,Street Light Out,1312 CLINTON AVENUE,BRONX,40.83183811035605,-73.90035862410004,Open
70269361,2026-09-01T18:31:00.000,Street Light Condition,Street Light Out,,BRONX,40.856287888803706,-73.91388882169674,Open
70265378,2026-09-01T18:29:00.000,Street Light Condition,Street Light Out,,STATEN ISLAND,40.62156435072273,-74.16848285561319,Open
70262672,2026-09-01T18:25:00.000,Street Light Condition,Traffic Signal Light,,MANHATTAN,,,Assigned
70265391,2026-09-01T18:25:00.000,Street Light Condition,Street Light Out,120 SHERMAN AVENUE,STATEN ISLAND,40.63846305468829,-74.0807532757365,Open
70264045,2026-09-01T18:16:00.000,Street Light Condition,Street Light Lamp Missing,4120 BAYCHESTER AVENUE,BRONX,40.893646626636745,-73.8439281722891,Open
70268084,2026-09-01T17:54:00.000,Street Light Condition,Street Light Out,53 GREAVES AVENUE,STATEN ISLAND,40.55396062151619,-74.14581049311397,Open
70270744,2026-09-01T17:27:00.000,Street Light Condition,Street Light Dayburning,,QUEENS,40.76199424727413,-73.94247047328723,Open
70268087,2026-09-01T17:18:00.000,Street Light Condition,Street Light Out,54-11 BROWVALE LANE,QUEENS,40.7635415861547,-73.7297449582881,Open
70270740,2026-09-01T17:01:00.000,Street Light Condition,Street Light Out,HUDSON RIVER,MANHATTAN,40.71455812288278,-74.02123221319597,Open
70264043,2026-09-01T17:00:00.000,Street Light Condition,Street Light Out,93-15 25 AVENUE,QUEENS,40.76416265949675,-73.87626251476524,Open
70262679,2026-09-01T16:48:00.000,Street Light Condition,Lamppost Missing,,QUEENS,,,Open
70262681,2026-09-01T16:32:00.000,Street Light Condition,Lamppost Knocked Down,BRONX ZOO,BRONX,40.85023185062718,-73.87632289476633,Open
70268090,2026-09-01T16:29:00.000,Street Light Condition,Fixture/Luminaire Hanging,FDR DR,MANHATTAN,,,Open
70262675,2026-09-01T16:23:00.000,Street Light Condition,Street Light Out,,BROOKLYN,40.70194486606545,-73.95572229507718,Open
70264032,2026-09-01T16:23:00.000,Street Light Condition,Street Light Out,,BROOKLYN,40.70194486606545,-73.95572229507718,Open
70264031,2026-09-01T16:22:00.000,Street Light Condition,Street Light Out,,BROOKLYN,40.70194486606545,-73.95572229507718,Open
70265380,2026-09-01T16:22:00.000,Street Light Condition,Street Light Out,BELT PKWY,BROOKLYN,,,Open
70265377,2026-09-01T16:21:00.000,Street Light Condition,Street Light Out,,BROOKLYN,40.70194486606545,-73.95572229507718,Open
70269364,2026-09-01T16:21:00.000,Street Light Condition,Street Light Out,,BROOKLYN,40.70251052876049,-73.95635307232418,Open
70266724,2026-09-01T16:20:00.000,Street Light Condition,Street Light Out,,BROOKLYN,40.7036390988914,-73.957614660677,Open
70266723,2026-09-01T16:19:00.000,Street Light Condition,Street Light Out,,BROOKLYN,40.703073443192544,-73.95698386204676,Open
70265394,2026-09-01T16:12:00.000,Street Light Condition,Lamppost Missing,21 CANTON COURT,BROOKLYN,40.58697147589089,-73.92035669052694,Open
70269381,2026-09-01T16:02:00.000,Street Light Condition,Lamppost Damaged,2131 WALLACE AVENUE,BRONX,40.85394627842468,-73.86483898777793,Open
70264025,2026-09-01T15:58:00.000,Street Light Condition,Street Light Out,J HOOD WRIGHT PARK,MANHATTAN,40.84536978963485,-73.9405189140908,Open
70265383,2026-09-01T15:43:00.000,Street Light Condition,Lamppost Missing,,QUEENS,40.72585125138924,-73.72542044186562,Open
70272099,2026-09-01T15:38:00.000,Street Light Condition,Street Light Out,BROOKLYN HEIGHTS PROMENADE,BROOKLYN,40.695072234123536,-73.99796611140084,Open
70268091,2026-09-01T15:29:00.000,Street Light Condition,Lamppost Missing,1027 GRAND STREET,BROOKLYN,40.713594216475705,-73.93399567589452,Open
70270741,2026-09-01T15:29:00.000,Street Light Condition,Street Light Out,,BRONX,40.859341727806004,-73.83103408682776,Open
70264029,2026-09-01T15:28:00.000,Street Light Condition,Street Light Out,,BRONX,40.859071275657826,-73.83190600929403,Open
70268075,2026-09-01T15:22:00.000,Street Light Condition,Street Light Out,,BRONX,40.814189260454036,-73.92124444102458,Open
70272107,2026-09-01T15:18:00.000,Street Light Condition,Street Light Out,2315 BRAGG STREET,BROOKLYN,40.59623907160921,-73.93529636135321,Open
70264040,2026-09-01T15:13:00.000,Street Light Condition,Street Light Out,37 ONTARIO AVENUE,STATEN ISLAND,40.61452841683143,-74.10465132021174,Open
70270743,2026-09-01T15:11:00.000,Street Light Condition,Street Light Out,BKLYN QUEENS EXPY,BROOKLYN,40.70138689395573,-73.96115048946955,Open
70262680,2026-09-01T15:10:00.000,Street Light Condition,Lamppost Leaning,BELT PKWY,BROOKLYN,,,Open
70264034,2026-09-01T14:59:00.000,Street Light Condition,Street Light Out,BELT PKWY,BROOKLYN,,,Open
70270751,2026-09-01T14:54:00.000,Street Light Condition,Street Light Out,49 STEVENSON PLACE,STATEN ISLAND,40.51781193132482,-74.21083066694118,Open
70270748,2026-09-01T14:48:00.000,Street Light Condition,Street Light Out,4047 PAULDING AVENUE,BRONX,40.887071118109255,-73.85073197890235,Open
70270746,2026-09-01T14:21:00.000,Street Light Condition,Street Light Out,200 MURRAY STREET,MANHATTAN,40.71536342025032,-74.01419826714002,Open
70265375,2026-09-01T14:15:00.000,Street Light Condition,Street Light Out,,MANHATTAN,40.78283405072255,-73.95947082375123,Open
70269374,2026-09-01T14:14:00.000,Street Light Condition,Street Light Out,76 5 AVENUE,BROOKLYN,40.680690213952644,-73.97757436364695,Open
70266725,2026-09-01T14:06:00.000,Street Light Condition,Lamppost Leaning,,QUEENS,40.73819755815936,-73.93772777316423,Open
70262683,2026-09-01T14:04:00.000,Street Light Condition,Street Light Out,3831 WALDO AVENUE,BRONX,40.88789584257869,-73.90354043421966,Open
70269382,2026-09-01T13:51:00.000,Street Light Condition,Street Light Lamp Missing,FLUSHING MEADOWS PARK,QUEENS,40.742377064999275,-73.84215697754966,Assigned
70266722,2026-09-01T13:50:00.000,Street Light Condition,Street Light Out,FLUSHING MEADOWS PARK,QUEENS,40.742377064999275,-73.84215697754966,Assigned
70264026,2026-09-01T13:50:00.000,Street Light Condition,Street Light Out,OCEAN PARKWAY MALLS,BROOKLYN,40.61261469086281,-73.96846324237731,Open
70265382,2026-09-01T13:49:00.000,Street Light Condition,Multiple Street Lights Out,FLUSHING MEADOWS PARK,QUEENS,40.742377064999275,-73.84215697754966,Assigned
70268074,2026-09-01T13:48:00.000,Street Light Condition,Street Light Out,FLUSHING MEADOWS PARK,QUEENS,40.742377064999275,-73.84215697754966,Assigned
70262673,2026-09-01T13:47:00.000,Street Light Condition,Street Light Out,FLUSHING MEADOWS PARK,QUEENS,40.742377064999275,-73.84215697754966,Assigned
70268073,2026-09-01T13:46:00.000,Street Light Condition,Street Light Out,FLUSHING MEADOWS PARK,QUEENS,40.742377064999275,-73.84215697754966,Assigned
70268077,2026-09-01T13:44:00.000,Street Light Condition,Street Light Out,,QUEENS,40.72053659219809,-73.7568102379051,Assigned
70265379,2026-09-01T13:30:00.000,Street Light Condition,Street Light Out,,BROOKLYN,40.66437303045654,-73.91814120782252,Assigned
70268076,2026-09-01T13:24:00.000,Street Light Condition,Street Light Out,,QUEENS,40.67934679788091,-73.85952526810226,Open
70272101,2026-09-01T12:59:00.000,Street Light Condition,Street Light Out,,BROOKLYN,40.60159580407766,-73.97436350802228,Open
70269378,2026-09-01T12:55:00.000,Street Light Condition,Street Light Out,67-34 ELIOT AVENUE,QUEENS,40.7183643797847,-73.89340716742653,Open
70266726,2026-09-01T12:47:00.000,Street Light Condition,Lamppost Knocked Down,,BRONX,40.83572369515274,-73.90578436324381,Open
70265387,2026-09-01T12:25:00.000,Street Light Condition,Street Light Out,829 EAST  161 STREET,BRONX,40.8206465437306,-73.90197955037917,Open
70264038,2026-09-01T12:08:00.000,Street Light Condition,Street Light Out,136 EAST    8 STREET,BROOKLYN,40.6467855616963,-73.97231012437918,Open
70262674,2026-09-01T11:43:00.000,Street Light Condition,Street Light Out,,MANHATTAN,40.75700751230017,-73.96387212776169,Open
70268083,2026-09-01T11:39:00.000,Street Light Condition,Street Light Out,1053 FOREST AVENUE,STATEN ISLAND,40.62717850638543,-74.12458948927197,Open
70272110,2026-09-01T11:32:00.000,Street Light Condition,Street Light Out,3893 VICTORY BOULEVARD,STATEN ISLAND,40.59518641963964,-74.18481433386326,Open
70265386,2026-09-01T11:24:00.000,Street Light Condition,Street Light Out,333 EAST  181 STREET,BRONX,40.85397840556349,-73.8988939938161,Open
70265390,2026-09-01T11:23:00.000,Street Light Condition,Street Light Out,142 CRESCENT AVENUE,STATEN ISLAND,40.642672349307446,-74.08619943620386,Open
70270745,2026-09-01T10:59:00.000,Street Light Condition,Street Light Out,7 BIALYSTOKER PLACE,MANHATTAN,40.71532738030961,-73.9831467814205,Open
70269363,2026-09-01T10:48:00.000,Street Light Condition,Street Light Out,,BROOKLYN,40.63201542882692,-73.94175748519089,Open
70265385,2026-09-01T10:44:00.000,Street Light Condition,Street Light Out,1641 GARFIELD STREET,BRONX,40.84171033111203,-73.86716966857439,Open
70272102,2026-09-01T10:39:00.000,Street Light Condition,Street Light Out,,QUEENS,,,Open
70272106,2026-09-01T10:33:00.000,Street Light Condition,Street Light Out,5807 4 AVENUE,BROOKLYN,40.641874423463044,-74.017339129781,Open
70268081,2026-09-01T10:26:00.000,Street Light Condition,Street Light Out,872 45 STREET,BROOKLYN,40.643025793773546,-73.9993405828176,Open
70266730,2026-09-01T10:16:00.000,Street Light Condition,Street Light Out,2704 AMBOY ROAD,STATEN ISLAND,40.57072303540313,-74.1224252897117,Open
70264023,2026-09-01T10:05:00.000,Street Light Condition,Traffic Signal Light,,MANHATTAN,40.70694257111171,-74.01351838995673,Assigned
70262684,2026-09-01T09:59:00.000,Street Light Condition,Street Light Out,2100 WESTBURY COURT,BROOKLYN,40.65667163234827,-73.96070078703764,Open
70270749,2026-09-01T09:45:00.000,Street Light Condition,Street Light Out,1004 39 STREET,BROOKLYN,40.644373241472316,-73.99251564400022,Open
70264039,2026-09-01T09:39:00.000,Street Light Condition,Street Light Out,939 CASTLETON AVENUE,STATEN ISLAND,40.63476001611678,-74.11360750262557,Open
70269371,2026-09-01T09:31:00.000,Street Light Condition,Street Light Out,964 EAST  181 STREET,BRONX,40.84455646844591,-73.87955378106993,Open
70265381,2026-09-01T09:30:00.000,Street Light Condition,Street Light Dayburning,,BROOKLYN,40.62053969823663,-73.93700544374092,Open
70265389,2026-09-01T09:02:00.000,Street Light Condition,Street Light Out,59 HARBOR VIEW PLACE SOUTH,STATEN ISLAND,40.60998992365015,-74.06074081050619,Open
70270750,2026-09-01T08:32:00.000,Street Light Condition,Street Light Out,19 SPARTAN AVENUE,STATEN ISLAND,40.6254895953646,-74.16263520950548,Open
70266729,2026-09-01T08:24:00.000,Street Light Condition,Street Light Out,300 MASPETH AVENUE,BROOKLYN,40.71778456928968,-73.9324475523355,Open
70264024,2026-09-01T08:05:00.000,Street Light Condition,Traffic Signal Light,,QUEENS,40.752440943476266,-73.95089559206652,Assigned
70262685,2026-09-01T07:03:00.000,Street Light Condition,Street Light Out,34-02 QUEENS BOULEVARD,QUEENS,40.74453660600318,-73.93060155959455,Open
70262677,2026-09-01T06:53:00.000,Street Light Condition,Street Light Out,80,STATEN ISLAND,40.59906172404584,-74.08432822983256,Open
70265388,2026-09-01T06:49:00.000,Street Light Condition,Street Light Out,1366 ST JOHNS PLACE,BROOKLYN,40.67067909804107,-73.93288458762787,Open
70266728,2026-09-01T05:57:00.000,Street Light Condition,Street Light Out,1114 ATLANTIC AVENUE,BROOKLYN,40.67944627623773,-73.95647993324127,Open
70272103,2026-09-01T05:48:00.000,Street Light Condition,Street Light Lamp Missing,VICTORY BLVD,Unspecified,,,Open
70265376,2026-09-01T05:48:00.000,Street Light Condition,Street Light Out,,BROOKLYN,40.60556755380929,-74.00442606020266,Open
70262682,2026-09-01T05:45:00.000,Street Light Condition,Street Light Out,1519 JARVIS AVENUE,BRONX,40.84328984767563,-73.82677754211305,Open
70272100,2026-09-01T05:29:00.000,Street Light Condition,Street Light Out,,BROOKLYN,40.67370137425993,-74.00443058178125,Open
70266721,2026-09-01T05:01:00.000,Street Light Condition,Street Light Out,CEDAR PLGD,BRONX,40.85591977049978,-73.91718970947426,Open
70269360,2026-09-01T04:15:00.000,Street Light Condition,Traffic Signal Light,,MANHATTAN,40.755300562504196,-73.97534387376678,Assigned
70269370,2026-09-01T02:00:00.000,Street Light Condition,Street Light Out,1854 CEDAR AVENUE,BRONX,40.85373916370406,-73.9192094769846,Open
70269369,2026-09-01T01:52:00.000,Street Light Condition,Street Light Out,,QUEENS,40.690780147777076,-73.72727049160652,Open
70265384,2026-09-01T01:02:00.000,Street Light Condition,Street Light Out,1471 ROSEDALE AVENUE,BRONX,40.837168334175054,-73.87001925588375,Open
70250766,2026-09-01T00:12:00.000,Street Light Condition,Street Light Out,,STATEN ISLAND,40.551361176580336,-74.14589478139408,Open
70253716,2026-08-31T23:55:00.000,Street Light Condition,Street Light Out,354 79 STREET,BROOKLYN,40.62817872689024,-74.02737593725465,Open
70255270,2026-08-31T23:52:00.000,Street Light Condition,Street Light Out,101 LAWRENCE STREET,BROOKLYN,40.69321321732577,-73.98620672515582,Open
70258278,2026-08-31T23:32:00.000,Street Light Condition,Street Light Out,,BROOKLYN,40.57910472246974,-74.00838062297578,Open
70261289,2026-08-31T23:31:00.000,Street Light Condition,Street Light Out,,BRONX,40.86533812663514,-73.85035052567925,Open
70250764,2026-08-31T23:29:00.000,Street Light Condition,Street Light Out,,BROOKLYN,40.57908823174038,-74.00867581459921,Open
70258284,2026-08-31T23:27:00.000,Street Light Condition,Street Light Out,1642 KIMBALL ROAD,BROOKLYN,40.617401241942204,-73.93492645520676,Open
70256758,2026-08-31T23:11:00.000,Street Light Condition,Fixture/Luminaire Out Of Position,12 WEST   74 STREET,MANHATTAN,40.77778828864744,-73.97563523240738,Open
70255262,2026-08-31T23:03:00.000,Street Light Condition,Street Light Out,,BRONX,40.88697899007038,-73.84744469566341,Open
70258283,2026-08-31T22:53:00.000,Street Light Condition,Street Light Out,585 EAST   13 STREET,BROOKLYN,40.635068867200346,-73.96514512914456,Open
70259810,2026-08-31T22:05:00.000,Street Light Condition,Street Light Out,,STATEN ISLAND,40.542423157922414,-74.16095069289777,Open
70258288,2026-08-31T21:59:00.000,Street Light Condition,Street Light Out,39 TOMPKINS STREET,STATEN ISLAND,40.62457157152645,-74.07689993612583,Open
70250776,2026-08-31T21:53:00.000,Street Light Condition,Street Light Out,132-25 SANFORD AVENUE,QUEENS,40.75502198633252,-73.83233461130578,Open
70253708,2026-08-31T21:51:00.000,Street Light Condition,Street Light Out,,BROOKLYN,40.626149296979705,-73.95258079791277,Open
70261297,2026-08-31T21:47:00.000,Street Light Condition,Street Light Out,241 WESTERVELT AVENUE,STATEN ISLAND,40.64207339759026,-74.08327276431135,Open
70255263,2026-08-31T21:45:00.000,Street Light Condition,Street Light Out,,STATEN ISLAND,40.533665530414,-74.17157455504457,Open
70250771,2026-08-31T21:41:00.000,Street Light Condition,Street Light Out,2974 HYLAN BOULEVARD,STATEN ISLAND,40.56095192023014,-74.1194346520574,Open
70255269,2026-08-31T21:41:00.000,Street Light Condition,Street Light Out,494 EAST   23 STREET,BROOKLYN,40.63797786327979,-73.95577194565016,Open
70252254,2026-08-31T21:32:00.000,Street Light Condition,Street Light Out,,STATEN ISLAND,40.53304851244759,-74.17119523882741,Open
70252259,2026-08-31T21:27:00.000,Street Light Condition,Fixture/Luminaire Damaged,2771 BAINBRIDGE AVENUE,BRONX,40.86742986555101,-73.88956353970688,Open
70256742,2026-08-31T21:26:00.000,Street Light Condition,Street Light Out,MONROE PLACE,BROOKLYN,,,Open
70256755,2026-08-31T21:15:00.000,Street Light Condition,Street Light Out,141-36 UNION TURNPIKE,QUEENS,40.717435880810456,-73.81826650067447,Open
70259808,2026-08-31T21:01:00.000,Street Light Condition,Street Light Out,,BRONX,40.90384526037696,-73.90038451757867,Open
70255274,2026-08-31T20:55:00.000,Street Light Condition,Street Light Out,21-12 45 AVENUE,QUEENS,40.74728195007427,-73.94725068332922,Open
70250775,2026-08-31T20:53:00.000,Street Light Condition,Street Light Out,89-47 115 STREET,QUEENS,40.696122806148885,-73.83279286875356,Open
70250761,2026-08-31T20:52:00.000,Street Light Condition,Street Light Out,,MANHATTAN,40.72944753414978,-74.0051703295056,Open
70250760,2026-08-31T20:51:00.000,Street Light Condition,Street Light Out,,MANHATTAN,40.73112736294508,-74.00422512803635,Open
70250770,2026-08-31T20:50:00.000,Street Light Condition,Street Light Out,14 GAYNOR STREET,STATEN ISLAND,40.52432496017974,-74.21984367096195,Open
70261291,2026-08-31T20:48:00.000,Street Light Condition,Street Light Out,,QUEENS,40.68521139557088,-73.76611188172505,Open
70255272,2026-08-31T20:48:00.000,Street Light Condition,Street Light Out,142 RUPERT AVENUE,STATEN ISLAND,40.5982867896,-74.13665281648507,Open
70252253,2026-08-31T20:43:00.000,Street Light Condition,Street Light Out,,BRONX,40.86288959276485,-73.85014996395887,Open
70253719,2026-08-31T20:38:00.000,Street Light Condition,Street Light Out,115 CAMDEN AVENUE,STATEN ISLAND,40.50882683659387,-74.22870037923607,Open
70258289,2026-08-31T20:37:00.000,Street Light Condition,Street Light Out,65-29 JAY AVENUE,QUEENS,40.7269941231385,-73.89976133464407,Open
70258280,2026-08-31T20:35:00.000,Street Light Condition,Street Light Out,1709 ANTHONY AVENUE,BRONX,40.84442310102232,-73.90417452870707,Open
70253718,2026-08-31T20:34:00.000,Street Light Condition,Street Light Out,75 MELROSE AVENUE,STATEN ISLAND,40.61906144350039,-74.10313474676983,Open
70256753,2026-08-31T20:30:00.000,Street Light Condition,Street Light Out,273 ABINGDON AVENUE,STATEN ISLAND,40.55641657599241,-74.1587244147218,Open
70259814,2026-08-31T20:28:00.000,Street Light Condition,Street Light Out,3895 HYLAN BOULEVARD,STATEN ISLAND,40.544482407789474,-74.1439296127089,Open
70253715,2026-08-31T20:26:00.000,Street Light Condition,Street Light Out,-999 VERONA STREET,BROOKLYN,,,Open
70252255,2026-08-31T20:22:00.000,Street Light Condition,Street Light Out,195 WEST   10 STREET,MANHATTAN,40.734190535224236,-74.00343149571009,Open
70256749,2026-08-31T20:21:00.000,Street Light Condition,Street Light Out,2261 BOSTON ROAD,BRONX,40.859054614814724,-73.86758691308724,Open
70258282,2026-08-31T20:20:00.000,Street Light Condition,Street Light Out,774 LAFAYETTE AVENUE,BROOKLYN,40.69096235851304,-73.94183580965833,Open
70255268,2026-08-31T20:16:00.000,Street Light Condition,Street Light Out,1159 BURKE AVENUE,BRONX,40.87119937140587,-73.85351195643823,Open
70250768,2026-08-31T20:15:00.000,Street Light Condition,Street Light Out,504 WEST  153 STREET,MANHATTAN,40.830467956380474,-73.94441677470242,Open
70261296,2026-08-31T20:11:00.000,Street Light Condition,Street Light Out,400 ST MARKS PLACE,STATEN ISLAND,40.639826716694074,-74.07748682243356,Open
70259811,2026-08-31T20:10:00.000,Street Light Condition,Street Light Out,,QUEENS,40.73038097020154,-73.71670622094426,Open
70258277,2026-08-31T20:00:00.000,Street Light Condition,Street Light Out,,BROOKLYN,40.68569584931617,-73.87160174684475,Open
70256745,2026-08-31T19:51:00.000,Street Light Condition,Street Light Out,,STATEN ISLAND,40.62831079561977,-74.14877934190572,Open
70256746,2026-08-31T19:45:00.000,Street Light Condition,Street Light Out,,QUEENS,40.69834653290496,-73.8901970501422,Open
70261295,2026-08-31T19:38:00.000,Street Light Condition,Street Light Out,11 SENECA AVENUE,STATEN ISLAND,40.61563484930826,-74.10434329171369,Open
70253709,2026-08-31T18:54:00.000,Street Light Condition,Street Light Out,,QUEENS,40.70283768878576,-73.86981952564145,Open
70250765,2026-08-31T18:45:00.000,Street Light Condition,Street Light Out,,STATEN ISLAND,40.56297431469899,-74.17544323880416,Open
70258290,2026-08-31T18:43:00.000,Street Light Condition,Street Light Lamp Dim,9515 AVENUE M,BROOKLYN,40.63617338352927,-73.89483913880713,Open
70255261,2026-08-31T18:13:00.000,Street Light Condition,Street Light Out,,BRONX,40.8179292892898,-73.90528569304024,Open
70256751,2026-08-31T18:09:00.000,Street Light Condition,Street Light Out,701 DE KALB AVENUE,BROOKLYN,40.69180234507518,-73.94773811416611,Open
70258279,2026-08-31T17:49:00.000,Street Light Condition,Multiple Street Lights Out,BRIGHTON BEACH MUNI PARKING,BROOKLYN,40.57481498036937,-73.96474460822627,Open
70261294,2026-08-31T17:35:00.000,Street Light Condition,Street Light Out,156 MAINE AVENUE,STATEN ISLAND,40.620558478462115,-74.12918790173754,Open
70250778,2026-08-31T17:32:00.000,Street Light Condition,Fixture/Luminaire Damaged,1600 PARKVIEW AVENUE,BRONX,40.845310116161045,-73.8268843257178,Open
70255277,2026-08-31T17:30:00.000,Street Light Condition,Fixture/Luminaire Damaged,3080 MIDDLETOWN ROAD,BRONX,40.844824970388906,-73.82733014847229,Open
70259812,2026-08-31T17:12:00.000,Street Light Condition,Street Light Out,1427 BRYANT AVENUE,BRONX,40.83074313502604,-73.8885439839371,Open
70250758,2026-08-31T16:44:00.000,Street Light Condition,Street Light Out,2042 MATTHEWS AVENUE,BRONX,40.85191851140689,-73.86299599999664,Open
70256750,2026-08-31T16:38:00.000,Street Light Condition,Street Light Out,61 MONROE STREET,BROOKLYN,40.684752071502444,-73.95687669515175,Open
70250774,2026-08-31T16:33:00.000,Street Light Condition,Street Light Out,23-16 HEALEY AVENUE,QUEENS,40.60531378527751,-73.75974729376024,Open
70259816,2026-08-31T16:18:00.000,Street Light Condition,Bracket Arm Missing,35-62 88 STREET,QUEENS,40.750625513966405,-73.87879605086522,Open
70253711,2026-08-31T16:12:00.000,Street Light Condition,Street Light Out,55 PARK DRIVE,BRONX,40.88748181750658,-73.81074198391082,Open
70250762,2026-08-31T16:08:00.000,Street Light Condition,Street Light Out,,BRONX,40.84990009352149,-73.90917644821488,Open
70255264,2026-08-31T16:00:00.000,Street Light Condition,Street Light Lamp Missing,,BRONX,40.861637260203935,-73.8243256288149,Open
70253710,2026-08-31T15:57:00.000,Street Light Condition,Street Light Out,444 EAST   81 STREET,MANHATTAN,40.772979532736144,-73.9501439249803,Open
70256744,2026-08-31T15:52:00.000,Street Light Condition,Street Light Out,,BRONX,40.84425329841935,-73.84825107766925,Open
70256756,2026-08-31T15:43:00.000,Street Light Condition,Street Light Lamp Missing,356 2 STREET,BROOKLYN,40.673681046343354,-73.98338442203462,Open
70259809,2026-08-31T15:21:00.000,Street Light Condition,Street Light Out,,STATEN ISLAND,40.59936316034833,-74.07301781406825,Open
70253714,2026-08-31T15:17:00.000,Street Light Condition,Street Light Out,414 BALTIC STREET,BROOKLYN,40.683735827854086,-73.98901742643632,Open
70258287,2026-08-31T15:13:00.000,Street Light Condition,Street Light Out,2 VAN DUZER STREET,STATEN ISLAND,40.63806699768204,-74.07794597665016,Open
70258273,2026-08-31T15:13:00.000,Street Light Condition,Lamppost Knocked Down,OCEAN PARKWAY,BROOKLYN,,,Open
70250769,2026-08-31T14:43:00.000,Street Light Condition,Street Light Out,172 LEVERETT AVENUE,STATEN ISLAND,40.55771086582836,-74.15152993590077,Open
70261290,2026-08-31T14:32:00.000,Street Light Condition,Street Light Out,,STATEN ISLAND,40.62510489030365,-74.14876859310395,Open
70259813,2026-08-31T14:29:00.000,Street Light Condition,Street Light Out,547 ALVERSON AVENUE,STATEN ISLAND,40.54315558806207,-74.2058986140573,Open
70261300,2026-08-31T14:23:00.000,Street Light Condition,Fixture/Luminaire Damaged,,BROOKLYN,40.66434335733734,-73.93153926551354,Open
70250773,2026-08-31T14:17:00.000,Street Light Condition,Street Light Out,92-96 220 STREET,QUEENS,40.72391068339932,-73.73717531334371,Open
70261293,2026-08-31T14:08:00.000,Street Light Condition,Street Light Out,715 EAST   13 STREET,BROOKLYN,40.63149494624219,-73.96446967865862,Open
70252252,2026-08-31T13:56:00.000,Street Light Condition,Street Light Out,,BRONX,40.905223001868755,-73.84751134556954,Open
70258286,2026-08-31T13:54:00.000,Street Light Condition,Street Light Out,87 INDALE AVENUE,STATEN ISLAND,40.51388291853404,-74.2038807784659,Open
70255271,2026-08-31T13:33:00.000,Street Light Condition,Street Light Out,266 WILLOW ROAD WEST,STATEN ISLAND,40.62123435807903,-74.14905534680891,Open
70256754,2026-08-31T13:02:00.000,Street Light Condition,Street Light Out,137-56 SLOAN STREET,QUEENS,40.67482564584338,-73.75708507236605,Open
70255267,2026-08-31T12:17:00.000,Street Light Condition,Flood Light Lamp Out,,QUEENS,40.722373087176315,-73.84608259883724,Open
70261288,2026-08-31T12:16:00.000,Street Light Condition,Street Light Out,,BRONX,40.84781555438027,-73.90753109698773,Open
70253717,2026-08-31T12:06:00.000,Street Light Condition,Street Light Out,64 PORTLAND PLACE,STATEN ISLAND,40.63438456467594,-74.09478887213382,Open
70253723,2026-08-31T12:00:00.000,Street Light Condition,Lamppost Damaged,762 EAST   21 STREET,MANHATTAN,,,Open
70252251,2026-08-31T11:59:00.000,Street Light Condition,Street Light Out,,MANHATTAN,40.70694026781641,-74.0090062482607,Open
70252258,2026-08-31T11:37:00.000,Street Light Condition,Street Light Out,7 SHIRRA AVENUE,STATEN ISLAND,40.59119125362463,-74.15212079202793,Open
70255278,2026-08-31T11:32:00.000,Street Light Condition,Lamppost Wire Exposed,,MANHATTAN,40.81377818926912,-73.95968679967802,Open
70252260,2026-08-31T11:20:00.000,Street Light Condition,Lamppost Wire Exposed,,MANHATTAN,40.81569076449531,-73.95829474326734,Open
70256741,2026-08-31T10:58:00.000,Street Light Condition,Fixture/Luminaire Damaged,BKLYN QUEENS EXPY,BROOKLYN,,,Closed
70256748,2026-08-31T10:50:00.000,Street Light Condition,Street Light Out,336 WEST  246 STREET,BRONX,40.89373247772951,-73.90198390344274,Open
70255273,2026-08-31T10:47:00.000,Street Light Condition,Street Light Out,42-28 79 STREET,QUEENS,40.74337863246973,-73.88614232310135,Open
70253713,2026-08-31T10:46:00.000,Street Light Condition,Street Light Out,582 LINWOOD STREET,BROOKLYN,40.67089325580082,-73.88183566344311,Open
70250763,2026-08-31T10:44:00.000,Street Light Condition,Street Light Out,,BROOKLYN,40.681566106655815,-73.89431326931438,Open
70258281,2026-08-31T10:43:00.000,Street Light Condition,Street Light Out,607 BELMONT AVENUE,BROOKLYN,40.67188391848534,-73.88710071808168,Open
70252256,2026-08-31T10:32:00.000,Street Light Condition,Street Light Out,2609 MILL AVENUE,BROOKLYN,40.60945053132338,-73.91168252276216,Open
70259807,2026-08-31T10:30:00.000,Street Light Condition,Lamppost Wire Exposed,HENRY HUDSON PKWY,MANHATTAN,,,Open
70253720,2026-08-31T10:29:00.000,Street Light Condition,Street Light Out,74-23 43 AVENUE,QUEENS,40.742306791242925,-73.89036999524009,Open
70261299,2026-08-31T10:25:00.000,Street Light Condition,Multiple Street Lights Out,10 PELL STREET,MANHATTAN,40.71473572046608,-73.99759757194532,Open
70258275,2026-08-31T10:17:00.000,Street Light Condition,Street Light Out,,MANHATTAN,40.732263713408656,-74.00357572441294,Open
70253724,2026-08-31T10:15:00.000,Street Light Condition,Fixture/Luminaire Missing,1040 5 AVENUE,MANHATTAN,40.780954375910774,-73.96082603174918,Open
70252257,2026-08-31T09:43:00.000,Street Light Condition,Street Light Out,1216 ROYAL STREET,STATEN ISLAND,40.57768998138478,-74.11100133356341,Open
70256747,2026-08-31T09:42:00.000,Street Light Condition,Street Light Out,907 HAVEMEYER AVENUE,BRONX,40.82608100499849,-73.84652923467455,Open
70261298,2026-08-31T09:34:00.000,Street Light Condition,Street Light Out,119-11 166 STREET,QUEENS,40.682843620062705,-73.77910372263763,Open
70256752,2026-08-31T09:23:00.000,Street Light Condition,Street Light Out,102 CORTELYOU AVENUE,STATEN ISLAND,40.55734197499889,-74.16429748973832,Open
70250772,2026-08-31T09:01:00.000,Street Light Condition,Street Light Out,70-33 INGRAM STREET,QUEENS,40.71508772152351,-73.84965980186728,Open
70259806,2026-08-31T08:52:00.000,Street Light Condition,Lamppost Knocked Down,CROSS ISL PKWY,QUEENS,40.79857024227067,-73.79354615537696,Assigned
70258276,2026-08-31T08:31:00.000,Street Light Condition,Street Light Out,,BROOKLYN,40.68358445537789,-73.8953412625771,Open
70250759,2026-08-31T08:29:00.000,Street Light Condition,Street Light Out,,MANHATTAN,40.707437350869206,-74.00405771118673,Open
70258274,2026-08-31T07:50:00.000,Street Light Condition,Street Light Out,NEW DORP LANE,STATEN ISLAND,,,Open
70255266,2026-08-31T07:49:00.000,Street Light Condition,Multiple Street Lights Out,,STATEN ISLAND,40.57541472788389,-74.11903574542043,Open
70250757,2026-08-31T07:48:00.000,Street Light Condition,Street Light Out,JUNIPER VALLEY PARK,QUEENS,40.72035799944184,-73.88037709186514,Open
70261292,2026-08-31T07:46:00.000,Street Light Condition,Multiple Street Lights Out,NEW DORP LANE,STATEN ISLAND,,,Open
70250767,2026-08-31T07:44:00.000,Street Light Condition,Multiple Street Lights Out,,STATEN ISLAND,40.57416002039983,-74.11668293093383,Open
70255265,2026-08-31T07:37:00.000,Street Light Condition,Multiple Street Lights Out,NEW DORP LANE,STATEN ISLAND,,,Open
70256743,2026-08-31T07:33:00.000,Street Light Condition,Street Light Out,357 NEW DORP LANE,STATEN ISLAND,40.570971008726524,-74.11067701277466,Open
70255276,2026-08-31T07:26:00.000,Street Light Condition,Lamppost Damaged,655 UNION STREET,BROOKLYN,40.677647281811765,-73.98363580089548,Open
70258285,2026-08-31T06:26:00.000,Street Light Condition,Street Light Out,8 DEVON PLACE,STATEN ISLAND,40.63952279127097,-74.10124947658957,Open
70253721,2026-08-31T06:02:00.000,Street Light Condition,Street Light Cycling,2102 HOLLAND AVENUE,BRONX,40.853373729375214,-73.86577637731106,Open
70253707,2026-08-31T05:31:00.000,Street Light Condition,Street Light Out,,BRONX,40.83208924481255,-73.88979203964699,Open
70253712,2026-08-31T01:13:00.000,Street Light Condition,Street Light Out,452 CRESCENT STREET,BROOKLYN,40.677045741993396,-73.8704250746627,Open
70245402,2026-08-31T00:34:00.000,Street Light Condition,Street Light Out,368 ESSEX STREET,BROOKLYN,40.67491447047294,-73.88194750705323,Open
70241402,2026-08-30T23:22:00.000,Street Light Condition,Street Light Out,-999 ROWLAND STREET,BRONX,,,Open
70246721,2026-08-30T23:18:00.000,Street Light Condition,Street Light Out,801 NEILL AVENUE,BRONX,40.85033108044979,-73.86448125859312,Open
70241408,2026-08-30T23:07:00.000,Street Light Condition,Street Light Out,591 MAIN STREET,STATEN ISLAND,40.50026468846204,-74.24386289674814,Open
70249336,2026-08-30T23:02:00.000,Street Light Condition,Street Light Out,120-11 HILLSIDE AVENUE,QUEENS,40.70167477418508,-73.83043468664926,Open
70241404,2026-08-30T22:59:00.000,Street Light Condition,Street Light Out,1757 BATH AVENUE,BROOKLYN,40.60422523793765,-74.00670918175642,Open
70241401,2026-08-30T22:43:00.000,Street Light Condition,Street Light Out,2170 CRESTON AVENUE,BRONX,40.855301775723525,-73.90257553996967,Open
70240054,2026-08-30T22:24:00.000,Street Light Condition,Street Light Out,,MANHATTAN,40.78263322355763,-73.95119830954191,Open
70241407,2026-08-30T22:18:00.000,Street Light Condition,Street Light Out,429 ISABELLA AVENUE,STATEN ISLAND,40.558415384568576,-74.11436658858212,Open
70240061,2026-08-30T22:04:00.000,Street Light Condition,Street Light Out,82 OSWEGO STREET,STATEN ISLAND,40.61238814912392,-74.10390961209863,Open
70249337,2026-08-30T21:56:00.000,Street Light Condition,Street Light Lamp Missing,2611 MILL AVENUE,BROOKLYN,40.609425853084424,-73.91171496945717,Open
70240053,2026-08-30T21:35:00.000,Street Light Condition,Street Light Out,,BRONX,40.868039673800304,-73.87909545613223,Open
70241410,2026-08-30T21:30:00.000,Street Light Condition,Fixture/Luminaire Damaged,204 4 AVENUE,BROOKLYN,40.677899668208696,-73.98272721421733,Open
70241405,2026-08-30T21:25:00.000,Street Light Condition,Street Light Out,157-37 85 STREET,QUEENS,40.66077464261021,-73.84796562374216,Open
70241403,2026-08-30T21:20:00.000,Street Light Condition,Street Light Out,1476 EAST   71 STREET,BROOKLYN,40.62256699589604,-73.91050883851167,Open
70249335,2026-08-30T21:17:00.000,Street Light Condition,Street Light Out,714 EAST   83 STREET,BROOKLYN,40.637961119023664,-73.91224650689983,Open
70244102,2026-08-30T21:14:00.000,Street Light Condition,Street Light Out,115 RUSTIC PLACE,STATEN ISLAND,40.546988138624776,-74.14846514208801,Open
70246719,2026-08-30T21:04:00.000,Street Light Condition,Street Light Out,,MANHATTAN,40.75830822067179,-73.96292570462641,Open
70240060,2026-08-30T20:46:00.000,Street Light Condition,Street Light Out,40 LARKIN STREET,STATEN ISLAND,40.63945985016411,-74.13569941698222,Open
70248002,2026-08-30T20:42:00.000,Street Light Condition,Street Light Out,30 MILL ROAD,STATEN ISLAND,40.568067596613886,-74.10715565501782,Open
70242703,2026-08-30T20:38:00.000,Street Light Condition,Street Light Out,481 SCHENECTADY AVENUE,BROOKLYN,40.6617566808295,-73.93437136280251,Open
70247997,2026-08-30T20:37:00.000,Street Light Condition,Street Light Out,898 LONGWOOD AVENUE,BRONX,40.818732014109216,-73.90027708686613,Open
70240059,2026-08-30T20:32:00.000,Street Light Condition,Street Light Out,217 JUSTIN AVENUE,STATEN ISLAND,40.55376583982031,-74.13211753487425,Open
70244099,2026-08-30T20:26:00.000,Street Light Condition,Street Light Out,,STATEN ISLAND,40.614542705893335,-74.13327875421139,Open
70248000,2026-08-30T20:24:00.000,Street Light Condition,Street Light Out,577 EAST   81 STREET,BROOKLYN,40.639778734314525,-73.91669767049191,Open
70246718,2026-08-30T20:21:00.000,Street Light Condition,Street Light Out,,BRONX,40.85095071181031,-73.82886854304576,Open
70240058,2026-08-30T20:16:00.000,Street Light Condition,Street Light Out,113 ELMIRA STREET,STATEN ISLAND,40.56153197209363,-74.12377246055891,Open
70245398,2026-08-30T20:05:00.000,Street Light Condition,Street Light Out,,BRONX,40.88349340500647,-73.9104035309877,Open
70249334,2026-08-30T19:43:00.000,Street Light Condition,Street Light Out,1953 WEST    9 STREET,BROOKLYN,40.59959064442036,-73.98099017053146,Open
70247996,2026-08-30T19:43:00.000,Street Light Condition,Street Light Out,1065 EVERGREEN AVENUE,BRONX,40.82492698908109,-73.88023969298901,Open
70245400,2026-08-30T17:46:00.000,Street Light Condition,Street Light Out,,QUEENS,40.73361933176933,-73.84475403305575,Open
70246722,2026-08-30T17:23:00.000,Street Light Condition,Street Light Out,111-05 178 PLACE,QUEENS,40.69764644101189,-73.77497230399348,Open
70249333,2026-08-30T16:55:00.000,Street Light Condition,Street Light Dayburning,TOMPKINS SQUARE PARK,MANHATTAN,40.72645166887514,-73.98171163835781,Open
70241406,2026-08-30T16:26:00.000,Street Light Condition,Street Light Out,1083 VICTORY BOULEVARD,STATEN ISLAND,40.618497960666744,-74.10094382916924,Open
70249331,2026-08-30T15:58:00.000,Street Light Condition,Street Light Out,,BROOKLYN,40.63134407505026,-73.89351013040914,Open
70244100,2026-08-30T15:40:00.000,Street Light Condition,Lamppost Leaning,,BROOKLYN,40.65539704500218,-73.92976084145636,Open
70247999,2026-08-30T15:16:00.000,Street Light Condition,Street Light Out,235 WEST  136 STREET,MANHATTAN,40.8164726219565,-73.94437065950858,Open
70249332,2026-08-30T14:46:00.000,Street Light Condition,Street Light Out,,STATEN ISLAND,40.59832654233959,-74.1378412162012,Open
70242702,2026-08-30T14:44:00.000,Street Light Condition,Street Light Out,,BROOKLYN,40.631581792884546,-73.94754388879824,Open
70248001,2026-08-30T13:33:00.000,Street Light Condition,Street Light Out,5557 CLARADON LANE,STATEN ISLAND,,,Open
70244098,2026-08-30T13:30:00.000,Street Light Condition,Street Light Out,,QUEENS,40.71430670663779,-73.81817763722256,Open
70241397,2026-08-30T12:55:00.000,Street Light Condition,Street Light Out,,QUEENS,40.79358488138572,-73.77827399865825,Open
70242700,2026-08-30T12:52:00.000,Street Light Condition,Street Light Out,PS  213 PLGD,QUEENS,40.746986327486304,-73.74591552782306,Open
70240055,2026-08-30T12:48:00.000,Street Light Condition,Street Light Dayburning,,QUEENS,40.758429610853824,-73.75625678243127,Open
70241396,2026-08-30T12:42:00.000,Street Light Condition,Street Light Out,ALLEY POND PARK,QUEENS,40.75284189973842,-73.7463696244017,Open
70240050,2026-08-30T12:36:00.000,Street Light Condition,Street Light Out,CROCHERON PARK,QUEENS,40.77212078590735,-73.76704139503545,Open
70242699,2026-08-30T12:31:00.000,Street Light Condition,Street Light Out,ALLEY ATHLETIC PLAYGROUND,QUEENS,40.73948351493301,-73.73435690893945,Open
70244101,2026-08-30T12:28:00.000,Street Light Condition,Street Light Out,14-20 UTOPIA PARKWAY,QUEENS,40.78936522671031,-73.79401166742993,Open
70245399,2026-08-30T12:15:00.000,Street Light Condition,Street Light Out,,QUEENS,,,Open
70246717,2026-08-30T12:10:00.000,Street Light Condition,Street Light Out,,BRONX,40.84964248115697,-73.89659810477792,Open
70240056,2026-08-30T12:08:00.000,Street Light Condition,Street Light Out,1993 WASHINGTON AVENUE,BRONX,40.8490307294578,-73.89695328014818,Open
70242698,2026-08-30T12:05:00.000,Street Light Condition,Lamppost Damaged,EAST   76 STREET,MANHATTAN,,,Open
70244103,2026-08-30T11:24:00.000,Street Light Condition,Lamppost Wire Exposed,180 SMITH STREET,BROOKLYN,40.68554757068728,-73.99127788337495,Open
70246720,2026-08-30T11:19:00.000,Street Light Condition,Street Light Dayburning,,QUEENS,40.73626943330202,-73.77286083936565,Open
70242701,2026-08-30T10:58:00.000,Street Light Condition,Street Light Out,,BRONX,40.81304707050153,-73.8600631255296,Open
70241400,2026-08-30T10:57:00.000,Street Light Condition,Street Light Out,3114 VILLA AVENUE,BRONX,40.87470426708049,-73.88771094880946,Open
70241399,2026-08-30T10:49:00.000,Street Light Condition,Street Light Out,3065 EAST  204 STREET,BRONX,,,Open
70241409,2026-08-30T10:02:00.000,Street Light Condition,Street Light Dayburning,54-14 65 PLACE,QUEENS,40.72818030820221,-73.90027909942724,Open
70240051,2026-08-30T09:50:00.000,Street Light Condition,Street Light Out,PITMAN AVENUE,BRONX,,,Open
70240052,2026-08-30T09:49:00.000,Street Light Condition,Street Light Out,LAKE AVENUE,STATEN ISLAND,,,Open
70240062,2026-08-30T09:46:00.000,Street Light Condition,Fixture/Luminaire Hanging,1830 WATERLOO PLACE,BRONX,40.840469389604,-73.8875049069946,Open
70247995,2026-08-30T09:12:00.000,Street Light Condition,Street Light Out,CROTONA PARK,BRONX,40.843524584884456,-73.89666182787762,Open
70242704,2026-08-30T09:00:00.000,Street Light Condition,Street Light Out,116-02 LINDEN BOULEVARD,QUEENS,40.67806380689942,-73.82287317325802,Open
70245401,2026-08-30T08:56:00.000,Street Light Condition,Lamppost Missing,,QUEENS,40.74868529796035,-73.87398144406941,Open
70241398,2026-08-30T08:55:00.000,Street Light Condition,Street Light Out,1660 SOUTHERN BOULEVARD,BRONX,40.83587858471852,-73.88863656768554,Open
70246723,2026-08-30T08:43:00.000,Street Light Condition,Street Light Lamp Dim,5 JARDINE PLACE,BROOKLYN,40.67697255958743,-73.90514699180164,Open
70240057,2026-08-30T08:29:00.000,Street Light Condition,Street Light Out,63-116 FITCHETT STREET,QUEENS,40.72245256260319,-73.86572258112983,Open
70249330,2026-08-30T06:59:00.000,Street Light Condition,Lamppost Knocked Down,HUTCH RVR PKWY,BRONX,40.86847283124185,-73.82157056407065,Closed
70245403,2026-08-30T01:24:00.000,Street Light Condition,Fixture/Luminaire Out Of Position,79 BRIDGE STREET,BROOKLYN,40.7020566683554,-73.98471177821122,Open
70247998,2026-08-30T01:16:00.000,Street Light Condition,Street Light Out,54 WEST  119 STREET,MANHATTAN,40.80339249060073,-73.94695698594334,Open
70235264,2026-08-29T23:51:00.000,Street Light Condition,Street Light Out,1729 BARTOW AVENUE,BRONX,40.86686352785186,-73.83768558690224,Open
70237759,2026-08-29T23:42:00.000,Street Light Condition,Street Light Out,CARROLL PARK,BROOKLYN,40.68106014649009,-73.99652797309054,Open
70232844,2026-08-29T23:33:00.000,Street Light Condition,Street Light Out,138 NICHOLAS AVENUE,STATEN ISLAND,40.63667679677959,-74.14013990182347,Open
70230486,2026-08-29T22:58:00.000,Street Light Condition,Street Light Out,132-39 84 STREET,QUEENS,40.67481721066591,-73.85238590510095,Open
70231689,2026-08-29T22:37:00.000,Street Light Condition,Street Light Out,1875 STILLWELL AVENUE,BRONX,40.85939369693211,-73.83091104132573,Open
70232841,2026-08-29T22:28:00.000,Street Light Condition,Street Light Out,3132 NOSTRAND AVENUE,BROOKLYN,40.60809535473266,-73.94334139916947,Open
70235265,2026-08-29T22:26:00.000,Street Light Condition,Street Light Out,70-22 71 STREET,QUEENS,40.70489492939058,-73.88127766586831,Open
70238950,2026-08-29T22:24:00.000,Street Light Condition,Street Light Out,143-11 115 AVENUE,QUEENS,40.68266176316289,-73.79971711007282,Open
70232840,2026-08-29T22:20:00.000,Street Light Condition,Street Light Out,190 LINCOLN AVENUE,BRONX,40.80991733902902,-73.92790355385135,Open
70236507,2026-08-29T22:19:00.000,Street Light Condition,Street Light Out,99-63 66 AVENUE,QUEENS,40.72844985849496,-73.85442468416936,Open
70230477,2026-08-29T22:17:00.000,Street Light Condition,Street Light Out,,MANHATTAN,40.78578702266814,-73.97853562883556,Open
70234073,2026-08-29T22:14:00.000,Street Light Condition,Street Light Out,116-46 227 STREET,QUEENS,40.69379535730694,-73.73374559197407,Open
70237762,2026-08-29T22:14:00.000,Street Light Condition,Street Light Out,MAJOR DEEGAN EXPY,BRONX,40.80890774879988,-73.92865601716574,Open
70238945,2026-08-29T22:12:00.000,Street Light Condition,Street Light Out,STORY AVENUE,BRONX,,,Open
70237763,2026-08-29T22:05:00.000,Street Light Condition,Street Light Out,149 LINCOLN AVENUE,BRONX,40.808584030012,-73.9289128400736,Open
70234068,2026-08-29T22:01:00.000,Street Light Condition,Street Light Out,,BROOKLYN,40.68479855463378,-73.95640432752157,Open
70231690,2026-08-29T21:55:00.000,Street Light Condition,Street Light Out,2800 OCEAN PARKWAY,BROOKLYN,40.58168049124167,-73.9673078290331,Open
70234072,2026-08-29T21:47:00.000,Street Light Condition,Street Light Out,217-03 132 AVENUE,QUEENS,40.682937586062934,-73.75117848690924,Open
70238947,2026-08-29T21:38:00.000,Street Light Condition,Street Light Out,,STATEN ISLAND,40.646612087682406,-74.08109106320407,Open
70235260,2026-08-29T21:25:00.000,Street Light Condition,Street Light Out,RIDGEWOOD AVENUE,BROOKLYN,,,Open
70232843,2026-08-29T21:23:00.000,Street Light Condition,Street Light Out,16 RICHARD LANE,STATEN ISLAND,40.60875048859891,-74.15768194580762,Open
70231685,2026-08-29T21:09:00.000,Street Light Condition,Street Light Out,,QUEENS,40.77637300811921,-73.81763988804364,Open
70234071,2026-08-29T21:05:00.000,Street Light Condition,Street Light Out,150-59 34 AVENUE,QUEENS,40.76731649911868,-73.81321703647286,Open
70230482,2026-08-29T21:03:00.000,Street Light Condition,Street Light Out,1608 GLOVER STREET,BRONX,40.838145321700146,-73.85170910035022,Open
70238948,2026-08-29T21:01:00.000,Street Light Condition,Street Light Out,2015 BUSSING AVENUE,BRONX,40.895570767889524,-73.84401408111519,Open
70231692,2026-08-29T20:53:00.000,Street Light Condition,Street Light Out,355 GREELEY AVENUE,STATEN ISLAND,40.574834622653135,-74.10297646458316,Open
70230485,2026-08-29T20:51:00.000,Street Light Condition,Street Light Out,126-12 5 AVENUE,QUEENS,40.792517131212904,-73.84147471004289,Open
70234070,2026-08-29T20:46:00.000,Street Light Condition,Street Light Out,532 BEACH  129 STREET,QUEENS,40.58043237246273,-73.85054611371379,Open
70236502,2026-08-29T20:45:00.000,Street Light Condition,Street Light Out,,QUEENS,40.66776424358689,-73.73993427994054,Open
70232839,2026-08-29T20:35:00.000,Street Light Condition,Street Light Out,785 EAST  169 STREET,BRONX,40.830412584599465,-73.89918636391081,Open
70236505,2026-08-29T20:34:00.000,Street Light Condition,Street Light Out,,STATEN ISLAND,40.59462953034522,-74.1589160699878,Open
70231688,2026-08-29T20:31:00.000,Street Light Condition,Street Light Out,3135 SEDGWICK AVENUE,BRONX,40.877610105856704,-73.89872064676143,Open
70232842,2026-08-29T20:21:00.000,Street Light Condition,Street Light Out,25-42 41 STREET,QUEENS,40.76717844268886,-73.91122787727015,Open
70230479,2026-08-29T20:08:00.000,Street Light Condition,Flood Light Lamp Out,,QUEENS,40.67779904773782,-73.82384008579925,Open
70230480,2026-08-29T20:05:00.000,Street Light Condition,Street Light Out,944 PARK AVENUE,MANHATTAN,40.777223773863476,-73.9593659193471,Open
70236509,2026-08-29T20:00:00.000,Street Light Condition,Fixture/Luminaire Hanging,16 WEST   74 STREET,MANHATTAN,40.77782398774844,-73.97571826468742,Open
70230481,2026-08-29T19:27:00.000,Street Light Condition,Street Light Out,1446 WILLIAMSBRIDGE ROAD,BRONX,40.84324723441806,-73.8450583991611,Open
70238951,2026-08-29T18:16:00.000,Street Light Condition,Lamppost Base Door/Cover Missing,,MANHATTAN,40.71159285061041,-73.9942647439932,Open
70236504,2026-08-29T17:51:00.000,Street Light Condition,Street Light Out,,STATEN ISLAND,40.61198627885757,-74.14103531714763,Open
70231687,2026-08-29T17:43:00.000,Street Light Condition,Street Light Out,1309 EAST  223 STREET,BRONX,40.88026067285629,-73.84385472442973,Open
70238949,2026-08-29T17:39:00.000,Street Light Condition,Street Light Out,34-35 70 STREET,QUEENS,40.751608489862235,-73.89600677077554,Open
70238946,2026-08-29T17:32:00.000,Street Light Condition,Street Light Out,,QUEENS,40.7342785624062,-73.84511693674652,Open
70235262,2026-08-29T17:30:00.000,Street Light Condition,Street Light Out,,QUEENS,,,Open
70236506,2026-08-29T17:27:00.000,Street Light Condition,Street Light Out,96-03 160 AVENUE,QUEENS,40.65793999742039,-73.83648194531754,Open
70237758,2026-08-29T16:54:00.000,Street Light Condition,Street Light Out,MARIA HERNANDEZ PARK,BROOKLYN,40.70317158094687,-73.92386416644491,Open
70234069,2026-08-29T16:39:00.000,Street Light Condition,Street Light Out,86-32 249 STREET,QUEENS,40.73126263533371,-73.71694782773687,Open
70232836,2026-08-29T16:15:00.000,Street Light Condition,Street Light Out,CLASSON TRIANGLE,BROOKLYN,40.69948473095209,-73.96103258590688,Open
70237764,2026-08-29T16:02:00.000,Street Light Condition,Street Light Cycling,,BRONX,40.83538923508725,-73.88782066935879,Open
70230476,2026-08-29T15:27:00.000,Street Light Condition,Lamppost Knocked Down,BRONX RVR PKWY,BRONX,40.878289523978026,-73.87005819791149,Closed
70235268,2026-08-29T15:03:00.000,Street Light Condition,Lamppost Wire Exposed,,STATEN ISLAND,40.5652377740014,-74.18139503546563,Open
70235267,2026-08-29T14:51:00.000,Street Light Condition,Street Light Out,47 7 STREET,STATEN ISLAND,40.57110263690228,-74.11903526009812,Open
70231684,2026-08-29T13:51:00.000,Street Light Condition,Street Light Out,,QUEENS,40.757182695266444,-73.85501882764596,Open
70230484,2026-08-29T12:53:00.000,Street Light Condition,Street Light Out,57-50 79 STREET,QUEENS,40.72771067130292,-73.88251784243843,Open
70236508,2026-08-29T12:13:00.000,Street Light Condition,Lamppost Damaged,13 LOGAN STREET,BROOKLYN,40.6864558881912,-73.87895595854815,Open
70235266,2026-08-29T11:46:00.000,Street Light Condition,Street Light Out,249 HAWTHORNE AVENUE,STATEN ISLAND,40.610598566642246,-74.14882630664796,Open
70230483,2026-08-29T11:45:00.000,Street Light Condition,Street Light Out,76-20 269 STREET,QUEENS,40.75236423987854,-73.70700836775777,Open
70237760,2026-08-29T11:33:00.000,Street Light Condition,Street Light Out,BEVERLEY ROAD,BROOKLYN,,,Open
70235261,2026-08-29T11:25:00.000,Street Light Condition,Street Light Out,52 GRAHAM AVENUE,STATEN ISLAND,40.61296108620729,-74.16921030728167,Open
70231686,2026-08-29T10:31:00.000,Street Light Condition,Street Light Out,3095 GLENNON PLACE,BRONX,40.8136614479615,-73.80659509060156,Open
70232837,2026-08-29T10:12:00.000,Street Light Condition,Street Light Out,,MANHATTAN,40.80129132561186,-73.94389573469208,Open
70236503,2026-08-29T10:01:00.000,Street Light Condition,Street Light Out,,STATEN ISLAND,40.589937003460236,-74.14566941588764,Open
70231691,2026-08-29T09:23:00.000,Street Light Condition,Street Light Out,425 TARRYTOWN AVENUE,STATEN ISLAND,40.56061355048576,-74.11750861913653,Open
70237761,2026-08-29T07:37:00.000,Street Light Condition,Street Light Out,,BRONX,40.84299307292763,-73.91098213867018,Open
70236501,2026-08-29T06:55:00.000,Street Light Condition,Lamppost Knocked Down,GRAND CENTRAL PKWY,QUEENS,,,Assigned
70235263,2026-08-29T05:21:00.000,Street Light Condition,Street Light Out,4731 FIELDSTON ROAD,BRONX,40.8959840560233,-73.90309464624914,Open
70232838,2026-08-29T05:16:00.000,Street Light Condition,Street Light Out,5456 VALLES AVENUE,BRONX,40.90221694672289,-73.89955494990748,Open
70230478,2026-08-29T01:35:00.000,Street Light Condition,Street Light Out,,BRONX,40.83228518575849,-73.92974394584188,Open
70234067,2026-08-29T01:30:00.000,Street Light Condition,Street Light Out,,BRONX,40.831900200234024,-73.92856270428858,Open
70224688,2026-08-29T00:07:00.000,Street Light Condition,Street Light Out,112-12 201 STREET,QUEENS,40.702614600594885,-73.7548703426281,Open
70223182,2026-08-28T23:59:00.000,Street Light Condition,Street Light Out,2215 PEARSALL AVENUE,BRONX,40.85881906310099,-73.85217272903748,Open
70226078,2026-08-28T23:35:00.000,Street Light Condition,Street Light Out,7701 BAY PARKWAY,BROOKLYN,40.606610130658325,-73.98895448441043,Open
70223186,2026-08-28T23:32:00.000,Street Light Condition,Street Light Out,2284 EAST   17 STREET,BROOKLYN,40.59496341493921,-73.95375159323362,Open
70221700,2026-08-28T23:20:00.000,Street Light Condition,Street Light Out,1350 81 STREET,BROOKLYN,40.616225253538666,-74.00985126721837,Open
70221694,2026-08-28T23:13:00.000,Street Light Condition,Street Light Out,,QUEENS,40.75834230059329,-73.73061070660725,Open
70223181,2026-08-28T23:05:00.000,Street Light Condition,Street Light Out,404 WEST  255 STREET,BRONX,40.90253579632841,-73.90331661001726,Open
70226075,2026-08-28T22:59:00.000,Street Light Condition,Street Light Out,67 MOTT STREET,MANHATTAN,40.716124580423646,-73.99819994507563,Open
70229003,2026-08-28T22:51:00.000,Street Light Condition,Street Light Out,EAST   99 STREET,MANHATTAN,,,Open
70223185,2026-08-28T22:46:00.000,Street Light Condition,Street Light Out,416 STERLING PLACE,BROOKLYN,40.67485978207091,-73.96454751896563,Open
70221698,2026-08-28T22:31:00.000,Street Light Condition,Street Light Out,238 SHERMAN AVENUE,MANHATTAN,40.865978007982264,-73.91953084539068,Open
70224687,2026-08-28T22:13:00.000,Street Light Condition,Street Light Out,1095 PARK PLACE,BROOKLYN,40.6729454009822,-73.9413107736471,Open
70224690,2026-08-28T22:13:00.000,Street Light Condition,Street Light Out,13 DERBY COURT,STATEN ISLAND,40.62819928378701,-74.13221804813774,Open
70224681,2026-08-28T22:10:00.000,Street Light Condition,Street Light Out,,QUEENS,40.697470085160795,-73.84222723282457,Open
70218787,2026-08-28T22:09:00.000,Street Light Condition,Street Light Out,DYCKMAN STREET,MANHATTAN,,,Open
70220183,2026-08-28T22:00:00.000,Street Light Condition,Street Light Out,1933 67 STREET,BROOKLYN,40.61619215594285,-73.98843061987513,Open
70223180,2026-08-28T21:50:00.000,Street Light Condition,Street Light Out,2125 HOLLAND AVENUE,BRONX,40.85384582604438,-73.86578265420283,Open
70221702,2026-08-28T21:49:00.000,Street Light Condition,Fixture/Luminaire Hanging,656 54 STREET,BROOKLYN,40.641534902822315,-74.01044594373656,Closed
70218802,2026-08-28T21:48:00.000,Street Light Condition,Street Light Out,1199 ATLANTIC AVENUE,BROOKLYN,40.678532791404436,-73.95096082791946,Open
70220180,2026-08-28T21:39:00.000,Street Light Condition,Street Light Out,,STATEN ISLAND,40.574773426920714,-74.09761642754856,Open
70218795,2026-08-28T21:34:00.000,Street Light Condition,Street Light Out,,BROOKLYN,40.67685767158756,-73.92012316572202,Open
70224675,2026-08-28T21:30:00.000,Street Light Condition,Street Light Out,,MANHATTAN,40.87041578647481,-73.91514686699077,Open
70227550,2026-08-28T21:30:00.000,Street Light Condition,Street Light Out,113 STREET,QUEENS,,,Open
70224689,2026-08-28T21:28:00.000,Street Light Condition,Street Light Out,586 YETMAN AVENUE,STATEN ISLAND,40.501317699477944,-74.24043639162959,Open
70218799,2026-08-28T21:23:00.000,Street Light Condition,Street Light Out,1 DUTCH STREET,MANHATTAN,40.70921302646043,-74.00770444620922,Open
70218794,2026-08-28T21:14:00.000,Street Light Condition,Street Light Out,,BROOKLYN,,,Open
70220188,2026-08-28T21:09:00.000,Street Light Condition,Street Light Out,299 NEAL DOW AVENUE,STATEN ISLAND,40.616378478732685,-74.13604510629835,Open
70223169,2026-08-28T20:57:00.000,Street Light Condition,Street Light Out,,MANHATTAN,40.839232359015284,-73.94554424821676,Open
70229013,2026-08-28T20:55:00.000,Street Light Condition,Street Light Out,159-11 29 AVENUE,QUEENS,40.7710771502887,-73.8051410570549,Open
70221692,2026-08-28T20:54:00.000,Street Light Condition,Street Light Out,,BRONX,40.862919470567576,-73.852033463877,Open
70224680,2026-08-28T20:50:00.000,Street Light Condition,Street Light Out,,BROOKLYN,40.693249270666016,-73.97286058984527,Open
70224686,2026-08-28T20:47:00.000,Street Light Condition,Street Light Out,7 KNOLLS CRESCENT,BRONX,40.87883263279875,-73.91737452439695,Open
70224678,2026-08-28T20:43:00.000,Street Light Condition,Street Light Out,,BRONX,40.86538805477803,-73.85289205806623,Open
70221695,2026-08-28T20:42:00.000,Street Light Condition,Street Light Out,,STATEN ISLAND,40.61590057821079,-74.06852631296597,Open
70223179,2026-08-28T20:31:00.000,Street Light Condition,Street Light Out,920 CO OP CITY BOULEVARD,BRONX,40.87847139904435,-73.83042858672671,Open
70223172,2026-08-28T20:30:00.000,Street Light Condition,Street Light Out,,STATEN ISLAND,40.55713044941813,-74.1147314608457,Open
70224685,2026-08-28T20:28:00.000,Street Light Condition,Street Light Out,3638 PALMER AVENUE,BRONX,40.88383710954341,-73.83795515929397,Open
70227555,2026-08-28T20:27:00.000,Street Light Condition,Street Light Out,,QUEENS,40.75618897116961,-73.86161193552088,Open
70226065,2026-08-28T20:22:00.000,Street Light Condition,Street Light Out,JUNIPER VALLEY PARK,QUEENS,40.72035799944184,-73.88037709186514,Open
70218801,2026-08-28T20:17:00.000,Street Light Condition,Street Light Out,1525 BOSTON ROAD,BRONX,40.835600246672875,-73.89325547670121,Open
70220186,2026-08-28T20:13:00.000,Street Light Condition,Street Light Out,159-25 71 AVENUE,QUEENS,40.73036290685425,-73.80927954129868,Open
70220168,2026-08-28T18:45:00.000,Street Light Condition,Traffic Signal Light,,MANHATTAN,40.70331726906625,-74.00776507756758,Closed
70221689,2026-08-28T18:45:00.000,Street Light Condition,Traffic Signal Light,,MANHATTAN,40.723010314091134,-73.98575320366534,Closed
70223188,2026-08-28T18:30:00.000,Street Light Condition,Street Light Out,98-19 ASTORIA BOULEVARD,QUEENS,40.762296050037726,-73.87108948789276,Open
70220178,2026-08-28T18:20:00.000,Street Light Condition,Street Light Out,,BROOKLYN,40.626190146876304,-73.92183733619378,Open
70218804,2026-08-28T17:57:00.000,Street Light Condition,Glassware Hanging,41 CHARLESTON AVENUE,STATEN ISLAND,40.54944505633648,-74.2157702397924,Open
70227554,2026-08-28T17:51:00.000,Street Light Condition,Street Light Out,,BROOKLYN,40.60257555529321,-73.94331367265006,Open
70220179,2026-08-28T17:32:00.000,Street Light Condition,Street Light Out,,QUEENS,40.669558022231676,-73.85011569905376,Open
70223187,2026-08-28T17:28:00.000,Street Light Condition,Street Light Out,9 VAN BRUNT ROAD,QUEENS,40.59800757520738,-73.8200571459098,Open
70226072,2026-08-28T16:59:00.000,Street Light Condition,Street Light Out,,QUEENS,40.76334584290019,-73.87730728920086,Open
70229007,2026-08-28T16:58:00.000,Street Light Condition,Street Light Out,,BROOKLYN,40.61094482670169,-73.9131608210347,Open
70229009,2026-08-28T16:58:00.000,Street Light Condition,Multiple Street Lights Out,,QUEENS,40.76334584290019,-73.87730728920086,Open
70226071,2026-08-28T16:28:00.000,Street Light Condition,Street Light Out,,BROOKLYN,40.59566146075219,-73.9931332427828,Open
70224691,2026-08-28T16:25:00.000,Street Light Condition,Street Light Lamp Dim,86-17 89 STREET,QUEENS,40.693925242942846,-73.85585236339978,Open
70218793,2026-08-28T16:24:00.000,Street Light Condition,Street Light Out,,BROOKLYN,40.605719813107655,-73.9812189123153,Open
70220177,2026-08-28T16:23:00.000,Street Light Condition,Street Light Out,,BROOKLYN,40.611257518716236,-73.9745146689648,Open
70223170,2026-08-28T16:23:00.000,Street Light Condition,Street Light Out,,BROOKLYN,40.608702006173644,-73.97402943931134,Open
70227561,2026-08-28T16:07:00.000,Street Light Condition,Street Light Out,69-20 FOREST AVENUE,QUEENS,40.70156738811523,-73.90062546362134,Open
70224677,2026-08-28T16:03:00.000,Street Light Condition,Street Light Out,,BRONX,40.812077347359164,-73.88680510398193,Open
70223166,2026-08-28T16:01:00.000,Street Light Condition,Fixture/Luminaire Out Of Position,,BROOKLYN,40.7144568064812,-73.93528981915223,Open
70220166,2026-08-28T15:50:00.000,Street Light Condition,Lamppost Knocked Down,GULF AVE,Unspecified,,,Open
70229004,2026-08-28T15:43:00.000,Street Light Condition,Street Light Out,,MANHATTAN,40.713179221594146,-73.99250070375787,Open
70223184,2026-08-28T15:36:00.000,Street Light Condition,Street Light Out,631 59 STREET,BROOKLYN,40.63825741798139,-74.01254964990919,Open
70218788,2026-08-28T15:33:00.000,Street Light Condition,Street Light Out,,MANHATTAN,40.85382125851575,-73.93635434371556,Open
70223176,2026-08-28T15:10:00.000,Street Light Condition,Lamppost Missing,,QUEENS,,,Open
70227559,2026-08-28T14:58:00.000,Street Light Condition,Street Light Out,8914 AVENUE B,BROOKLYN,40.64914408113971,-73.91688778480275,Open
70221701,2026-08-28T14:52:00.000,Street Light Condition,Street Light Out,89-35 RUTLEDGE AVENUE,QUEENS,40.7102244899603,-73.86097153320608,Open
70220176,2026-08-28T14:45:00.000,Street Light Condition,Street Light Out,,BROOKLYN,40.640308789978846,-73.90983286014553,Open
70220185,2026-08-28T14:39:00.000,Street Light Condition,Street Light Out,67-02 GARFIELD AVENUE,QUEENS,40.73593467794936,-73.89764418785653,Open
70223168,2026-08-28T14:33:00.000,Street Light Condition,Street Light Out,220 STREET,QUEENS,,,Open
70221696,2026-08-28T14:28:00.000,Street Light Condition,Lamppost Knocked Down,,BROOKLYN,40.60226011851513,-74.0030681989304,Assigned
70220187,2026-08-28T14:27:00.000,Street Light Condition,Street Light Out,45 ZENI PLACE,STATEN ISLAND,40.57695539430551,-74.10404527824157,Open
70227549,2026-08-28T14:27:00.000,Street Light Condition,Street Light Out,FOREST PARK,QUEENS,40.702512212819265,-73.85256622293014,Open
70229012,2026-08-28T14:26:00.000,Street Light Condition,Street Light Out,4 DARE COURT,BROOKLYN,40.58633179011424,-73.9201450348188,Open
70220172,2026-08-28T14:21:00.000,Street Light Condition,Street Light Out,,MANHATTAN,,,Open
70223189,2026-08-28T14:04:00.000,Street Light Condition,Street Light Out,91 PLEASANT PLACE,STATEN ISLAND,,,Open
70220169,2026-08-28T13:45:00.000,Street Light Condition,Traffic Signal Light,,QUEENS,40.756939735759204,-73.93463131754613,Assigned
70223178,2026-08-28T13:29:00.000,Street Light Condition,Street Light Out,2816 PHILIP AVENUE,BRONX,40.82646145839293,-73.82642388683185,Open
70223171,2026-08-28T13:27:00.000,Street Light Condition,Street Light Out,,QUEENS,40.78723968066781,-73.80602182900677,Open
70223167,2026-08-28T12:55:00.000,Street Light Condition,Traffic Signal Light,,MANHATTAN,40.72970528910427,-74.00920776828471,Assigned
70220182,2026-08-28T12:45:00.000,Street Light Condition,Street Light Out,1752 WEST    6 STREET,BROOKLYN,40.604577601979294,-73.9790440499073,Open
70221699,2026-08-28T12:33:00.000,Street Light Condition,Street Light Out,324 POWERS AVENUE,BRONX,40.807515937109876,-73.91238780389276,Open
70227558,2026-08-28T12:07:00.000,Street Light Condition,Street Light Out,1796 EAST    4 STREET,BROOKLYN,40.606354079901436,-73.96944938016438,Open
70220184,2026-08-28T12:05:00.000,Street Light Condition,Street Light Out,163-47 88 STREET,QUEENS,40.651188291766594,-73.84272228949413,Open
70227560,2026-08-28T11:35:00.000,Street Light Condition,Street Light Out,91-19 QUEENS BOULEVARD,QUEENS,40.73337334415046,-73.86996914855246,Open
70218805,2026-08-28T11:08:00.000,Street Light Condition,Fixture/Luminaire Hanging,2329 DEMEYER STREET,BRONX,40.85991732006285,-73.83237022274403,Open
70226073,2026-08-28T11:04:00.000,Street Light Condition,Street Light Out,,STATEN ISLAND,40.556453294989566,-74.14977811126191,Open
70229008,2026-08-28T10:58:00.000,Street Light Condition,Street Light Dayburning,,BROOKLYN,40.62033485581412,-73.93888956074025,Open
70227551,2026-08-28T10:58:00.000,Street Light Condition,Street Light Out,,BRONX,40.804587114307076,-73.91212436203266,Pending
70220170,2026-08-28T10:51:00.000,Street Light Condition,Street Light Out,WILLIAMSBRIDGE OVAL,BRONX,40.87761137598851,-73.87739295298984,Pending
70226064,2026-08-28T10:50:00.000,Street Light Condition,Street Light Out,WILLIAMSBRIDGE OVAL,BRONX,40.87761137598851,-73.87739295298984,Pending
70218803,2026-08-28T10:39:00.000,Street Light Condition,Lamppost Wire Exposed,25-44 CORNAGA AVENUE,QUEENS,40.60258751657637,-73.76339071837235,Open
70220181,2026-08-28T10:39:00.000,Street Light Condition,Street Light Out,1555 LONGFELLOW AVENUE,BRONX,40.83339197773325,-73.88593407934917,Open
70218796,2026-08-28T10:34:00.000,Street Light Condition,Street Light Out,,STATEN ISLAND,40.54492979355119,-74.1773028513753,Open
70218798,2026-08-28T10:32:00.000,Street Light Condition,Street Light Out,333 EAST   55 STREET,MANHATTAN,40.75763650908263,-73.96533727320879,Open
70218797,2026-08-28T10:29:00.000,Street Light Condition,Street Light Out,,MANHATTAN,40.7623963774659,-73.9786009241232,Assigned
70223177,2026-08-28T10:25:00.000,Street Light Condition,Street Light Out,4999 MANHATTAN COLLEGE PKWY,BRONX,,,Open
70223174,2026-08-28T10:23:00.000,Street Light Condition,Street Light Out,VAN WYCK EXPY,QUEENS,,,Open
70267496,2026-09-02T00:08:00.000,Traffic Signal Condition,Controller,,BROOKLYN,40.68693828355353,-73.87322194168321,Open
70271527,2026-09-01T23:31:00.000,Traffic Signal Condition,Controller,,MANHATTAN,40.7576717999485,-73.994823870115,Open
70267495,2026-09-01T22:46:00.000,Traffic Signal Condition,Controller,,MANHATTAN,40.75289261512591,-73.98730964641686,Open
70270171,2026-09-01T22:28:00.000,Traffic Signal Condition,Pedestrian Signal,,BRONX,40.84292334753507,-73.90955823631849,Open
70263465,2026-09-01T22:24:00.000,Traffic Signal Condition,Controller,,BROOKLYN,40.60881430456359,-73.97299575761588,Open
70270162,2026-09-01T22:11:00.000,Traffic Signal Condition,Veh Signal Lamp,,BROOKLYN,40.67618054408917,-73.96629532151152,Open
70263464,2026-09-01T22:10:00.000,Traffic Signal Condition,Underground,,BRONX,40.819358253350316,-73.91828295359788,Open
70270166,2026-09-01T22:07:00.000,Traffic Signal Condition,Pedestrian Signal,,BROOKLYN,40.59639906372089,-73.98520048032063,Open
70266128,2026-09-01T21:57:00.000,Traffic Signal Condition,Controller,,MANHATTAN,40.71654175858807,-73.99698425784368,Open
70264818,2026-09-01T21:26:00.000,Traffic Signal Condition,Veh Sgnl Mult Lamps,,MANHATTAN,40.7517012912456,-73.9864003420982,Open
70263479,2026-09-01T21:14:00.000,Traffic Signal Condition,Pedestrian Signal,,BROOKLYN,40.694471381557854,-73.9570867780522,Closed
70268848,2026-09-01T20:59:00.000,Traffic Signal Condition,Controller,,QUEENS,40.74029842145184,-73.89414793317358,Open
70267497,2026-09-01T20:52:00.000,Traffic Signal Condition,Controller,,STATEN ISLAND,40.606986309549164,-74.0671270116498,Open
70264806,2026-09-01T20:37:00.000,Traffic Signal Condition,Controller,,MANHATTAN,40.771785031556,-73.96332617034822,Open
70271529,2026-09-01T20:33:00.000,Traffic Signal Condition,Controller,,MANHATTAN,40.777874081223175,-73.95174339794139,Closed
70264816,2026-09-01T20:11:00.000,Traffic Signal Condition,Veh Signal Lamp,,BROOKLYN,40.66255454397066,-73.90891970492359,Closed
70268852,2026-09-01T20:10:00.000,Traffic Signal Condition,Veh Sgnl Mult Lamps,,QUEENS,40.7402725268642,-73.89585124979992,Closed
70263478,2026-09-01T20:10:00.000,Traffic Signal Condition,Veh Signal Lamp,,BROOKLYN,40.669147417052834,-73.98972276139789,Closed
70266134,2026-09-01T20:05:00.000,Traffic Signal Condition,Controller,,QUEENS,40.74016492850793,-73.89524155975099,Assigned
70270156,2026-09-01T19:42:00.000,Traffic Signal Condition,Controller,,MANHATTAN,40.776876725758946,-73.94937555652666,Closed
70264811,2026-09-01T19:42:00.000,Traffic Signal Condition,Controller,,MANHATTAN,,,Closed
70268847,2026-09-01T19:42:00.000,Traffic Signal Condition,Controller,,MANHATTAN,40.789949627890586,-73.94292662318264,Closed
70271533,2026-09-01T19:21:00.000,Traffic Signal Condition,Controller,,BRONX,40.82408344966783,-73.84289897999196,Assigned
70267503,2026-09-01T18:57:00.000,Traffic Signal Condition,Controller,,BROOKLYN,40.68531591818159,-73.9147009390438,Assigned
70267500,2026-09-01T18:35:00.000,Traffic Signal Condition,Controller,,STATEN ISLAND,40.60120420192501,-74.06507576419791,Closed
70267499,2026-09-01T18:30:00.000,Traffic Signal Condition,Controller,,STATEN ISLAND,40.62981010307637,-74.07466872016943,Closed
70266132,2026-09-01T18:29:00.000,Traffic Signal Condition,Controller,,BROOKLYN,40.669147417052834,-73.98972276139789,Closed
70267498,2026-09-01T17:51:00.000,Traffic Signal Condition,Controller,,BRONX,40.82809877780817,-73.9202017729653,Closed
70263476,2026-09-01T17:51:00.000,Traffic Signal Condition,Veh Signal Lamp,,BROOKLYN,40.65153142529534,-73.96302107904071,Open
70266138,2026-09-01T17:35:00.000,Traffic Signal Condition,Veh Sgnl Mult Lamps,,QUEENS,40.74861464350142,-73.8746312134739,Open
70271530,2026-09-01T17:26:00.000,Traffic Signal Condition,Controller,,BROOKLYN,40.70890414845771,-73.959252467909,Closed
70268849,2026-09-01T17:23:00.000,Traffic Signal Condition,Pedestrian Signal,,QUEENS,40.745941419306114,-73.90005402230014,Open
70264815,2026-09-01T17:21:00.000,Traffic Signal Condition,Veh Signal Lamp,,QUEENS,40.74843798743709,-73.87625202188431,Open
70271528,2026-09-01T16:55:00.000,Traffic Signal Condition,Controller,,MANHATTAN,40.76114768546093,-73.97951459534153,Closed
70271532,2026-09-01T16:53:00.000,Traffic Signal Condition,Cable,,MANHATTAN,40.764790707940975,-73.984282232553,Open
70263473,2026-09-01T16:49:00.000,Traffic Signal Condition,Controller,,STATEN ISLAND,40.59702082755506,-74.09338189502466,Assigned
70271536,2026-09-01T16:45:00.000,Traffic Signal Condition,Veh Signal Lamp,,STATEN ISLAND,40.59702082755506,-74.09338189502466,Closed
70267510,2026-09-01T16:42:00.000,Traffic Signal Condition,Ped Lamp,,BROOKLYN,40.694471381557854,-73.9570867780522,Closed
70270164,2026-09-01T16:38:00.000,Traffic Signal Condition,Veh Signal Lamp,,QUEENS,,,Open
70262157,2026-09-01T16:37:00.000,Traffic Signal Condition,Conduit,,QUEENS,40.74753565069028,-73.88485401338326,Open
70270160,2026-09-01T16:35:00.000,Traffic Signal Condition,Base Door,,QUEENS,40.74773414773396,-73.8829986241182,Open
70271534,2026-09-01T16:32:00.000,Traffic Signal Condition,Controller,,QUEENS,40.76141278130672,-73.88453763081918,Assigned
70270172,2026-09-01T16:30:00.000,Traffic Signal Condition,Pedestrian Signal,,QUEENS,40.723215024185706,-73.89411373593002,Open
70263470,2026-09-01T16:30:00.000,Traffic Signal Condition,Controller,,QUEENS,40.7278033676069,-73.80515213824464,Closed
70270158,2026-09-01T16:28:00.000,Traffic Signal Condition,Controller,,QUEENS,,,Closed
70263471,2026-09-01T16:26:00.000,Traffic Signal Condition,Veh Signal Lens,,BROOKLYN,40.687415527660924,-73.95971271504284,Open
70267501,2026-09-01T16:24:00.000,Traffic Signal Condition,Veh Signal Lens,,BRONX,40.818130757925076,-73.89100017270049,Open
70264817,2026-09-01T16:17:00.000,Traffic Signal Condition,Veh Signal Head,,QUEENS,40.74827705606773,-73.93917280509925,Closed
70264810,2026-09-01T16:04:00.000,Traffic Signal Condition,Controller,,MANHATTAN,40.74384585770754,-73.97156245486296,Closed
70270165,2026-09-01T15:52:00.000,Traffic Signal Condition,Street Light Feed,,QUEENS,40.77746191991443,-73.90309381782075,Open
70264812,2026-09-01T15:25:00.000,Traffic Signal Condition,Controller,,STATEN ISLAND,40.60940248051937,-74.09010738879118,Closed
70264821,2026-09-01T15:14:00.000,Traffic Signal Condition,Pedestrian Signal,,MANHATTAN,40.71654175858807,-73.99698425784368,Open
70264809,2026-09-01T15:06:00.000,Traffic Signal Condition,Controller,,MANHATTAN,40.73917734757161,-73.98976608808873,Closed
70263477,2026-09-01T14:41:00.000,Traffic Signal Condition,Veh Signal Lamp,,BRONX,40.82098584510517,-73.8916133211247,Closed
70268854,2026-09-01T14:37:00.000,Traffic Signal Condition,Pedestrian Signal,,STATEN ISLAND,40.60940248051937,-74.09010738879118,Closed
70263475,2026-09-01T14:24:00.000,Traffic Signal Condition,Pedestrian Signal,,BROOKLYN,40.71337235129024,-73.93480390314556,Assigned
70271537,2026-09-01T14:15:00.000,Traffic Signal Condition,Vehicle Signal,,MANHATTAN,40.7242353361815,-73.99778483319649,Closed
70262160,2026-09-01T14:03:00.000,Traffic Signal Condition,LED Pedestrian Unit,,QUEENS,40.77816105875716,-73.77769348479363,Open
70270167,2026-09-01T14:02:00.000,Traffic Signal Condition,Pedestrian Signal,,QUEENS,40.78167705712316,-73.83869847365918,Open
70268851,2026-09-01T14:01:00.000,Traffic Signal Condition,Veh Signal Lamp,,QUEENS,40.660365136423394,-73.77552337696503,Open
70264814,2026-09-01T14:00:00.000,Traffic Signal Condition,Veh Signal Visor,,QUEENS,40.742935518393196,-73.8277205242401,Open
70264820,2026-09-01T14:00:00.000,Traffic Signal Condition,Pedestrian Signal,,QUEENS,40.69165179668416,-73.77919714574149,Open
70270169,2026-09-01T13:59:00.000,Traffic Signal Condition,Veh Signal Lamp,,QUEENS,40.67383729088377,-73.8178842008882,Open
70262163,2026-09-01T13:58:00.000,Traffic Signal Condition,Speed Board Sign,MAPLE GROVE CEMETERY,QUEENS,40.70728121272614,-73.82419499723893,Open
70262159,2026-09-01T13:58:00.000,Traffic Signal Condition,LED Pedestrian Unit,,QUEENS,40.70437089225541,-73.83282628104124,Open
70268850,2026-09-01T13:57:00.000,Traffic Signal Condition,Veh Signal Lamp,,QUEENS,40.71391317853171,-73.83008251060808,Open
70266136,2026-09-01T13:56:00.000,Traffic Signal Condition,Veh Signal Visor,,QUEENS,40.72856970970944,-73.85808654543489,Open
70266139,2026-09-01T13:56:00.000,Traffic Signal Condition,Controller,,STATEN ISLAND,40.60940248051937,-74.09010738879118,Assigned
70263480,2026-09-01T13:56:00.000,Traffic Signal Condition,LED Pedestrian Unit,,QUEENS,40.73095812401543,-73.856255743964,Open
70271535,2026-09-01T13:56:00.000,Traffic Signal Condition,Reflector/Louvre,,QUEENS,40.72647881325986,-73.89440800474755,Open
70268853,2026-09-01T13:55:00.000,Traffic Signal Condition,Pedestrian Signal,,QUEENS,40.7325834170122,-73.86805111721684,Closed
70267505,2026-09-01T13:52:00.000,Traffic Signal Condition,Pedestrian Signal,,BRONX,40.82194482389091,-73.92809285439161,Assigned
70264808,2026-09-01T13:41:00.000,Traffic Signal Condition,Controller,,MANHATTAN,40.7242353361815,-73.99778483319649,Closed
70262156,2026-09-01T13:40:00.000,Traffic Signal Condition,Controller,,QUEENS,40.71616552649031,-73.74475602253723,Closed
70263474,2026-09-01T13:36:00.000,Traffic Signal Condition,Controller,,QUEENS,40.714229862075214,-73.81645359100183,Assigned
70262158,2026-09-01T13:35:00.000,Traffic Signal Condition,Veh Signal Lamp,,QUEENS,40.77031958593381,-73.90247602513988,Open
70262162,2026-09-01T13:21:00.000,Traffic Signal Condition,Controller,,BRONX,,,Assigned
70266129,2026-09-01T13:08:00.000,Traffic Signal Condition,Controller,,BRONX,40.82499196517185,-73.91661395020616,Closed
70264805,2026-09-01T13:05:00.000,Traffic Signal Condition,APS,,Unspecified,,,Assigned
70267492,2026-09-01T12:56:00.000,Traffic Signal Condition,APS,,BROOKLYN,40.622084982789325,-74.02864502942202,Assigned
70267507,2026-09-01T12:31:00.000,Traffic Signal Condition,Veh Signal Lamp,,QUEENS,40.71616552649031,-73.74475602253723,Closed
70262154,2026-09-01T12:24:00.000,Traffic Signal Condition,APS,,BROOKLYN,40.60876730262125,-73.98671397988491,Assigned
70270157,2026-09-01T12:15:00.000,Traffic Signal Condition,Controller,,BROOKLYN,40.598629446084686,-73.95825747725965,Closed
70270159,2026-09-01T12:08:00.000,Traffic Signal Condition,Controller,,MANHATTAN,40.723680859014365,-74.00363659537572,Closed
70264813,2026-09-01T11:55:00.000,Traffic Signal Condition,Controller,,BRONX,,,Assigned
70266135,2026-09-01T11:37:00.000,Traffic Signal Condition,Post,,BROOKLYN,40.62577363807008,-73.9363196421612,Assigned
70268855,2026-09-01T11:12:00.000,Traffic Signal Condition,Controller,,BROOKLYN,40.69083144904631,-73.92439030313433,Closed
70264804,2026-09-01T11:06:00.000,Traffic Signal Condition,APS,,BRONX,40.84317496421008,-73.91194689088798,Assigned
70266137,2026-09-01T10:59:00.000,Traffic Signal Condition,Veh Signal Lamp,,QUEENS,40.73607316905106,-73.77355071597772,Open
70270163,2026-09-01T10:37:00.000,Traffic Signal Condition,Veh Signal Lamp,,STATEN ISLAND,40.60792099431477,-74.0892050192879,Open
70264807,2026-09-01T10:35:00.000,Traffic Signal Condition,Controller,,BRONX,40.89811645675434,-73.85343454781666,Closed
70268846,2026-09-01T10:09:00.000,Traffic Signal Condition,Controller,,MANHATTAN,40.72898889654943,-74.00934838211222,Closed
70266127,2026-09-01T09:58:00.000,Traffic Signal Condition,APS,,MANHATTAN,40.77138740575629,-73.95647761547139,Closed
70268845,2026-09-01T09:40:00.000,Traffic Signal Condition,Controller,,MANHATTAN,40.75289261512591,-73.98730964641686,Closed
70264819,2026-09-01T09:22:00.000,Traffic Signal Condition,Pedestrian Signal,,BROOKLYN,40.61617004369414,-73.95458695441944,Closed
70267506,2026-09-01T09:14:00.000,Traffic Signal Condition,Support Bracket,,BRONX,40.843909661928684,-73.88046213075634,Open
70267493,2026-09-01T09:07:00.000,Traffic Signal Condition,APS,,QUEENS,40.73699349160567,-73.8104838310263,Closed
70263472,2026-09-01T08:59:00.000,Traffic Signal Condition,Controller,,MANHATTAN,40.723450293161406,-74.00382779200886,Assigned
70268844,2026-09-01T08:58:00.000,Traffic Signal Condition,Controller,,MANHATTAN,40.74342393208858,-73.9998484302905,Closed
70267494,2026-09-01T08:51:00.000,Traffic Signal Condition,Controller Cabinet,,QUEENS,40.72738299351371,-73.86409989809731,Closed
70271531,2026-09-01T08:43:00.000,Traffic Signal Condition,Controller,,STATEN ISLAND,40.607099521659784,-74.0609902811645,Closed
70266131,2026-09-01T08:41:00.000,Traffic Signal Condition,Controller,,MANHATTAN,40.835123511608636,-73.94551147353238,Closed
70263469,2026-09-01T08:36:00.000,Traffic Signal Condition,Controller,,BROOKLYN,40.694471381557854,-73.9570867780522,Closed
70262161,2026-09-01T08:34:00.000,Traffic Signal Condition,Controller,,BROOKLYN,40.6632221461328,-73.89365027592062,Closed
70263468,2026-09-01T08:22:00.000,Traffic Signal Condition,Controller,,BROOKLYN,40.61717981585385,-74.03876808356814,Closed
70266133,2026-09-01T08:17:00.000,Traffic Signal Condition,Controller,,QUEENS,40.768974968461755,-73.77376014984088,Closed
70267504,2026-09-01T08:15:00.000,Traffic Signal Condition,Cable,,MANHATTAN,40.70694257111171,-74.01351838995673,Assigned
70267509,2026-09-01T08:05:00.000,Traffic Signal Condition,Pedestrian Signal,,BROOKLYN,40.69698633989122,-73.93522383122014,Closed
70270161,2026-09-01T07:48:00.000,Traffic Signal Condition,Warning Signal Lamp,,BROOKLYN,40.68176925926219,-73.96753277726584,Open
70263467,2026-09-01T07:22:00.000,Traffic Signal Condition,Controller,,BROOKLYN,40.62029796128757,-73.9614138148195,Closed
70270155,2026-09-01T06:57:00.000,Traffic Signal Condition,Controller,,BRONX,40.81874416705544,-73.8662002870162,Closed
70267508,2026-09-01T06:46:00.000,Traffic Signal Condition,Pedestrian Signal,,MANHATTAN,40.8221669535981,-73.94241483940529,Open
70270170,2026-09-01T06:44:00.000,Traffic Signal Condition,Wireless,,BRONX,40.86203226292979,-73.80213781465784,Closed
70267512,2026-09-01T06:39:00.000,Traffic Signal Condition,Ped Lamp,,BROOKLYN,40.715927407320294,-73.95762488283219,Open
70262153,2026-09-01T06:26:00.000,Traffic Signal Condition,APS,,QUEENS,40.757523240223996,-73.82913384300858,Closed
70270168,2026-09-01T06:25:00.000,Traffic Signal Condition,Ped Lamp,,MANHATTAN,40.76114768546093,-73.97951459534153,Closed
70263481,2026-09-01T06:22:00.000,Traffic Signal Condition,Pedestrian Signal,,MANHATTAN,40.75864478953868,-73.98134183654521,Closed
70262155,2026-09-01T06:17:00.000,Traffic Signal Condition,Controller,,BROOKLYN,40.58178594463837,-73.94807260926584,Closed
70267502,2026-09-01T04:53:00.000,Traffic Signal Condition,Cable,,MANHATTAN,40.75866396123414,-73.959720156378,Closed
70263466,2026-09-01T04:27:00.000,Traffic Signal Condition,Controller,,BRONX,40.81874416705544,-73.8662002870162,Closed
70266130,2026-09-01T01:05:00.000,Traffic Signal Condition,Controller,,MANHATTAN,40.76803324454641,-73.9958483434727,Closed
70251638,2026-08-31T23:12:00.000,Traffic Signal Condition,Controller,,Unspecified,,,Closed
70253103,2026-08-31T22:40:00.000,Traffic Signal Condition,Controller,,MANHATTAN,40.755300562504196,-73.97534387376678,Closed
70254575,2026-08-31T22:20:00.000,Traffic Signal Condition,Controller,,QUEENS,40.72544608221777,-73.90971766940025,Closed
70259148,2026-08-31T22:10:00.000,Traffic Signal Condition,Underground,,MANHATTAN,40.74843176574406,-73.98247072801945,Open
70256137,2026-08-31T22:10:00.000,Traffic Signal Condition,Underground,,MANHATTAN,40.86536647782944,-73.92438348096172,Open
70250110,2026-08-31T22:10:00.000,Traffic Signal Condition,Underground,,MANHATTAN,40.723010314091134,-73.98575320366534,Open
70257639,2026-08-31T22:10:00.000,Traffic Signal Condition,Underground,,MANHATTAN,,,Closed
70253102,2026-08-31T22:10:00.000,Traffic Signal Condition,Underground,,MANHATTAN,40.70331726906625,-74.00776507756758,Open
70256135,2026-08-31T22:10:00.000,Traffic Signal Condition,Underground,,MANHATTAN,40.755300562504196,-73.97534387376678,Closed
70256136,2026-08-31T22:10:00.000,Traffic Signal Condition,Underground,,MANHATTAN,40.76676987990434,-73.97118443967818,Open
70256146,2026-08-31T21:33:00.000,Traffic Signal Condition,Pedestrian Signal,,MANHATTAN,,,Assigned
70260663,2026-08-31T21:08:00.000,Traffic Signal Condition,Controller,,QUEENS,40.74918617235523,-73.90058330358141,Closed
70256147,2026-08-31T21:02:00.000,Traffic Signal Condition,Pedestrian Signal,,BROOKLYN,40.575260836337236,-73.9688912469212,Assigned
70254600,2026-08-31T20:56:00.000,Traffic Signal Condition,Ped Multiple Lamps,,QUEENS,40.75297636035804,-73.91023258393237,Closed
70256138,2026-08-31T20:22:00.000,Traffic Signal Condition,Controller,,Unspecified,,,Closed
70251642,2026-08-31T20:18:00.000,Traffic Signal Condition,Controller,,QUEENS,,,Closed
70254580,2026-08-31T20:13:00.000,Traffic Signal Condition,Controller,,BROOKLYN,40.589041564473646,-73.94457092038316,Closed
70256154,2026-08-31T20:05:00.000,Traffic Signal Condition,Ped Lamp,,BROOKLYN,40.654882431881674,-73.9618803533782,Open
70250126,2026-08-31T19:54:00.000,Traffic Signal Condition,Ped Multiple Lamps,,BROOKLYN,40.57997233445759,-73.97465260582312,Closed
70250121,2026-08-31T19:39:00.000,Traffic Signal Condition,Pedestrian Signal,,STATEN ISLAND,40.621700509791324,-74.12402452137293,Closed
70256142,2026-08-31T19:37:00.000,Traffic Signal Condition,Controller,,BROOKLYN,40.654882431881674,-73.9618803533782,Closed
70259161,2026-08-31T19:35:00.000,Traffic Signal Condition,Ped Lamp,,MANHATTAN,40.758373663645195,-73.97099315286859,Open
70259151,2026-08-31T19:25:00.000,Traffic Signal Condition,Controller,,QUEENS,40.75376558156267,-73.80488490072139,Closed
70250119,2026-08-31T17:39:00.000,Traffic Signal Condition,Controller,,BROOKLYN,40.63399731095844,-73.94777257477888,Closed
70251645,2026-08-31T17:34:00.000,Traffic Signal Condition,Vehicle Signal,,BROOKLYN,40.68856315543546,-73.87570687991574,Closed
70250107,2026-08-31T17:32:00.000,Traffic Signal Condition,APS,,QUEENS,40.758962536095325,-73.8298412521728,Closed
70254591,2026-08-31T17:14:00.000,Traffic Signal Condition,Pedestrian Signal,,BROOKLYN,40.62432182804097,-73.9849637376358,Closed
70259158,2026-08-31T17:08:00.000,Traffic Signal Condition,Pedestrian Signal,,BROOKLYN,40.654840515595886,-73.95969634660909,Closed
70257649,2026-08-31T17:05:00.000,Traffic Signal Condition,Pedestrian Signal,,QUEENS,40.75373073496746,-73.88503821041631,Closed
70250112,2026-08-31T17:04:00.000,Traffic Signal Condition,Controller,,MANHATTAN,40.78324786504036,-73.94472340476307,Closed
70253110,2026-08-31T16:56:00.000,Traffic Signal Condition,Veh Signal Lamp,,QUEENS,40.74484926004516,-73.83567677904459,Closed
70253108,2026-08-31T16:47:00.000,Traffic Signal Condition,Cable,,BROOKLYN,40.69254945562125,-73.99097045325652,Assigned
70256155,2026-08-31T16:37:00.000,Traffic Signal Condition,Vehicle Signal,,QUEENS,40.74484926004516,-73.83567677904459,Closed
70251644,2026-08-31T16:20:00.000,Traffic Signal Condition,Pedestrian Signal,,BROOKLYN,40.62432182804097,-73.9849637376358,Closed
70250123,2026-08-31T16:18:00.000,Traffic Signal Condition,Pedestrian Signal,,BROOKLYN,40.62432182804097,-73.9849637376358,Closed
70256152,2026-08-31T16:16:00.000,Traffic Signal Condition,Pedestrian Signal,,BROOKLYN,40.62432182804097,-73.9849637376358,Closed
70254588,2026-08-31T16:10:00.000,Traffic Signal Condition,Veh Signal Head,,BROOKLYN,40.65413345856589,-73.91232974956823,Closed
70250122,2026-08-31T15:53:00.000,Traffic Signal Condition,Pedestrian Signal,,MANHATTAN,40.7229781473266,-74.00505798904624,Closed
70254590,2026-08-31T15:50:00.000,Traffic Signal Condition,Pedestrian Signal,,BRONX,,,Closed
70250111,2026-08-31T15:32:00.000,Traffic Signal Condition,Controller,,BRONX,40.86283914528996,-73.84726146250969,Closed
70254585,2026-08-31T15:29:00.000,Traffic Signal Condition,Veh Signal Lens,,MANHATTAN,40.71332990237435,-74.01099827126723,Closed
70259149,2026-08-31T15:28:00.000,Traffic Signal Condition,Controller,,BRONX,40.874704503663416,-73.85802776597806,Closed
70253107,2026-08-31T15:24:00.000,Traffic Signal Condition,Controller,,BRONX,40.874704503663416,-73.85802776597806,Closed
70253111,2026-08-31T15:23:00.000,Traffic Signal Condition,Veh Sgnl Mult Lamps,,BRONX,40.874704503663416,-73.85802776597806,Closed
70260667,2026-08-31T15:20:00.000,Traffic Signal Condition,Veh Signal Lamp,,BROOKLYN,40.60140280234907,-73.95397760489014,Open
70254587,2026-08-31T15:17:00.000,Traffic Signal Condition,Veh Signal Lamp,,QUEENS,40.66862782487204,-73.78168495416405,Closed
70259162,2026-08-31T15:12:00.000,Traffic Signal Condition,Ped Lamp,,BROOKLYN,40.67988917609246,-73.94032760874937,Open
70257640,2026-08-31T15:08:00.000,Traffic Signal Condition,Controller,,BRONX,40.874704503663416,-73.85802776597806,Closed
70250125,2026-08-31T15:08:00.000,Traffic Signal Condition,Pedestrian Signal,,BRONX,40.83441708690932,-73.9285383193984,Open
70254594,2026-08-31T15:06:00.000,Traffic Signal Condition,Ped Flasher,,MANHATTAN,40.711569953213036,-74.01578457344797,Closed
70256151,2026-08-31T14:44:00.000,Traffic Signal Condition,Pedestrian Signal,,MANHATTAN,40.74892228690117,-73.97788704124666,Closed
70251641,2026-08-31T14:39:00.000,Traffic Signal Condition,Controller,,QUEENS,,,Closed
70257648,2026-08-31T14:38:00.000,Traffic Signal Condition,Pedestrian Signal,,BROOKLYN,40.58712181501705,-73.96204504456502,Open
70260672,2026-08-31T14:34:00.000,Traffic Signal Condition,Pedestrian Signal,,BROOKLYN,,,Closed
70260666,2026-08-31T14:31:00.000,Traffic Signal Condition,Junction Box,,QUEENS,40.66034739353655,-73.76796517661457,Closed
70257646,2026-08-31T14:31:00.000,Traffic Signal Condition,Post,,QUEENS,40.688235853606955,-73.76195456984738,Assigned
70254593,2026-08-31T14:29:00.000,Traffic Signal Condition,Pedestrian Signal,,QUEENS,40.67215083067139,-73.84318115522036,Open
70257647,2026-08-31T14:29:00.000,Traffic Signal Condition,Veh Signal Lamp,,QUEENS,40.66023979907147,-73.83243948196912,Open
70254599,2026-08-31T14:28:00.000,Traffic Signal Condition,Controller Cabinet,,QUEENS,40.72935960858734,-73.92854995715457,Assigned
70256149,2026-08-31T14:28:00.000,Traffic Signal Condition,Support Bracket,,QUEENS,40.740340453182604,-73.93634366254126,Open
70259154,2026-08-31T14:27:00.000,Traffic Signal Condition,Post,,QUEENS,40.739675232562284,-73.9345760838295,Open
70254592,2026-08-31T14:27:00.000,Traffic Signal Condition,Pedestrian Signal,,QUEENS,40.74102824263403,-73.93430771337177,Open
70250124,2026-08-31T14:26:00.000,Traffic Signal Condition,LED Pedestrian Unit,,QUEENS,40.743305499960755,-73.93765082292556,Open
70254589,2026-08-31T14:25:00.000,Traffic Signal Condition,Pedestrian Signal,,QUEENS,40.74113581317115,-73.93523503798474,Closed
70257642,2026-08-31T14:25:00.000,Traffic Signal Condition,Controller,,BROOKLYN,,,Closed
70253112,2026-08-31T14:23:00.000,Traffic Signal Condition,Pedestrian Signal,,MANHATTAN,40.776221110771935,-73.97595353687147,Closed
70253105,2026-08-31T14:23:00.000,Traffic Signal Condition,Controller,,MANHATTAN,40.74892228690117,-73.97788704124666,Closed
70254598,2026-08-31T14:22:00.000,Traffic Signal Condition,LED Pedestrian Unit,,MANHATTAN,40.810175405186904,-73.93740755930494,Closed
70256153,2026-08-31T14:21:00.000,Traffic Signal Condition,LED Pedestrian Unit,,MANHATTAN,40.82715318728578,-73.9462009224613,Closed
70253113,2026-08-31T14:20:00.000,Traffic Signal Condition,Vehicle Signal,,BROOKLYN,,,Closed
70254596,2026-08-31T14:20:00.000,Traffic Signal Condition,LED Pedestrian Unit,,MANHATTAN,40.829021693853534,-73.94483714258587,Closed
70259160,2026-08-31T14:19:00.000,Traffic Signal Condition,LED Pedestrian Unit,,MANHATTAN,40.83694606296753,-73.94010362185068,Closed
70254595,2026-08-31T14:18:00.000,Traffic Signal Condition,LED Pedestrian Unit,,MANHATTAN,40.83771452526321,-73.93999451245215,Closed
70256150,2026-08-31T14:14:00.000,Traffic Signal Condition,Veh Signal Lamp,,BROOKLYN,40.68856315543546,-73.87570687991574,Closed
70256141,2026-08-31T14:13:00.000,Traffic Signal Condition,Controller,,MANHATTAN,40.77115503657826,-73.97965231891881,Closed
70250117,2026-08-31T14:09:00.000,Traffic Signal Condition,Controller,,STATEN ISLAND,40.620160652864456,-74.07695609071942,Closed
70259156,2026-08-31T14:05:00.000,Traffic Signal Condition,Veh Signal Lamp,,BROOKLYN,40.692051682125,-73.98253964091832,Closed
70256133,2026-08-31T13:57:00.000,Traffic Signal Condition,APS,,BROOKLYN,40.69818700227846,-73.93739008394573,Open
70254597,2026-08-31T13:39:00.000,Traffic Signal Condition,LED Pedestrian Unit,,BROOKLYN,40.58365302348241,-73.94355294444074,Open
70250113,2026-08-31T13:26:00.000,Traffic Signal Condition,Controller,,BROOKLYN,40.692051682125,-73.98253964091832,Closed
70256140,2026-08-31T13:24:00.000,Traffic Signal Condition,Controller,,MANHATTAN,40.80321651323884,-73.95253051145288,Closed
70260662,2026-08-31T13:08:00.000,Traffic Signal Condition,APS,,BRONX,40.81005281617422,-73.92514352082966,Closed
70250120,2026-08-31T13:05:00.000,Traffic Signal Condition,Veh Signal Lamp,,BRONX,40.8129669682762,-73.91609074282523,Closed
70260671,2026-08-31T12:53:00.000,Traffic Signal Condition,Pedestrian Signal,,BROOKLYN,40.63824705207848,-73.99594289303494,Open
70259153,2026-08-31T12:51:00.000,Traffic Signal Condition,Pedestrian Signal,,BROOKLYN,40.62432182804097,-73.9849637376358,Assigned
70260669,2026-08-31T12:42:00.000,Traffic Signal Condition,Veh Signal Lamp,,BRONX,40.821005274562864,-73.89786380105497,Closed
70260668,2026-08-31T12:41:00.000,Traffic Signal Condition,Veh Signal Lamp,,BRONX,40.816535060010715,-73.92821792098728,Closed
70253109,2026-08-31T12:40:00.000,Traffic Signal Condition,Veh Signal Lamp,,BRONX,40.81806080091984,-73.90500009055037,Closed
70259155,2026-08-31T12:39:00.000,Traffic Signal Condition,Veh Signal Lamp,,BRONX,40.81751297022169,-73.91711827800268,Closed
70256145,2026-08-31T12:39:00.000,Traffic Signal Condition,Base Door,,BROOKLYN,40.599314108289086,-73.98574718826396,Open
70256143,2026-08-31T12:14:00.000,Traffic Signal Condition,Controller,,QUEENS,40.7601874556734,-73.91469529940512,Closed
70251643,2026-08-31T11:28:00.000,Traffic Signal Condition,Controller,,BRONX,40.85016447956678,-73.86518644463881,Closed
70254577,2026-08-31T11:27:00.000,Traffic Signal Condition,Controller,,MANHATTAN,40.75652720236339,-73.99401903776727,Closed
70257644,2026-08-31T11:24:00.000,Traffic Signal Condition,Controller,,QUEENS,,,Closed
70260665,2026-08-31T11:17:00.000,Traffic Signal Condition,Controller,,BROOKLYN,40.661122143373326,-74.00060192646814,Closed
70256139,2026-08-31T11:17:00.000,Traffic Signal Condition,Controller,,BRONX,40.807186760082935,-73.92427980149327,Closed
70259150,2026-08-31T11:06:00.000,Traffic Signal Condition,Controller,,BROOKLYN,40.68866994798084,-73.87547230106438,Closed
70253106,2026-08-31T11:06:00.000,Traffic Signal Condition,Controller,,BROOKLYN,40.678723026485905,-73.95298686771372,Closed
70259159,2026-08-31T10:42:00.000,Traffic Signal Condition,Pedestrian Signal,,BROOKLYN,40.65231396566228,-73.95601110914542,Closed
70260664,2026-08-31T10:41:00.000,Traffic Signal Condition,Controller,,MANHATTAN,40.74892228690117,-73.97788704124666,Closed
70259157,2026-08-31T10:41:00.000,Traffic Signal Condition,Veh Signal Head,,QUEENS,40.73005302265748,-73.7935239089092,Closed
70254586,2026-08-31T10:19:00.000,Traffic Signal Condition,Pedestrian Signal,,QUEENS,40.70146009417932,-73.80412913825911,Assigned
70254583,2026-08-31T10:09:00.000,Traffic Signal Condition,Controller,,QUEENS,40.75082357267726,-73.87408567530099,Closed
70254579,2026-08-31T10:09:00.000,Traffic Signal Condition,Controller,,BROOKLYN,40.69881941619579,-73.95796033174723,Closed
70257650,2026-08-31T09:58:00.000,Traffic Signal Condition,Ped Lamp,,BROOKLYN,40.70890414845771,-73.959252467909,Open
70260673,2026-08-31T09:49:00.000,Traffic Signal Condition,Ped Lamp,,MANHATTAN,40.76552015180097,-73.98003670045067,Open
70254582,2026-08-31T09:41:00.000,Traffic Signal Condition,Controller,,QUEENS,40.7508880648738,-73.81940959259049,Closed
70256144,2026-08-31T09:38:00.000,Traffic Signal Condition,Controller,,BROOKLYN,40.709168191623604,-73.96082493601241,Closed
70257645,2026-08-31T09:28:00.000,Traffic Signal Condition,Controller,,STATEN ISLAND,40.543335225468695,-74.16427024861207,Closed
70256148,2026-08-31T09:10:00.000,Traffic Signal Condition,Pedestrian Signal,,Unspecified,,,Assigned
70251640,2026-08-31T08:46:00.000,Traffic Signal Condition,Controller,,QUEENS,,,Closed
70257643,2026-08-31T08:24:00.000,Traffic Signal Condition,Controller,,QUEENS,40.685540094472,-73.8190312959881,Closed
70254581,2026-08-31T07:46:00.000,Traffic Signal Condition,Controller,,QUEENS,40.763634928612,-73.84198747193851,Closed
70260670,2026-08-31T07:39:00.000,Traffic Signal Condition,Veh Signal Lamp,,MANHATTAN,40.79998529440173,-73.94484675718117,Closed
70267511,2026-08-31T07:35:00.000,Traffic Signal Condition,Post,,BROOKLYN,40.69881941619579,-73.95796033174723,Closed
70259152,2026-08-31T07:21:00.000,Traffic Signal Condition,Cable,,MANHATTAN,40.7515235264882,-73.99394730218468,Closed
70250118,2026-08-31T07:20:00.000,Traffic Signal Condition,Cable,,MANHATTAN,40.738830730568644,-73.98314805353145,Closed
70254578,2026-08-31T07:13:00.000,Traffic Signal Condition,Controller,,BROOKLYN,40.694471381557854,-73.9570867780522,Closed
70257641,2026-08-31T06:43:00.000,Traffic Signal Condition,Controller,,BROOKLYN,40.682287098066205,-73.9981936474702,Closed
70260661,2026-08-31T06:30:00.000,Traffic Signal Condition,APS,,QUEENS,40.71181195872825,-73.7878451222173,Closed
70251637,2026-08-31T06:26:00.000,Traffic Signal Condition,APS,,BROOKLYN,40.61983127649794,-74.02956260300977,Closed
70254574,2026-08-31T06:25:00.000,Traffic Signal Condition,APS,,BROOKLYN,40.683127874732996,-73.97918522009685,Closed
70254576,2026-08-31T06:24:00.000,Traffic Signal Condition,Controller,,MANHATTAN,40.75869477281765,-73.98533768299346,Closed
70253101,2026-08-31T06:24:00.000,Traffic Signal Condition,APS,,QUEENS,40.71171749067562,-73.79021528526414,Closed
70253104,2026-08-31T06:23:00.000,Traffic Signal Condition,Controller,,MANHATTAN,40.76546008934449,-73.98198972667757,Closed
70250108,2026-08-31T06:23:00.000,Traffic Signal Condition,APS,,BROOKLYN,40.62937859528631,-74.02566157474334,Closed
70251639,2026-08-31T06:21:00.000,Traffic Signal Condition,Controller,,MANHATTAN,40.75141872258455,-73.98764558611884,Closed
70256134,2026-08-31T06:21:00.000,Traffic Signal Condition,APS,,BROOKLYN,40.65967005513445,-73.99517027598635,Assigned
70250109,2026-08-31T06:18:00.000,Traffic Signal Condition,APS,,BROOKLYN,40.672797214041466,-73.98328370274999,Closed
70250116,2026-08-31T06:05:00.000,Traffic Signal Condition,Controller,,QUEENS,40.688445937332204,-73.81847532259053,Closed
70250115,2026-08-31T05:59:00.000,Traffic Signal Condition,Controller,,QUEENS,,,Closed
70254584,2026-08-31T05:07:00.000,Traffic Signal Condition,Controller,,STATEN ISLAND,40.556345616369875,-74.20369726760958,Closed
70250114,2026-08-31T03:28:00.000,Traffic Signal Condition,Controller,,QUEENS,,,Closed
70260674,2026-08-31T01:17:00.000,Traffic Signal Condition,Ped Lamp,,QUEENS,40.755029741296724,-73.87269170145485,Open
70240862,2026-08-31T00:43:00.000,Traffic Signal Condition,Controller,,BROOKLYN,40.63051261779271,-73.95730083397692,Closed
70240861,2026-08-31T00:22:00.000,Traffic Signal Condition,Controller,,MANHATTAN,40.742375102013824,-74.00879090477447,Closed
70244852,2026-08-31T00:12:00.000,Traffic Signal Condition,Veh Signal Lamp,,BROOKLYN,40.65160586028889,-73.93329659317037,Open
70239522,2026-08-30T22:59:00.000,Traffic Signal Condition,Controller,,MANHATTAN,40.70915516144616,-74.01054310709064,Closed
70239523,2026-08-30T22:55:00.000,Traffic Signal Condition,Controller,,QUEENS,40.752440943476266,-73.95089559206652,Assigned
70247469,2026-08-30T21:31:00.000,Traffic Signal Condition,Pedestrian Signal,,BROOKLYN,40.681571496086534,-73.92578529755689,Closed
70248772,2026-08-30T20:39:00.000,Traffic Signal Condition,Ped Multiple Lamps,,QUEENS,40.70649338997625,-73.90283991246594,Closed
70246174,2026-08-30T20:25:00.000,Traffic Signal Condition,Ped Lamp,,MANHATTAN,40.79993106753115,-73.9406642603565,Closed
70247467,2026-08-30T19:50:00.000,Traffic Signal Condition,Controller,,BROOKLYN,40.65474155594367,-73.94039695439731,Closed
70244847,2026-08-30T19:13:00.000,Traffic Signal Condition,APS,,BROOKLYN,40.63607657407017,-73.95108930856256,Assigned
70247466,2026-08-30T19:10:00.000,Traffic Signal Condition,Controller,,BROOKLYN,40.60593544076196,-74.00045737407888,Closed
70243520,2026-08-30T18:44:00.000,Traffic Signal Condition,Controller,,BROOKLYN,40.69409006668533,-73.93426741359976,Closed
70246173,2026-08-30T18:15:00.000,Traffic Signal Condition,Pedestrian Signal,,MANHATTAN,40.78968585497083,-73.94814519357445,Closed
70242160,2026-08-30T18:02:00.000,Traffic Signal Condition,Post,,BROOKLYN,40.6170037911252,-73.96910952299787,Closed
70248766,2026-08-30T17:36:00.000,Traffic Signal Condition,Controller,,BROOKLYN,40.60460969195782,-73.9982533698945,Closed
70242154,2026-08-30T17:15:00.000,Traffic Signal Condition,Bike Signal,,MANHATTAN,,,Closed
70239527,2026-08-30T17:08:00.000,Traffic Signal Condition,Ped Multiple Lamps,,BROOKLYN,40.632755354077915,-73.92983511135722,Closed
70239524,2026-08-30T17:03:00.000,Traffic Signal Condition,Controller,,BROOKLYN,40.60460969195782,-73.9982533698945,Closed
70243519,2026-08-30T16:33:00.000,Traffic Signal Condition,Controller,,BROOKLYN,40.60460969195782,-73.9982533698945,Closed
70242159,2026-08-30T16:15:00.000,Traffic Signal Condition,Pedestrian Signal,,MANHATTAN,40.84930917579156,-73.93191638121132,Closed
70240872,2026-08-30T16:14:00.000,Traffic Signal Condition,Vehicle Signal,,BROOKLYN,40.60460969195782,-73.9982533698945,Closed
70244849,2026-08-30T16:09:00.000,Traffic Signal Condition,Controller,,BRONX,40.826909061172856,-73.93102151496065,Closed
70248769,2026-08-30T16:06:00.000,Traffic Signal Condition,Ped Lamp,,MANHATTAN,40.73521408143234,-73.99171521010928,Closed
70240868,2026-08-30T15:50:00.000,Traffic Signal Condition,Veh Signal Lamp,,BROOKLYN,40.60460969195782,-73.9982533698945,Closed
70244855,2026-08-30T15:47:00.000,Traffic Signal Condition,Ped Lamp,,BROOKLYN,40.676119599058715,-74.00128704234979,Assigned
70248771,2026-08-30T15:28:00.000,Traffic Signal Condition,Ped Lamp,,Unspecified,40.69953105419444,-73.91103665226316,Closed
70243523,2026-08-30T15:16:00.000,Traffic Signal Condition,Vehicle Signal,,BROOKLYN,40.60460969195782,-73.9982533698945,Closed
70248768,2026-08-30T15:15:00.000,Traffic Signal Condition,Pedestrian Signal,,BROOKLYN,40.66955466330329,-73.94496542626646,Assigned
70247465,2026-08-30T15:15:00.000,Traffic Signal Condition,Controller,,BROOKLYN,40.661122143373326,-74.00060192646814,Closed
70243518,2026-08-30T15:05:00.000,Traffic Signal Condition,Controller,,BROOKLYN,40.62908818067213,-73.97684956320424,Closed
70240869,2026-08-30T15:02:00.000,Traffic Signal Condition,Veh Sgnl Mult Lamps,,BROOKLYN,40.62908818067213,-73.97684956320424,Closed
70244848,2026-08-30T14:58:00.000,Traffic Signal Condition,Controller,,BRONX,40.874956676457984,-73.88760566015448,Closed
70242157,2026-08-30T14:56:00.000,Traffic Signal Condition,Controller,,BROOKLYN,40.60460969195782,-73.9982533698945,Closed
70248764,2026-08-30T14:42:00.000,Traffic Signal Condition,Controller,,BROOKLYN,40.62908818067213,-73.97684956320424,Closed
70240871,2026-08-30T14:25:00.000,Traffic Signal Condition,Pedestrian Signal,,MANHATTAN,40.86260529099492,-73.92027605701978,Closed
70240865,2026-08-30T14:20:00.000,Traffic Signal Condition,Controller,,MANHATTAN,40.74892228690117,-73.97788704124666,Closed
70246171,2026-08-30T14:04:00.000,Traffic Signal Condition,Controller,,QUEENS,40.744027466141794,-73.7176261930003,Closed
70248767,2026-08-30T14:02:00.000,Traffic Signal Condition,Pedestrian Signal,,BROOKLYN,40.681571496086534,-73.92578529755689,Assigned
70247468,2026-08-30T13:55:00.000,Traffic Signal Condition,Veh Signal Head,,BRONX,40.81943327520318,-73.88971183712675,Closed
70244853,2026-08-30T13:51:00.000,Traffic Signal Condition,Post,,BROOKLYN,40.67392160963299,-73.91011187121845,Closed
70242158,2026-08-30T13:46:00.000,Traffic Signal Condition,Veh Signal Lamp,,BROOKLYN,40.66618900896278,-73.91665747810586,Open
70243517,2026-08-30T13:19:00.000,Traffic Signal Condition,Controller,,BROOKLYN,40.67392160963299,-73.91011187121845,Closed
70243521,2026-08-30T13:18:00.000,Traffic Signal Condition,Pedestrian Signal,,BROOKLYN,40.629870475182074,-73.97699700099845,Closed
70247470,2026-08-30T12:44:00.000,Traffic Signal Condition,Post,,QUEENS,40.74351090702305,-73.7174046351395,Closed
70247471,2026-08-30T12:32:00.000,Traffic Signal Condition,Ped Multiple Lamps,,QUEENS,40.72096620537131,-73.84289312884077,Closed
70240867,2026-08-30T12:32:00.000,Traffic Signal Condition,Controller,,BROOKLYN,40.71407069266012,-73.95433989147485,Assigned
70240866,2026-08-30T12:30:00.000,Traffic Signal Condition,Controller,,QUEENS,40.72096620537131,-73.84289312884077,Closed
70239525,2026-08-30T11:53:00.000,Traffic Signal Condition,Controller,,BROOKLYN,40.67392160963299,-73.91011187121845,Closed
70242156,2026-08-30T11:01:00.000,Traffic Signal Condition,Controller,,BROOKLYN,40.59567167397475,-73.98506020966923,Closed
70240864,2026-08-30T11:01:00.000,Traffic Signal Condition,Controller,,MANHATTAN,40.75940563142294,-73.98510289805732,Closed
70242155,2026-08-30T10:45:00.000,Traffic Signal Condition,Controller,,BROOKLYN,40.654882431881674,-73.9618803533782,Closed
70248763,2026-08-30T10:43:00.000,Traffic Signal Condition,APS,,MANHATTAN,40.77138740575629,-73.95647761547139,Closed
70244850,2026-08-30T10:34:00.000,Traffic Signal Condition,Controller,,BROOKLYN,40.680956847187346,-73.96767738969301,Closed
70239526,2026-08-30T10:33:00.000,Traffic Signal Condition,Controller,,MANHATTAN,40.746034595540266,-73.97679088071057,Closed
70243522,2026-08-30T10:32:00.000,Traffic Signal Condition,Vehicle Signal,,MANHATTAN,,,Closed
70248770,2026-08-30T10:05:00.000,Traffic Signal Condition,Pedestrian Signal,,MANHATTAN,40.81880243145048,-73.95602028494744,Closed
70243515,2026-08-30T10:03:00.000,Traffic Signal Condition,Controller,,MANHATTAN,,,Closed
70243516,2026-08-30T09:27:00.000,Traffic Signal Condition,Controller,,QUEENS,40.70980731042191,-73.76881378722643,Closed
70246172,2026-08-30T08:49:00.000,Traffic Signal Condition,Veh Signal Lamp,,MANHATTAN,40.82720352249384,-73.94244300072705,Closed
70244851,2026-08-30T07:12:00.000,Traffic Signal Condition,Post,,BROOKLYN,40.67392160963299,-73.91011187121845,Assigned
70246170,2026-08-30T07:02:00.000,Traffic Signal Condition,Controller,,BROOKLYN,40.6877507299809,-73.96978348340689,Closed
70240870,2026-08-30T07:01:00.000,Traffic Signal Condition,Controller,,BROOKLYN,40.6877507299809,-73.96978348340689,Assigned
70240860,2026-08-30T06:22:00.000,Traffic Signal Condition,APS,,STATEN ISLAND,40.54837734970582,-74.1892978579241,Closed
70246169,2026-08-30T04:00:00.000,Traffic Signal Condition,Controller,,QUEENS,40.72096620537131,-73.84289312884077,Closed
70244854,2026-08-30T04:00:00.000,Traffic Signal Condition,Pedestrian Signal,,MANHATTAN,40.8036997253151,-73.93581711311548,Closed
70242153,2026-08-30T03:30:00.000,Traffic Signal Condition,Bike Signal,,MANHATTAN,40.805670801412816,-73.93647262894109,Closed
70248765,2026-08-30T03:15:00.000,Traffic Signal Condition,Controller,,BROOKLYN,40.62565664994414,-73.93822183986325,Closed
70240863,2026-08-30T01:03:00.000,Traffic Signal Condition,Controller,,MANHATTAN,40.805729562606615,-73.9385423529129,Closed
70238352,2026-08-30T00:24:00.000,Traffic Signal Condition,Controller,,MANHATTAN,40.71246283239562,-73.99240339194684,Closed
70238353,2026-08-29T23:29:00.000,Traffic Signal Condition,Controller,,BROOKLYN,40.68479855463378,-73.95640432752157,Closed
70235856,2026-08-29T23:08:00.000,Traffic Signal Condition,Controller,,BROOKLYN,40.63824705207848,-73.99594289303494,Assigned
70233420,2026-08-29T21:58:00.000,Traffic Signal Condition,Veh Signal Head,,BROOKLYN,40.61604500383232,-73.94482944709631,Closed
70229838,2026-08-29T21:33:00.000,Traffic Signal Condition,Veh Signal Head,,BROOKLYN,40.61604500383232,-73.94482944709631,Closed
70238355,2026-08-29T21:25:00.000,Traffic Signal Condition,Controller,,QUEENS,40.72096620537131,-73.84289312884077,Closed
70233422,2026-08-29T21:12:00.000,Traffic Signal Condition,Pedestrian Signal,,BRONX,40.8397690727509,-73.90538470475575,Closed
70234634,2026-08-29T20:52:00.000,Traffic Signal Condition,Controller,,BROOKLYN,40.68479855463378,-73.95640432752157,Closed
70237088,2026-08-29T19:14:00.000,Traffic Signal Condition,Controller,,QUEENS,40.72096620537131,-73.84289312884077,Closed
70232264,2026-08-29T19:11:00.000,Traffic Signal Condition,Pedestrian Signal,,MANHATTAN,40.72806703327709,-73.99895368841987,Assigned
70234633,2026-08-29T18:22:00.000,Traffic Signal Condition,Controller,,BROOKLYN,40.69749008729389,-73.92007320207085,Closed
70229837,2026-08-29T17:59:00.000,Traffic Signal Condition,Veh Signal Head,,STATEN ISLAND,40.5279085118367,-74.16485464635046,Closed
70238357,2026-08-29T17:41:00.000,Traffic Signal Condition,Controller,,BROOKLYN,40.69749008729389,-73.92007320207085,Closed
70231053,2026-08-29T16:59:00.000,Traffic Signal Condition,APS,,QUEENS,40.68075525344497,-73.8134414592107,Closed
70232262,2026-08-29T16:37:00.000,Traffic Signal Condition,Controller,,BROOKLYN,40.68479855463378,-73.95640432752157,Closed
70238351,2026-08-29T16:12:00.000,Traffic Signal Condition,APS,,QUEENS,40.753902194423326,-73.90121512412604,Closed
70238358,2026-08-29T16:09:00.000,Traffic Signal Condition,Controller,,BROOKLYN,40.598629446084686,-73.95825747725965,Closed
70232266,2026-08-29T16:00:00.000,Traffic Signal Condition,Ped Lamp,,BROOKLYN,40.64545749860618,-74.00636739140766,Closed
70233418,2026-08-29T14:43:00.000,Traffic Signal Condition,APS,,BROOKLYN,40.6915552952124,-73.93675804989189,Closed
70233421,2026-08-29T14:42:00.000,Traffic Signal Condition,Pedestrian Signal,,BROOKLYN,40.69228548476748,-73.936905204767,Closed
70238362,2026-08-29T13:07:00.000,Traffic Signal Condition,Post,,BROOKLYN,40.64204135404551,-74.02039478809735,Assigned
70238359,2026-08-29T13:04:00.000,Traffic Signal Condition,Controller,,BROOKLYN,40.598629446084686,-73.95825747725965,Assigned
70238356,2026-08-29T12:55:00.000,Traffic Signal Condition,Controller,,BROOKLYN,40.68861604521455,-73.98916806775289,Closed
70237085,2026-08-29T12:55:00.000,Traffic Signal Condition,Ver Mesage Sign RTPI,,QUEENS,40.746556309160795,-73.82619899862298,Closed
70234632,2026-08-29T12:44:00.000,Traffic Signal Condition,Controller,,BROOKLYN,40.656085324928256,-74.00584221040451,Closed
70231058,2026-08-29T12:15:00.000,Traffic Signal Condition,Controller,,MANHATTAN,40.718861131911176,-73.9749136351143,Closed
70229834,2026-08-29T12:14:00.000,Traffic Signal Condition,Controller,,QUEENS,40.768401348095914,-73.73753765133831,Closed
70232261,2026-08-29T12:09:00.000,Traffic Signal Condition,Controller,,BROOKLYN,40.71406683853189,-73.95162366223573,Closed
70238364,2026-08-29T12:08:00.000,Traffic Signal Condition,Vehicle Signal,,BROOKLYN,40.692051682125,-73.98253964091832,Closed
70231054,2026-08-29T11:49:00.000,Traffic Signal Condition,Controller,,MANHATTAN,,,Closed
70229828,2026-08-29T11:48:00.000,Traffic Signal Condition,APS,,QUEENS,40.67826861352652,-73.82219123057668,Closed
70234630,2026-08-29T11:30:00.000,Traffic Signal Condition,Controller,,BRONX,40.86514556191867,-73.8398047973616,Closed
70238360,2026-08-29T11:27:00.000,Traffic Signal Condition,Veh Signal Head,,MANHATTAN,40.79914709455231,-73.97252847008015,Assigned
70232263,2026-08-29T11:19:00.000,Traffic Signal Condition,Controller,,BROOKLYN,40.69768179424523,-73.98702083048191,Assigned
70231056,2026-08-29T10:40:00.000,Traffic Signal Condition,Controller,,QUEENS,40.73403191987995,-73.7236511333097,Closed
70231055,2026-08-29T10:34:00.000,Traffic Signal Condition,Controller,,BRONX,40.826713482458,-73.929854615041,Closed
70232260,2026-08-29T10:17:00.000,Traffic Signal Condition,APS,,QUEENS,40.67803108604805,-73.82301386574628,Closed
70229833,2026-08-29T09:47:00.000,Traffic Signal Condition,Controller,,QUEENS,40.72785359232886,-73.81394460925917,Closed
70229832,2026-08-29T09:45:00.000,Traffic Signal Condition,Controller,,QUEENS,40.76573170049462,-73.92643878999671,Closed
70229831,2026-08-29T09:41:00.000,Traffic Signal Condition,Controller,,QUEENS,40.71220664093859,-73.88637592557048,Closed
70235852,2026-08-29T09:38:00.000,Traffic Signal Condition,Controller,,BROOKLYN,40.68535581220007,-73.93851988637358,Closed
70235853,2026-08-29T09:07:00.000,Traffic Signal Condition,Controller,,BROOKLYN,40.68535581220007,-73.93851988637358,Closed
70229836,2026-08-29T09:03:00.000,Traffic Signal Condition,Controller,,BROOKLYN,40.64554798196312,-73.90565651805552,Closed
70237086,2026-08-29T08:55:00.000,Traffic Signal Condition,Controller,,MANHATTAN,40.764917545398305,-73.9551569851782,Closed
70232265,2026-08-29T08:47:00.000,Traffic Signal Condition,Pedestrian Signal,,QUEENS,40.71629945938814,-73.75588778746969,Closed
70235857,2026-08-29T08:43:00.000,Traffic Signal Condition,Pedestrian Signal,,QUEENS,40.73549748344107,-73.86970159179167,Closed
70231057,2026-08-29T08:33:00.000,Traffic Signal Condition,Controller,,BROOKLYN,40.67674520918069,-73.93315247778841,Closed
70234631,2026-08-29T08:31:00.000,Traffic Signal Condition,Controller,,QUEENS,40.755029741296724,-73.87269170145485,Closed
70234635,2026-08-29T08:27:00.000,Traffic Signal Condition,Controller,,BROOKLYN,40.68535581220007,-73.93851988637358,Assigned
70238363,2026-08-29T08:21:00.000,Traffic Signal Condition,Pedestrian Signal,,MANHATTAN,40.72806703327709,-73.99895368841987,Closed
70238361,2026-08-29T08:06:00.000,Traffic Signal Condition,Veh Signal Head,,QUEENS,40.73549748344107,-73.86970159179167,Closed
70235855,2026-08-29T07:44:00.000,Traffic Signal Condition,Cable,,MANHATTAN,40.74678841620879,-73.98845124841567,Closed
70235854,2026-08-29T07:43:00.000,Traffic Signal Condition,Cable,,MANHATTAN,40.75866396123414,-73.959720156378,Closed
70233419,2026-08-29T07:08:00.000,Traffic Signal Condition,Controller,,BROOKLYN,40.636326482088855,-73.95839963535299,Closed
70229830,2026-08-29T06:47:00.000,Traffic Signal Condition,Controller,,MANHATTAN,40.80186645236,-73.94135242178578,Closed
70235851,2026-08-29T05:51:00.000,Traffic Signal Condition,Controller,,BRONX,,,Closed
70238354,2026-08-29T04:44:00.000,Traffic Signal Condition,Controller,,MANHATTAN,40.80186645236,-73.94135242178578,Closed
70229835,2026-08-29T02:33:00.000,Traffic Signal Condition,Controller,,BROOKLYN,40.68986342464845,-73.95146453307221,Closed
70237087,2026-08-29T02:12:00.000,Traffic Signal Condition,Controller,,QUEENS,40.69540937865024,-73.74100207328576,Closed
70229829,2026-08-29T01:26:00.000,Traffic Signal Condition,Controller,,MANHATTAN,40.75211670240551,-73.97555799934946,Closed
70229839,2026-08-29T01:16:00.000,Traffic Signal Condition,Controller,,QUEENS,40.69540937865024,-73.74100207328576,Assigned
70224016,2026-08-29T00:34:00.000,Traffic Signal Condition,Controller,,BRONX,40.83015208730799,-73.89336178197057,Closed
70225444,2026-08-29T00:32:00.000,Traffic Signal Condition,Controller,,STATEN ISLAND,40.607099521659784,-74.0609902811645,Closed
70219566,2026-08-28T23:50:00.000,Traffic Signal Condition,Ped Lamp,,BROOKLYN,40.69953105419444,-73.91103665226316,Closed
70218158,2026-08-28T23:48:00.000,Traffic Signal Condition,Controller,,QUEENS,40.71638363444334,-73.89750105995591,Closed
70224017,2026-08-28T23:36:00.000,Traffic Signal Condition,Controller,,BROOKLYN,40.664751349179134,-73.89404073362888,Closed
70219561,2026-08-28T23:32:00.000,Traffic Signal Condition,Veh Signal Head,,BRONX,40.89999052767139,-73.85300357283974,Closed
70225445,2026-08-28T23:31:00.000,Traffic Signal Condition,Controller,,BRONX,40.89999052767139,-73.85300357283974,Closed
70224026,2026-08-28T23:30:00.000,Traffic Signal Condition,Controller,,BROOKLYN,40.664751349179134,-73.89404073362888,Closed
70228356,2026-08-28T23:07:00.000,Traffic Signal Condition,Controller,,MANHATTAN,40.711569953213036,-74.01578457344797,Closed
70222485,2026-08-28T22:01:00.000,Traffic Signal Condition,Controller,,BRONX,40.826909061172856,-73.93102151496065,Closed
70226855,2026-08-28T21:49:00.000,Traffic Signal Condition,Controller,,QUEENS,40.68511003410028,-73.79810523961973,Closed
70218170,2026-08-28T21:03:00.000,Traffic Signal Condition,Veh Sgnl Mult Lamps,,BROOKLYN,40.693249270666016,-73.97286058984527,Closed
70228361,2026-08-28T20:44:00.000,Traffic Signal Condition,Controller,,BROOKLYN,40.693249270666016,-73.97286058984527,Closed
70226858,2026-08-28T20:31:00.000,Traffic Signal Condition,Controller,,QUEENS,40.72096620537131,-73.84289312884077,Closed
70219565,2026-08-28T20:23:00.000,Traffic Signal Condition,Ped Multiple Lamps,,QUEENS,40.72096620537131,-73.84289312884077,Closed
70218161,2026-08-28T20:21:00.000,Traffic Signal Condition,Controller,,QUEENS,40.75870642509298,-73.93791795808862,Closed
70224034,2026-08-28T18:54:00.000,Traffic Signal Condition,Vehicle Signal,,QUEENS,40.74855066375679,-73.8958130445512,Closed
70228375,2026-08-28T18:49:00.000,Traffic Signal Condition,Pedestrian Signal,,BROOKLYN,40.681223226488136,-73.9804621391644,Assigned
70226853,2026-08-28T18:45:00.000,Traffic Signal Condition,APS,,BROOKLYN,40.650340587338064,-73.9746114565697,Closed
70225446,2026-08-28T18:12:00.000,Traffic Signal Condition,Controller,,BROOKLYN,40.693249270666016,-73.97286058984527,Closed
70221034,2026-08-28T18:11:00.000,Traffic Signal Condition,Veh Signal Lamp,,BROOKLYN,40.69767958665467,-73.9163656696426,Closed
70221036,2026-08-28T18:06:00.000,Traffic Signal Condition,Pedestrian Signal,,BROOKLYN,40.700548377973675,-73.9170689414556,Closed
70219564,2026-08-28T18:04:00.000,Traffic Signal Condition,Veh Signal Lamp,,BROOKLYN,40.693249270666016,-73.97286058984527,Closed
70218171,2026-08-28T17:58:00.000,Traffic Signal Condition,Pedestrian Signal,,BROOKLYN,40.660030579976805,-73.92178687209726,Closed
70228372,2026-08-28T17:54:00.000,Traffic Signal Condition,Pedestrian Signal,,BROOKLYN,40.6569208436631,-73.9260902384976,Closed
70219562,2026-08-28T17:51:00.000,Traffic Signal Condition,Pedestrian Signal,,BROOKLYN,40.65829633485246,-73.9310841338467,Closed
70218172,2026-08-28T17:46:00.000,Traffic Signal Condition,Vehicle Signal,,BROOKLYN,40.69953105419444,-73.91103665226316,Assigned
70226854,2026-08-28T17:36:00.000,Traffic Signal Condition,Controller,,BROOKLYN,40.693249270666016,-73.97286058984527,Closed
70219556,2026-08-28T17:34:00.000,Traffic Signal Condition,Pedestrian Signal,,BROOKLYN,40.693249270666016,-73.97286058984527,Closed
70221033,2026-08-28T17:33:00.000,Traffic Signal Condition,Vehicle Signal,,BROOKLYN,40.693249270666016,-73.97286058984527,Closed
70222503,2026-08-28T17:30:00.000,Traffic Signal Condition,Ped Multiple Lamps,,BROOKLYN,40.69223346061907,-73.98729955552464,Closed
70218169,2026-08-28T17:19:00.000,Traffic Signal Condition,Veh Signal Lamp,,BROOKLYN,40.69845465738383,-73.92175622042791,Closed
70224033,2026-08-28T17:17:00.000,Traffic Signal Condition,Vehicle Signal,,MANHATTAN,40.8746385103204,-73.90973566879792,Closed
70228376,2026-08-28T16:52:00.000,Traffic Signal Condition,Vehicle Signal,,BROOKLYN,40.68531591818159,-73.9147009390438,Closed
70226868,2026-08-28T16:35:00.000,Traffic Signal Condition,Vehicle Signal,,BROOKLYN,40.664751349179134,-73.89404073362888,Closed
70219560,2026-08-28T16:34:00.000,Traffic Signal Condition,Veh Signal Lamp,,BROOKLYN,40.609556375910735,-73.96630014578295,Closed
70228366,2026-08-28T16:32:00.000,Traffic Signal Condition,Veh Signal Lamp,,BROOKLYN,40.60915116279212,-73.96996672254515,Closed
70224029,2026-08-28T16:26:00.000,Traffic Signal Condition,Veh Signal Lamp,,BROOKLYN,40.60388765806748,-74.00617256005583,Closed
70218165,2026-08-28T16:25:00.000,Traffic Signal Condition,Controller,,BROOKLYN,40.664751349179134,-73.89404073362888,Assigned
70222497,2026-08-28T16:19:00.000,Traffic Signal Condition,Vehicle Signal,,BROOKLYN,40.66255454397066,-73.90891970492359,Closed
70221042,2026-08-28T15:53:00.000,Traffic Signal Condition,Vehicle Signal,,QUEENS,40.72785359232886,-73.81394460925917,Closed
70221024,2026-08-28T15:52:00.000,Traffic Signal Condition,APS,,BRONX,40.87295923039616,-73.8749391464994,Closed
70228358,2026-08-28T15:51:00.000,Traffic Signal Condition,Controller,,BROOKLYN,40.68227044134334,-73.97395752244505,Closed
70222483,2026-08-28T15:50:00.000,Traffic Signal Condition,APS,,BRONX,,,Closed
70222501,2026-08-28T15:47:00.000,Traffic Signal Condition,Veh Signal Lamp,,BROOKLYN,40.69953105419444,-73.91103665226316,Closed
70222502,2026-08-28T15:46:00.000,Traffic Signal Condition,Pedestrian Signal,,BROOKLYN,40.63824705207848,-73.99594289303494,Closed
70219559,2026-08-28T15:43:00.000,Traffic Signal Condition,Support Bracket,,MANHATTAN,40.838666856468585,-73.93983463880987,Closed
70228363,2026-08-28T15:41:00.000,Traffic Signal Condition,Vehicle Signal,,BROOKLYN,40.64188378149681,-74.00649676957691,Closed
70221026,2026-08-28T15:41:00.000,Traffic Signal Condition,Controller,,BRONX,40.88081850449997,-73.90840011020252,Closed
70222490,2026-08-28T15:38:00.000,Traffic Signal Condition,Controller,,QUEENS,40.72785359232886,-73.81394460925917,Closed
70228357,2026-08-28T15:27:00.000,Traffic Signal Condition,Controller,,BROOKLYN,40.69953105419444,-73.91103665226316,Assigned
70226863,2026-08-28T15:25:00.000,Traffic Signal Condition,Pedestrian Signal,,BRONX,,,Assigned
70218157,2026-08-28T15:21:00.000,Traffic Signal Condition,APS,,QUEENS,40.753902194423326,-73.90121512412604,Closed
70228370,2026-08-28T15:12:00.000,Traffic Signal Condition,Pedestrian Signal,,MANHATTAN,40.73831255299433,-73.9877418379482,Closed
70224020,2026-08-28T15:10:00.000,Traffic Signal Condition,Controller,,BROOKLYN,40.68531591818159,-73.9147009390438,Closed
70228369,2026-08-28T15:10:00.000,Traffic Signal Condition,Pedestrian Signal,,MANHATTAN,40.73588925328537,-73.99120995092437,Closed
70221035,2026-08-28T15:09:00.000,Traffic Signal Condition,Pedestrian Signal,,MANHATTAN,40.73521408143234,-73.99171521010928,Closed
70221039,2026-08-28T15:07:00.000,Traffic Signal Condition,Junction Box,,QUEENS,40.76605061656474,-73.87586551362999,Closed
70225449,2026-08-28T15:07:00.000,Traffic Signal Condition,Veh Signal Lamp,,QUEENS,40.69576954771219,-73.74744862867455,Assigned
70228374,2026-08-28T15:06:00.000,Traffic Signal Condition,Junction Box,,QUEENS,40.74758953859268,-73.86853026923187,Closed
70224028,2026-08-28T15:06:00.000,Traffic Signal Condition,In Post Base,,QUEENS,40.71245481248063,-73.88205416192865,Closed
70221037,2026-08-28T15:05:00.000,Traffic Signal Condition,LED Pedestrian Unit,,QUEENS,40.76501367224098,-73.88709086089193,Closed
70224027,2026-08-28T15:05:00.000,Traffic Signal Condition,Blank Out Matrix Sgn,,QUEENS,40.76300885313022,-73.87532248292224,Assigned
70228373,2026-08-28T15:04:00.000,Traffic Signal Condition,Controller Cabinet,,QUEENS,40.72738299351371,-73.86409989809731,Closed
70228368,2026-08-28T15:04:00.000,Traffic Signal Condition,Veh Signal Head,,QUEENS,40.69206639794601,-73.76539547651929,Closed
70222499,2026-08-28T15:03:00.000,Traffic Signal Condition,Pedestrian Signal,,QUEENS,40.711598966597066,-73.85818760444735,Closed
70221041,2026-08-28T14:49:00.000,Traffic Signal Condition,Vehicle Signal,,BRONX,40.81626198547139,-73.91419711797285,Closed
70219555,2026-08-28T14:42:00.000,Traffic Signal Condition,Controller,,BROOKLYN,40.69749008729389,-73.92007320207085,Closed
70226865,2026-08-28T14:42:00.000,Traffic Signal Condition,Veh Signal Head,,BRONX,,,Closed
70219557,2026-08-28T14:40:00.000,Traffic Signal Condition,Cable,,BROOKLYN,,,Assigned
70222484,2026-08-28T14:20:00.000,Traffic Signal Condition,APS,,QUEENS,40.771084596889054,-73.90821889792322,Closed
70222492,2026-08-28T14:14:00.000,Traffic Signal Condition,Controller,,QUEENS,40.72785359232886,-73.81394460925917,Closed
70222493,2026-08-28T13:55:00.000,Traffic Signal Condition,Cable,,BROOKLYN,40.66673766479885,-73.99173452938464,Closed
70222500,2026-08-28T13:43:00.000,Traffic Signal Condition,LED Pedestrian Unit,,BROOKLYN,40.67674520918069,-73.93315247778841,Closed
70218173,2026-08-28T13:43:00.000,Traffic Signal Condition,LED Pedestrian Unit,,BROOKLYN,40.656610929838266,-73.93090206546258,Closed
70224030,2026-08-28T13:35:00.000,Traffic Signal Condition,Veh Signal Head,,BROOKLYN,40.61604500383232,-73.94482944709631,Closed
70222495,2026-08-28T13:29:00.000,Traffic Signal Condition,Controller,,BRONX,40.81626198547139,-73.91419711797285,Assigned
70226860,2026-08-28T13:15:00.000,Traffic Signal Condition,Controller,,BROOKLYN,40.694471381557854,-73.9570867780522,Closed
70226862,2026-08-28T13:11:00.000,Traffic Signal Condition,Pedestrian Signal,,BROOKLYN,40.648909827001845,-73.89255234109622,Assigned
70221031,2026-08-28T13:08:00.000,Traffic Signal Condition,Controller,,QUEENS,40.72785359232886,-73.81394460925917,Assigned
70218164,2026-08-28T13:01:00.000,Traffic Signal Condition,Controller,,BROOKLYN,40.73232344165765,-73.95460882398066,Closed
70228377,2026-08-28T12:57:00.000,Traffic Signal Condition,Vehicle Signal,,BROOKLYN,40.692051682125,-73.98253964091832,Closed
70225450,2026-08-28T12:19:00.000,Traffic Signal Condition,Ped Multiple Lamps,,BROOKLYN,40.68227044134334,-73.97395752244505,Closed
70221038,2026-08-28T11:59:00.000,Traffic Signal Condition,Controller,,MANHATTAN,40.76285221680354,-73.96772789303769,Closed
70226859,2026-08-28T11:49:00.000,Traffic Signal Condition,Controller,,STATEN ISLAND,40.611352660598655,-74.09846948564861,Closed
70225447,2026-08-28T11:48:00.000,Traffic Signal Condition,Pedestrian Signal,,STATEN ISLAND,40.611352660598655,-74.09846948564861,Closed
70219558,2026-08-28T11:20:00.000,Traffic Signal Condition,Controller,,BROOKLYN,40.60011142260301,-73.94474178338858,Assigned
70221025,2026-08-28T11:15:00.000,Traffic Signal Condition,Controller,,MANHATTAN,40.807550586813306,-73.95290309754714,Closed
70221030,2026-08-28T11:12:00.000,Traffic Signal Condition,Vehicle Signal,,BROOKLYN,40.645310537004,-73.9460736794159,Assigned
70219552,2026-08-28T11:11:00.000,Traffic Signal Condition,Bike Signal,,BROOKLYN,40.644953535386236,-73.95185394553866,Closed
70224024,2026-08-28T11:07:00.000,Traffic Signal Condition,Controller,,STATEN ISLAND,40.59093567756712,-74.15235424668677,Closed
70222498,2026-08-28T11:06:00.000,Traffic Signal Condition,Veh Sgnl Mult Lamps,,QUEENS,40.67249447275089,-73.7415777312996,Closed
70222489,2026-08-28T10:49:00.000,Traffic Signal Condition,Controller,,BRONX,40.85536437765752,-73.89877621081811,Closed
70228365,2026-08-28T10:43:00.000,Traffic Signal Condition,Veh Signal Lamp,,BRONX,40.85419982476028,-73.8544097235632,Closed
70226857,2026-08-28T10:08:00.000,Traffic Signal Condition,Controller,,QUEENS,40.72096620537131,-73.84289312884077,Closed
70221029,2026-08-28T10:03:00.000,Traffic Signal Condition,Controller,,BROOKLYN,40.66673766479885,-73.99173452938464,Closed
70222494,2026-08-28T10:00:00.000,Traffic Signal Condition,LED Pedestrian Unit,,QUEENS,40.755029741296724,-73.87269170145485,Closed
70219563,2026-08-28T09:49:00.000,Traffic Signal Condition,Controller,,BRONX,,,Closed
70228367,2026-08-28T09:49:00.000,Traffic Signal Condition,Veh Signal Lamp,,BROOKLYN,40.63347553689002,-74.02991452151254,Closed
70221028,2026-08-28T09:48:00.000,Traffic Signal Condition,Controller,,BROOKLYN,40.686651453193846,-73.91313794874955,Closed
70224019,2026-08-28T09:42:00.000,Traffic Signal Condition,Controller,,BRONX,40.846869604369374,-73.90875408479297,Closed
70224032,2026-08-28T09:36:00.000,Traffic Signal Condition,Controller,,QUEENS,,,Closed
70224023,2026-08-28T09:31:00.000,Traffic Signal Condition,Controller,,STATEN ISLAND,40.64224365088969,-74.07519430684629,Closed
70225448,2026-08-28T09:25:00.000,Traffic Signal Condition,Controller,,BROOKLYN,40.57997233445759,-73.97465260582312,Assigned
70218163,2026-08-28T09:19:00.000,Traffic Signal Condition,Controller,,BROOKLYN,40.696030044398285,-73.94352632050455,Closed
70222488,2026-08-28T09:12:00.000,Traffic Signal Condition,Controller,,BRONX,40.8746385103204,-73.90973566879792,Closed
70224018,2026-08-28T09:06:00.000,Traffic Signal Condition,Controller,,MANHATTAN,40.76285221680354,-73.96772789303769,Closed
70224025,2026-08-28T09:05:00.000,Traffic Signal Condition,Controller,,MANHATTAN,40.76285221680354,-73.96772789303769,Closed
70221032,2026-08-28T09:02:00.000,Traffic Signal Condition,Controller,,BROOKLYN,40.67664647024078,-73.91646415012636,Closed
70221043,2026-08-28T09:01:00.000,Traffic Signal Condition,Pedestrian Signal,,QUEENS,40.772853215382064,-73.90606105192461,Closed
70226866,2026-08-28T09:00:00.000,Traffic Signal Condition,Pedestrian Signal,,QUEENS,40.757471703125454,-73.90278721072147,Closed
70226864,2026-08-28T08:59:00.000,Traffic Signal Condition,Veh Signal Visor,,QUEENS,40.76769176659233,-73.9361839455586,Closed
70224015,2026-08-28T08:51:00.000,Traffic Signal Condition,APS,,MANHATTAN,40.70488372691457,-74.01565675519706,Closed
70218168,2026-08-28T08:51:00.000,Traffic Signal Condition,Base Door,,QUEENS,40.757523240223996,-73.82913384300858,Closed
70218174,2026-08-28T08:50:00.000,Traffic Signal Condition,Pedestrian Signal,,QUEENS,40.73888938191339,-73.86676119844235,Closed
70228362,2026-08-28T08:47:00.000,Traffic Signal Condition,Pedestrian Signal,,BROOKLYN,40.620720681959554,-74.02919917789595,Closed
70268461,2026-09-02T00:18:42.000,Damaged Tree,Tree Alive - in Poor Condition,1887 GATES AVENUE,QUEENS,40.70492386296858,-73.90673745819683,In Progress
70271127,2026-09-01T23:31:33.000,Damaged Tree,Branch or Limb Has Fallen Down,50-48 42 STREET,QUEENS,40.73680855737674,-73.92377521279094,In Progress
70271091,2026-09-01T22:59:35.000,Damaged Tree,Branch or Limb Has Fallen Down,1168 SHERMAN AVENUE,BRONX,40.83266064567654,-73.91653929353254,In Progress
70263017,2026-09-01T22:52:59.000,Damaged Tree,Branch or Limb Has Fallen Down,1168 SHERMAN AVENUE,BRONX,40.83266064567654,-73.91653929353254,In Progress
70272505,2026-09-01T22:34:58.000,Damaged Tree,Branch Cracked and Will Fall,155 CROMWELL AVENUE,STATEN ISLAND,40.590351232093745,-74.09637901283935,In Progress
70263016,2026-09-01T22:01:09.000,Damaged Tree,Entire Tree Has Fallen Down,4451 MATILDA AVENUE,BRONX,40.900034894115336,-73.85553559229076,In Progress
70267093,2026-09-01T21:58:27.000,Damaged Tree,Entire Tree Has Fallen Down,2750 EAST 22 STREET,BROOKLYN,40.585177902486656,-73.94672347761264,In Progress
70264409,2026-09-01T21:40:46.000,Damaged Tree,Branch or Limb Has Fallen Down,2043 NEREID AVENUE,BRONX,40.899586995037076,-73.84457256970099,In Progress
70268474,2026-09-01T20:44:08.000,Damaged Tree,Branch or Limb Has Fallen Down,40 HUDSON STREET,STATEN ISLAND,40.624606458003264,-74.08202256016355,In Progress
70268425,2026-09-01T20:39:25.000,Damaged Tree,Entire Tree Has Fallen Down,376 ST ANN'S AVENUE,BRONX,40.81145351317999,-73.91457540384035,In Progress
70272460,2026-09-01T20:33:30.000,Damaged Tree,Branch Cracked and Will Fall,1257 NOBLE AVENUE,BRONX,40.83136065715774,-73.87014262244857,In Progress
70263023,2026-09-01T20:32:03.000,Damaged Tree,Tree Leaning/Uprooted,4508 FOSTER AVENUE,BROOKLYN,40.639498859994184,-73.93372306165578,In Progress
70272496,2026-09-01T20:29:57.000,Damaged Tree,Branch Cracked and Will Fall,43-28 UTOPIA PARKWAY,QUEENS,40.75689292716312,-73.79292093749697,In Progress
70267122,2026-09-01T20:10:08.000,Damaged Tree,Entire Tree Has Fallen Down,454 DOANE AVENUE,STATEN ISLAND,40.56107857097526,-74.15777816793958,In Progress
70264440,2026-09-01T20:08:35.000,Damaged Tree,Branch or Limb Has Fallen Down,EDISON STREET,STATEN ISLAND,,,In Progress
70272503,2026-09-01T20:01:30.000,Damaged Tree,Entire Tree Has Fallen Down,532 TARGEE STREET,STATEN ISLAND,40.61420444151211,-74.08477237367465,In Progress
70268470,2026-09-01T19:55:21.000,Damaged Tree,Entire Tree Has Fallen Down,17 DULANCEY COURT,STATEN ISLAND,40.633999192980724,-74.07798806295445,In Progress
70271134,2026-09-01T19:43:52.000,Damaged Tree,Entire Tree Has Fallen Down,17 DULANCEY COURT,STATEN ISLAND,40.633999192980724,-74.07798806295445,In Progress
70263048,2026-09-01T19:32:21.000,Damaged Tree,Branch or Limb Has Fallen Down,120-33 142 PLACE,QUEENS,40.67589331308425,-73.79824850624206,In Progress
70265756,2026-09-01T19:28:29.000,Damaged Tree,Entire Tree Has Fallen Down,91 TARGEE STREET,STATEN ISLAND,40.62465475909973,-74.08355723441113,In Progress
70269761,2026-09-01T19:26:24.000,Damaged Tree,Branch or Limb Has Fallen Down,101 SOUTH AVENUE,STATEN ISLAND,40.63776209384963,-74.16610607543934,In Progress
70271133,2026-09-01T19:26:06.000,Damaged Tree,Entire Tree Has Fallen Down,PURROY PLACE,STATEN ISLAND,40.62497318867416,-74.08351080186462,In Progress
70268469,2026-09-01T19:22:37.000,Damaged Tree,Entire Tree Has Fallen Down,91 TARGEE STREET,STATEN ISLAND,40.62465475909973,-74.08355723441113,In Progress
70272504,2026-09-01T19:22:33.000,Damaged Tree,Branch or Limb Has Fallen Down,58 MILDRED AVENUE,STATEN ISLAND,40.59116390274967,-74.18735961439624,In Progress
70263026,2026-09-01T19:16:42.000,Damaged Tree,Entire Tree Has Fallen Down,1010 DORCHESTER ROAD,BROOKLYN,40.63735886809059,-73.96806602023605,In Progress
70263058,2026-09-01T19:13:59.000,Damaged Tree,Branch or Limb Has Fallen Down,221 EDISON STREET,STATEN ISLAND,40.576041211524625,-74.11010945236087,In Progress
70269762,2026-09-01T19:07:19.000,Damaged Tree,Branch or Limb Has Fallen Down,376 GUYON AVENUE,STATEN ISLAND,40.55846774818475,-74.11688224998029,In Progress
70272479,2026-09-01T19:05:35.000,Damaged Tree,Branch Cracked and Will Fall,2909 CLARENDON ROAD,BROOKLYN,40.643217751217236,-73.94934003631363,In Progress
70268472,2026-09-01T18:58:47.000,Damaged Tree,Branch or Limb Has Fallen Down,CONCORD PLACE,STATEN ISLAND,40.61105223940775,-74.08993313481156,In Progress
70263057,2026-09-01T18:56:41.000,Damaged Tree,Branch or Limb Has Fallen Down,6 HURON PLACE,STATEN ISLAND,40.62869263231026,-74.10345585124682,In Progress
70268471,2026-09-01T18:56:33.000,Damaged Tree,Entire Tree Has Fallen Down,15 MARGO LOOP,STATEN ISLAND,40.63398929967188,-74.07637035555791,In Progress
70269759,2026-09-01T18:55:59.000,Damaged Tree,Entire Tree Has Fallen Down,PURROY PLACE,STATEN ISLAND,40.62497318867416,-74.08351080186462,In Progress
70264441,2026-09-01T18:53:28.000,Damaged Tree,Entire Tree Has Fallen Down,927 VICTORY BOULEVARD,STATEN ISLAND,40.621575241322326,-74.09733545955311,In Progress
70269757,2026-09-01T18:53:07.000,Damaged Tree,Branch Cracked and Will Fall,161-03 SANFORD AVENUE,QUEENS,40.76042140009984,-73.8047643309031,In Progress
70272502,2026-09-01T18:31:11.000,Damaged Tree,Tree Alive - in Poor Condition,8 SHORE ROAD,STATEN ISLAND,40.50535901411295,-74.25402210644896,In Progress
70268464,2026-09-01T18:11:01.000,Damaged Tree,Branch or Limb Has Fallen Down,85-30 COMMONWEALTH BOULEVARD,QUEENS,40.73204328896686,-73.720787249842,In Progress
70265741,2026-09-01T17:59:55.000,Damaged Tree,Tree Alive - in Poor Condition,64 IRVING AVENUE,BROOKLYN,40.70432703822901,-73.92372939936729,In Progress
70271105,2026-09-01T17:58:58.000,Damaged Tree,Branch or Limb Has Fallen Down,618 BAINBRIDGE STREET,BROOKLYN,40.68308829085972,-73.91254767608167,In Progress
70263045,2026-09-01T17:53:16.000,Damaged Tree,Branch or Limb Has Fallen Down,338 STORY AVENUE,QUEENS,40.79201007647813,-73.77437887961166,In Progress
70272461,2026-09-01T17:52:51.000,Damaged Tree,Branch Cracked and Will Fall,616 THWAITES PLACE,BRONX,40.85887944776423,-73.87043955318396,In Progress
70263027,2026-09-01T17:51:04.000,Damaged Tree,Branch or Limb Has Fallen Down,614 BAINBRIDGE STREET,BROOKLYN,40.68307465189857,-73.91265946566006,In Progress
70264433,2026-09-01T17:44:47.000,Damaged Tree,Branch Cracked and Will Fall,71-44 160 STREET,QUEENS,40.72858394471258,-73.80906454423807,In Progress
70272494,2026-09-01T17:42:44.000,Damaged Tree,Branch or Limb Has Fallen Down,321 BEACH 22 STREET,QUEENS,40.59797498125508,-73.75751950238116,In Progress
70268441,2026-09-01T17:22:01.000,Damaged Tree,Branch Cracked and Will Fall,1171 47 STREET,BROOKLYN,40.63785445022561,-73.99376664852703,In Progress
70268424,2026-09-01T17:11:51.000,Damaged Tree,Entire Tree Has Fallen Down,1172 SHERMAN AVENUE,BRONX,40.832987127520056,-73.91634735989304,In Progress
70269754,2026-09-01T17:07:13.000,Damaged Tree,Tree Alive - in Poor Condition,53-11 254 STREET,QUEENS,40.76637432070084,-73.72747717377818,In Progress
70267112,2026-09-01T16:54:07.000,Damaged Tree,Branch or Limb Has Fallen Down,36-46 203 STREET,QUEENS,40.76455289521391,-73.78361591924454,In Progress
70271125,2026-09-01T16:37:51.000,Damaged Tree,Tree Leaning/Uprooted,141-21 219 STREET,QUEENS,40.67057827370595,-73.75522961136356,In Progress
70268440,2026-09-01T16:31:21.000,Damaged Tree,Branch Cracked and Will Fall,480 EASTERN PARKWAY,BROOKLYN,40.669961514725614,-73.95252802055411,In Progress
70269740,2026-09-01T16:26:18.000,Damaged Tree,Branch or Limb Has Fallen Down,1882 EAST 52 STREET,BROOKLYN,40.6136399075488,-73.92437688439928,In Progress
70263034,2026-09-01T16:24:54.000,Damaged Tree,Branch Cracked and Will Fall,355 WEST 19 STREET,MANHATTAN,40.74348704747823,-74.00179357659499,In Progress
70264434,2026-09-01T16:24:25.000,Damaged Tree,Branch Cracked and Will Fall,47-09 39 AVENUE,QUEENS,40.74919568495183,-73.91597617447667,In Progress
70267079,2026-09-01T16:23:33.000,Damaged Tree,Branch Cracked and Will Fall,1011 WOODYCREST AVENUE,BRONX,40.832942699931614,-73.9277738072192,In Progress
70265754,2026-09-01T16:20:50.000,Damaged Tree,Branch or Limb Has Fallen Down,147-29 DELAWARE AVENUE,QUEENS,40.75690665566684,-73.8155346760488,In Progress
70264419,2026-09-01T16:18:56.000,Damaged Tree,Tree Trunk Split,1003 52 STREET,BROOKLYN,40.63724802090754,-74.00030626015017,In Progress
70272476,2026-09-01T16:08:49.000,Damaged Tree,Branch or Limb Has Fallen Down,443 KEAP STREET,BROOKLYN,40.71220905814648,-73.95264221645617,In Progress
70272477,2026-09-01T16:04:46.000,Damaged Tree,Branch or Limb Has Fallen Down,1488 EAST 19 STREET,BROOKLYN,40.61415295502749,-73.9554419566877,In Progress
70263049,2026-09-01T16:00:58.000,Damaged Tree,Branch Cracked and Will Fall,90-05 48 AVENUE,QUEENS,40.741332826217295,-73.87464130684138,In Progress
70268462,2026-09-01T16:00:14.000,Damaged Tree,Entire Tree Has Fallen Down,147-36 DELAWARE AVENUE,QUEENS,40.75689564781012,-73.81551665883075,In Progress
70269743,2026-09-01T15:48:05.000,Damaged Tree,Branch or Limb Has Fallen Down,534 EGAN STREET,BROOKLYN,40.6563647399031,-73.87371974320493,In Progress
70268438,2026-09-01T15:35:11.000,Damaged Tree,Branch or Limb Has Fallen Down,534 EGAN STREET,BROOKLYN,40.6563647399031,-73.87371974320493,In Progress
70264408,2026-09-01T15:27:47.000,Damaged Tree,Tree Alive - in Poor Condition,595 OLMSTEAD AVENUE,BRONX,40.81777847512178,-73.85090546661132,In Progress
70271109,2026-09-01T15:19:52.000,Damaged Tree,Branch or Limb Has Fallen Down,1488 EAST 19 STREET,BROOKLYN,40.61415295502749,-73.9554419566877,In Progress
70269745,2026-09-01T15:18:09.000,Damaged Tree,Tree Alive - in Poor Condition,525 WEST 50 STREET,MANHATTAN,40.76523347545475,-73.9930760500121,In Progress
70268423,2026-09-01T15:08:19.000,Damaged Tree,Entire Tree Has Fallen Down,PELHAM PARKWAY SOUTH,BRONX,40.85681436727381,-73.86012648183502,In Progress
70266242,2026-09-01T15:01:53.000,Damaged Tree,Tree Alive - in Poor Condition,,Unspecified,,,In Progress
70272478,2026-09-01T14:58:13.000,Damaged Tree,Branch or Limb Has Fallen Down,106 DEVOE STREET,BROOKLYN,40.71353229051003,-73.9469383171362,In Progress
70268460,2026-09-01T14:57:33.000,Damaged Tree,Tree Leaning/Uprooted,37-50 87 STREET,QUEENS,40.748993068588085,-73.87944505118925,In Progress
70271126,2026-09-01T14:52:12.000,Damaged Tree,Branch or Limb Has Fallen Down,25-67 41 STREET,QUEENS,40.76715099251336,-73.91122430376878,In Progress
70267095,2026-09-01T14:48:05.000,Damaged Tree,Branch or Limb Has Fallen Down,9401 RIDGE BOULEVARD,BROOKLYN,40.61852291777424,-74.03600609116238,In Progress
70272480,2026-09-01T14:25:07.000,Damaged Tree,Branch Cracked and Will Fall,185 ELLERY STREET,BROOKLYN,40.69886886811279,-73.945042206645,In Progress
70267078,2026-09-01T14:03:32.000,Damaged Tree,Entire Tree Has Fallen Down,990 PELHAM PARKWAY SOUTH,BRONX,40.85680366436851,-73.86035424677017,In Progress
70272495,2026-09-01T13:46:30.000,Damaged Tree,Branch or Limb Has Fallen Down,24-39 81 STREET,QUEENS,40.764009827450245,-73.88783981631173,In Progress
70269738,2026-09-01T13:35:49.000,Damaged Tree,Tree Alive - in Poor Condition,323 MONROE STREET,BROOKLYN,40.6860756587628,-73.94538086923184,In Progress
70272493,2026-09-01T13:29:34.000,Damaged Tree,Entire Tree Has Fallen Down,120-11 109 AVENUE,QUEENS,40.68256526508143,-73.82111254112209,In Progress
70267091,2026-09-01T13:28:58.000,Damaged Tree,Tree Leaning/Uprooted,1848 EAST 34 STREET,BROOKLYN,40.6112340215953,-73.9355159354121,In Progress
70267094,2026-09-01T13:22:07.000,Damaged Tree,Branch or Limb Has Fallen Down,70 REMSEN STREET,BROOKLYN,40.694402446762204,-73.99565819632272,In Progress
70269742,2026-09-01T13:21:57.000,Damaged Tree,Branch or Limb Has Fallen Down,70 REMSEN STREET,BROOKLYN,40.694402446762204,-73.99565819632272,In Progress
70269737,2026-09-01T13:21:43.000,Damaged Tree,Tree Leaning/Uprooted,295 BERRIMAN STREET,BROOKLYN,40.67120332856754,-73.87910981101275,In Progress
70271107,2026-09-01T13:13:24.000,Damaged Tree,Branch or Limb Has Fallen Down,529 EGAN STREET,BROOKLYN,40.656427758961044,-73.87361870910809,In Progress
70265738,2026-09-01T13:04:39.000,Damaged Tree,Branch or Limb Has Fallen Down,533 EGAN STREET,BROOKLYN,40.65652358838513,-73.8734022812398,In Progress
70265739,2026-09-01T12:56:26.000,Damaged Tree,Branch or Limb Has Fallen Down,EGAN STREET,BROOKLYN,40.65647701836633,-73.87348526398188,In Progress
70269725,2026-09-01T12:55:51.000,Damaged Tree,Branch Cracked and Will Fall,BRUSH AVENUE,BRONX,40.8245695119039,-73.83909673620316,In Progress
70269741,2026-09-01T12:54:47.000,Damaged Tree,Branch or Limb Has Fallen Down,EGAN STREET,BROOKLYN,40.65666319470243,-73.87305962557764,In Progress
70271124,2026-09-01T12:54:10.000,Damaged Tree,Tree Leaning/Uprooted,89-21 70 AVENUE,QUEENS,40.709727364163165,-73.85405798351387,In Progress
70264420,2026-09-01T12:52:41.000,Damaged Tree,Branch or Limb Has Fallen Down,1142 EAST 28 STREET,BROOKLYN,40.6230979222888,-73.9481521400699,In Progress
70267080,2026-09-01T12:50:29.000,Damaged Tree,Branch Cracked and Will Fall,1011 WOODYCREST AVENUE,BRONX,40.832942699931614,-73.9277738072192,In Progress
70271092,2026-09-01T12:50:17.000,Damaged Tree,Branch Cracked and Will Fall,1011 WOODYCREST AVENUE,BRONX,40.832942699931614,-73.9277738072192,In Progress
70263044,2026-09-01T12:45:10.000,Damaged Tree,Entire Tree Has Fallen Down,7 AVENUE,QUEENS,40.79433536515952,-73.81813603137604,In Progress
70268444,2026-09-01T12:40:40.000,Damaged Tree,Branch or Limb Has Fallen Down,140 CHARLES STREET,MANHATTAN,40.73416286221032,-74.00798156190001,In Progress
70263033,2026-09-01T12:38:32.000,Damaged Tree,Branch or Limb Has Fallen Down,353 WEST 19 STREET,MANHATTAN,40.74346783489286,-74.00175027041794,In Progress
70268445,2026-09-01T12:38:05.000,Damaged Tree,Branch Cracked and Will Fall,320 WADSWORTH AVENUE,MANHATTAN,40.85499852325298,-73.93120204527996,In Progress
70272497,2026-09-01T12:32:49.000,Damaged Tree,Branch Cracked and Will Fall,41-68 FORLEY STREET,QUEENS,40.74599326129444,-73.87704331301542,In Progress
70265753,2026-09-01T12:32:13.000,Damaged Tree,Branch or Limb Has Fallen Down,149 STREET,QUEENS,40.79433536515952,-73.81813603137604,In Progress
70272458,2026-09-01T12:28:17.000,Damaged Tree,Branch or Limb Has Fallen Down,2837 EAST 194 STREET,BRONX,40.8525379012324,-73.8331262253984,In Progress
70263047,2026-09-01T12:23:01.000,Damaged Tree,Branch or Limb Has Fallen Down,57-22 159 STREET,QUEENS,40.74189075868222,-73.8091960197207,In Progress
70271090,2026-09-01T12:09:09.000,Damaged Tree,Branch or Limb Has Fallen Down,EAST 194 STREET,BRONX,40.85256343865454,-73.833704518229,In Progress
70271106,2026-09-01T12:03:10.000,Damaged Tree,Branch or Limb Has Fallen Down,CORTELYOU ROAD,BROOKLYN,,,In Progress
70271108,2026-09-01T12:01:04.000,Damaged Tree,Branch or Limb Has Fallen Down,1202 EAST 18 STREET,BROOKLYN,40.62146047802307,-73.95778571856448,In Progress
70267092,2026-09-01T11:58:12.000,Damaged Tree,Tree Leaning/Uprooted,1989 EAST 2 STREET,BROOKLYN,40.600916857614024,-73.97028732330801,In Progress
70263022,2026-09-01T11:49:43.000,Damaged Tree,Tree Trunk Split,397 7 STREET,BROOKLYN,40.669492523448184,-73.98342151348298,In Progress
70263059,2026-09-01T11:41:25.000,Damaged Tree,Branch or Limb Has Fallen Down,261 BRYANT AVENUE,STATEN ISLAND,40.57448172930098,-74.1076698998515,In Progress
70265737,2026-09-01T11:40:28.000,Damaged Tree,Tree Alive - in Poor Condition,1132 PARK PLACE,BROOKLYN,40.672867947404356,-73.94014643142143,In Progress
70264432,2026-09-01T11:35:36.000,Damaged Tree,Entire Tree Has Fallen Down,40-67 95 STREET,QUEENS,40.747416192413,-73.87057692728602,In Progress
70272464,2026-09-01T11:28:17.000,Damaged Tree,Entire Tree Has Fallen Down,1301 AVENUE S,BROOKLYN,40.603295869003645,-73.95900001409144,Closed
70263018,2026-09-01T11:27:49.000,Damaged Tree,Branch Cracked and Will Fall,3123 ARNOW PLACE,BRONX,40.850232403807546,-73.82941258174569,In Progress
70272475,2026-09-01T11:19:17.000,Damaged Tree,Tree Trunk Split,50 RUTLAND ROAD,BROOKLYN,40.658877782570606,-73.95883249662879,In Progress
70269760,2026-09-01T11:18:43.000,Damaged Tree,Entire Tree Has Fallen Down,1026 ROSSVILLE AVENUE,STATEN ISLAND,40.55218570298199,-74.21211583308958,In Progress
70271110,2026-09-01T10:58:39.000,Damaged Tree,Branch Cracked and Will Fall,7104 FORT HAMILTON PARKWAY,BROOKLYN,40.62764868021087,-74.01370407119272,In Progress
70268459,2026-09-01T10:54:02.000,Damaged Tree,Tree Leaning/Uprooted,64-38 82 PLACE,QUEENS,40.71961014964706,-73.87155084060113,In Progress
70267110,2026-09-01T10:54:02.000,Damaged Tree,Tree Leaning/Uprooted,64-38 82 PLACE,QUEENS,40.71961014964706,-73.87155084060113,In Progress
70268458,2026-09-01T10:51:00.000,Damaged Tree,Tree Leaning/Uprooted,64-38 82 PLACE,QUEENS,40.71961014964706,-73.87155084060113,In Progress
70263028,2026-09-01T10:47:56.000,Damaged Tree,Branch or Limb Has Fallen Down,377 MACON STREET,BROOKLYN,40.68259896347446,-73.93649973588786,In Progress
70268473,2026-09-01T10:47:54.000,Damaged Tree,Branch or Limb Has Fallen Down,534 CARLTON BOULEVARD,STATEN ISLAND,40.55038846769789,-74.1830387672649,In Progress
70263046,2026-09-01T10:37:28.000,Damaged Tree,Branch or Limb Has Fallen Down,54-02 46 STREET,QUEENS,40.73151812000877,-73.9218436830192,In Progress
70268463,2026-09-01T10:13:50.000,Damaged Tree,Branch or Limb Has Fallen Down,147-49 HOOVER AVENUE,QUEENS,40.71427002828771,-73.81242420200248,In Progress
70265740,2026-09-01T10:11:00.000,Damaged Tree,Branch or Limb Has Fallen Down,DITMAS AVENUE,BROOKLYN,40.63709680061482,-73.96364519998559,In Progress
70269752,2026-09-01T09:56:24.000,Damaged Tree,Tree Leaning/Uprooted,94-11 34 ROAD,QUEENS,40.75374863866246,-73.87332217947434,In Progress
70268475,2026-09-01T09:34:30.000,Damaged Tree,Tree Leaning/Uprooted,60 DOROTHEA PLACE,STATEN ISLAND,40.574184485185825,-74.12474621698463,Closed
70271111,2026-09-01T09:29:23.000,Damaged Tree,Branch Cracked and Will Fall,890 STERLING PLACE,BROOKLYN,40.672457774149606,-73.94905105918846,In Progress
70263024,2026-09-01T09:16:25.000,Damaged Tree,Tree Alive - in Poor Condition,2038 GERRITSEN AVENUE,BROOKLYN,40.604403603027684,-73.93802182714849,In Progress
70269753,2026-09-01T09:09:09.000,Damaged Tree,Tree Leaning/Uprooted,35-34 BELL BOULEVARD,QUEENS,40.7685985928271,-73.77358452965741,In Progress
70263025,2026-09-01T09:08:53.000,Damaged Tree,Entire Tree Has Fallen Down,219 MACON STREET,BROOKLYN,40.68191316039561,-73.94246023863272,In Progress
70268437,2026-09-01T09:08:28.000,Damaged Tree,Branch or Limb Has Fallen Down,219 MACON STREET,BROOKLYN,40.68191316039561,-73.94246023863272,In Progress
70267111,2026-09-01T09:08:02.000,Damaged Tree,Entire Tree Has Fallen Down,7 AVENUE,QUEENS,40.79433536515952,-73.81813603137604,In Progress
70269756,2026-09-01T09:06:13.000,Damaged Tree,Branch or Limb Has Fallen Down,36 AVENUE,QUEENS,40.7680216171662,-73.7732904590946,In Progress
70271123,2026-09-01T08:58:14.000,Damaged Tree,Tree Leaning/Uprooted,151-50 BAISLEY BOULEVARD,QUEENS,40.66812124785964,-73.78671882826002,In Progress
70269744,2026-09-01T08:42:31.000,Damaged Tree,Branch Cracked and Will Fall,219 MACON STREET,BROOKLYN,40.68191316039561,-73.94246023863272,In Progress
70267113,2026-09-01T08:39:51.000,Damaged Tree,Branch or Limb Has Fallen Down,248 STREET,QUEENS,40.77057291226897,-73.74138488245325,In Progress
70272492,2026-09-01T08:39:11.000,Damaged Tree,Entire Tree Has Fallen Down,120-31 142 PLACE,QUEENS,40.67590978800963,-73.79825206156215,In Progress
70264421,2026-09-01T08:35:08.000,Damaged Tree,Branch or Limb Has Fallen Down,1064 83 STREET,BROOKLYN,40.618963661501866,-74.01740161776777,In Progress
70269755,2026-09-01T08:25:18.000,Damaged Tree,Branch or Limb Has Fallen Down,120-31 142 PLACE,QUEENS,40.67590978800963,-73.79825206156215,In Progress
70271129,2026-09-01T08:23:50.000,Damaged Tree,Entire Tree Has Fallen Down,141-06 LABURNUM AVENUE,QUEENS,40.75015048909621,-73.81641958615916,Closed
70269739,2026-09-01T08:16:45.000,Damaged Tree,Tree Alive - in Poor Condition,570 77 STREET,BROOKLYN,40.62703810002194,-74.02173033693629,In Progress
70268439,2026-09-01T08:10:37.000,Damaged Tree,Branch or Limb Has Fallen Down,6 2 PLACE,BROOKLYN,40.680456346380964,-74.00074992217884,In Progress
70272459,2026-09-01T08:03:33.000,Damaged Tree,Branch or Limb Has Fallen Down,81 BEECH TREE LANE,BRONX,40.88489611840711,-73.79925251983504,In Progress
70269724,2026-09-01T07:53:32.000,Damaged Tree,Tree Alive - in Poor Condition,3455 KNOX PLACE,BRONX,40.88226682249451,-73.88311627032716,In Progress
70271128,2026-09-01T07:27:07.000,Damaged Tree,Branch Cracked and Will Fall,219 STREET,QUEENS,40.684099507024676,-73.74779930337073,In Progress
70263035,2026-09-01T07:23:45.000,Damaged Tree,Entire Tree Has Fallen Down,1000 5 AVENUE,MANHATTAN,40.77863290127972,-73.96254609596876,In Progress
70267096,2026-09-01T06:57:29.000,Damaged Tree,Branch Cracked and Will Fall,223 45 STREET,BROOKLYN,40.65149816968766,-74.0133377755302,In Progress
70271093,2026-09-01T04:59:26.000,Damaged Tree,Branch Cracked and Will Fall,841 TILDEN STREET,BRONX,40.87686765493952,-73.86055076605602,Closed
70257175,2026-09-01T01:30:31.000,Damaged Tree,Branch or Limb Has Fallen Down,89-25 216 STREET,QUEENS,40.72601818823397,-73.74676034309074,In Progress
70258724,2026-09-01T00:23:46.000,Damaged Tree,Branch or Limb Has Fallen Down,39 TOMPKINS STREET,STATEN ISLAND,40.62457157152645,-74.07689993612583,Closed
70254134,2026-08-31T22:55:39.000,Damaged Tree,Branch Cracked and Will Fall,79 BUFFALO STREET,STATEN ISLAND,40.55930998975379,-74.13243800068031,In Progress
70252643,2026-08-31T22:29:09.000,Damaged Tree,Tree Leaning/Uprooted,89-25 216 STREET,QUEENS,40.72601818823397,-73.74676034309074,In Progress
70254106,2026-08-31T20:56:41.000,Damaged Tree,Branch or Limb Has Fallen Down,1615 EAST 21 STREET,BROOKLYN,40.61330657732146,-73.9529789117341,In Progress
70260202,2026-08-31T20:37:01.000,Damaged Tree,Tree Leaning/Uprooted,RIVERSIDE PARK,MANHATTAN,40.800245180318555,-73.97335875005403,In Progress
70251166,2026-08-31T20:07:02.000,Damaged Tree,Branch Cracked and Will Fall,235 EAST 83 STREET,MANHATTAN,40.77650284381804,-73.95452455040912,In Progress
70261715,2026-08-31T20:05:28.000,Damaged Tree,Branch Cracked and Will Fall,62-12 69 PLACE,QUEENS,40.71794195526456,-73.88791012628774,Closed
70261714,2026-08-31T19:53:22.000,Damaged Tree,Branch or Limb Has Fallen Down,66-22 71 STREET,QUEENS,40.714150511453006,-73.88420106496133,In Progress
70254084,2026-08-31T19:50:41.000,Damaged Tree,Branch or Limb Has Fallen Down,3377 AGAR PLACE,BRONX,40.83914821148239,-73.81622459620628,Closed
70255678,2026-08-31T19:44:33.000,Damaged Tree,Branch or Limb Has Fallen Down,340 EAST 76 STREET,MANHATTAN,40.77098906859845,-73.95556086040914,In Progress
70261694,2026-08-31T19:41:47.000,Damaged Tree,Branch Cracked and Will Fall,719 EAST 217 STREET,BRONX,40.88191507571694,-73.86278230030119,In Progress
70254086,2026-08-31T19:38:43.000,Damaged Tree,Branch Cracked and Will Fall,1257 NOBLE AVENUE,BRONX,40.83136065715774,-73.87014262244857,Closed
70255686,2026-08-31T19:36:22.000,Damaged Tree,Branch or Limb Has Fallen Down,109-04 98 STREET,QUEENS,40.67819047194545,-73.84001233449911,Closed
70251165,2026-08-31T19:32:04.000,Damaged Tree,Tree Alive - in Poor Condition,ST NICHOLAS AVENUE,MANHATTAN,40.84025596716814,-73.93968863938895,In Progress
70252623,2026-08-31T18:19:53.000,Damaged Tree,Tree Alive - in Poor Condition,445 EAST 102 STREET,MANHATTAN,40.78640212922363,-73.94035131523282,Closed
70255691,2026-08-31T18:16:32.000,Damaged Tree,Branch or Limb Has Fallen Down,1953 RICHMOND AVENUE,STATEN ISLAND,40.59997364809507,-74.16284673762597,Closed
70261716,2026-08-31T17:58:36.000,Damaged Tree,Branch Cracked and Will Fall,37-50 WARREN STREET,QUEENS,40.750889289094694,-73.87145804560043,In Progress
70258710,2026-08-31T17:56:41.000,Damaged Tree,Tree Alive - in Poor Condition,145-57 7 AVENUE,QUEENS,40.793146643151786,-73.82326761652479,In Progress
70252615,2026-08-31T17:56:22.000,Damaged Tree,Tree Leaning/Uprooted,1846 EAST 34 STREET,BROOKLYN,40.611258740898194,-73.93554472480531,In Progress
70257174,2026-08-31T17:55:00.000,Damaged Tree,Branch or Limb Has Fallen Down,24-16 166 STREET,QUEENS,40.77560488384143,-73.79812694024493,In Progress
70258693,2026-08-31T17:47:35.000,Damaged Tree,Tree Trunk Split,392 EAST 7 STREET,BROOKLYN,40.642223774903364,-73.97249939055715,In Progress
70257160,2026-08-31T17:22:12.000,Damaged Tree,Branch or Limb Has Fallen Down,1845 BEDFORD AVENUE,BROOKLYN,40.66055412575779,-73.95687431642908,In Progress
70258677,2026-08-31T17:21:46.000,Damaged Tree,Tree Alive - in Poor Condition,2574 FLINT AVENUE,BRONX,40.88919485532816,-73.81778248542099,In Progress
70257138,2026-08-31T17:18:51.000,Damaged Tree,Tree Alive - in Poor Condition,2441 TIEMANN AVENUE,BRONX,40.861610674022145,-73.83804546863874,In Progress
70258678,2026-08-31T17:13:12.000,Damaged Tree,Branch Cracked and Will Fall,39 BAY STREET,BRONX,40.84721960373996,-73.79001927297931,In Progress
70254082,2026-08-31T17:06:13.000,Damaged Tree,Entire Tree Has Fallen Down,1240 PELHAM PARKWAY,BRONX,40.857368394137765,-73.85103361642989,In Progress
70254105,2026-08-31T17:05:38.000,Damaged Tree,Branch or Limb Has Fallen Down,1229 BAY RIDGE PARKWAY,BROOKLYN,40.62117419530656,-74.00885058800114,In Progress
70257181,2026-08-31T17:03:09.000,Damaged Tree,Branch or Limb Has Fallen Down,176 MONAHAN AVENUE,STATEN ISLAND,40.58974520807754,-74.15176824917187,In Progress
70252617,2026-08-31T16:58:57.000,Damaged Tree,Branch or Limb Has Fallen Down,2326 EAST 63 STREET,BROOKLYN,40.61253688988944,-73.90970469220024,In Progress
70254083,2026-08-31T16:42:14.000,Damaged Tree,Branch or Limb Has Fallen Down,4238 ELY AVENUE,BRONX,40.895298104431035,-73.84741836845699,In Progress
70255665,2026-08-31T16:28:52.000,Damaged Tree,Branch Cracked and Will Fall,480 EAST 141 STREET,BRONX,40.809974562846165,-73.91900973242822,In Progress
70252600,2026-08-31T16:26:51.000,Damaged Tree,Branch or Limb Has Fallen Down,2571 FISH AVENUE,BRONX,40.864425534979326,-73.84722528057402,Closed
70261695,2026-08-31T16:22:23.000,Damaged Tree,Branch Cracked and Will Fall,2023 MATTHEWS AVENUE,BRONX,40.85141901464235,-73.86302956083432,In Progress
70258696,2026-08-31T16:19:10.000,Damaged Tree,Tree Alive - in Poor Condition,135 79 STREET,BROOKLYN,40.62965928634632,-74.0335190647181,In Progress
70258692,2026-08-31T16:14:32.000,Damaged Tree,Tree Trunk Split,716 OCEAN PARKWAY,BROOKLYN,40.631057806635724,-73.97177984371524,In Progress
70260199,2026-08-31T15:56:58.000,Damaged Tree,Branch or Limb Has Fallen Down,237 GARFIELD PLACE,BROOKLYN,40.671796818910124,-73.9759623465818,In Progress
70254127,2026-08-31T15:46:29.000,Damaged Tree,Branch Cracked and Will Fall,17 AVENUE,QUEENS,40.78299583727564,-73.79933225724385,In Progress
70260200,2026-08-31T15:27:28.000,Damaged Tree,Branch Cracked and Will Fall,1961 EAST 15 STREET,BROOKLYN,40.60209292052039,-73.95700930919162,Closed
70260213,2026-08-31T15:27:15.000,Damaged Tree,Branch or Limb Has Fallen Down,97-19 109 AVENUE,QUEENS,40.67826010150929,-73.84074043449155,Closed
70258715,2026-08-31T15:27:03.000,Damaged Tree,Branch or Limb Has Fallen Down,102-26 90 STREET,QUEENS,40.6816014124215,-73.84958026009662,In Progress
70252644,2026-08-31T15:14:22.000,Damaged Tree,Branch or Limb Has Fallen Down,90-12 178 STREET,QUEENS,40.70973006491805,-73.78416179840038,Closed
70251162,2026-08-31T15:13:39.000,Damaged Tree,Branch or Limb Has Fallen Down,446 WASHINGTON AVENUE,BROOKLYN,40.68560305619661,-73.96530620998176,In Progress
70254124,2026-08-31T15:09:50.000,Damaged Tree,Branch or Limb Has Fallen Down,40-23 ITHACA STREET,QUEENS,40.746100689527104,-73.88267307830371,In Progress
70252621,2026-08-31T14:57:57.000,Damaged Tree,Branch Cracked and Will Fall,2613 EAST 23 STREET,BROOKLYN,40.5880737668614,-73.94693719181942,In Progress
70254101,2026-08-31T14:49:08.000,Damaged Tree,Tree Leaning/Uprooted,1728 55 STREET,BROOKLYN,40.62558450826728,-73.98556145671542,In Progress
70258698,2026-08-31T14:42:10.000,Damaged Tree,Branch or Limb Has Fallen Down,691 PROSPECT PLACE,BROOKLYN,40.674600837324085,-73.95413258356756,In Progress
70252598,2026-08-31T14:35:13.000,Damaged Tree,Entire Tree Has Fallen Down,1050 EAST GUN HILL ROAD,BRONX,40.874462083595226,-73.85730871564088,Closed
70255677,2026-08-31T14:27:36.000,Damaged Tree,Branch Cracked and Will Fall,392 EAST 7 STREET,BROOKLYN,40.642223774903364,-73.97249939055715,In Progress
70255674,2026-08-31T14:27:22.000,Damaged Tree,Branch or Limb Has Fallen Down,18 AVENUE,BROOKLYN,40.626599685772966,-73.98270086337442,In Progress
70254122,2026-08-31T13:59:12.000,Damaged Tree,Entire Tree Has Fallen Down,83-49 240 STREET,QUEENS,40.73419271345041,-73.72662011414775,In Progress
70255676,2026-08-31T13:43:01.000,Damaged Tree,Branch or Limb Has Fallen Down,1971 EAST 33 STREET,BROOKLYN,40.60878479860682,-73.93399125437854,In Progress
70257165,2026-08-31T13:22:40.000,Damaged Tree,Branch or Limb Has Fallen Down,WEST 97 STREET,MANHATTAN,40.7941451538066,-73.96844586848012,In Progress
70252649,2026-08-31T13:17:21.000,Damaged Tree,Branch Cracked and Will Fall,136 COLLEGE AVENUE,STATEN ISLAND,40.621495788672,-74.1255046508955,Closed
70252618,2026-08-31T13:15:31.000,Damaged Tree,Branch or Limb Has Fallen Down,1211 46 STREET,BROOKLYN,40.63774455474088,-73.99207681079625,In Progress
70254085,2026-08-31T12:47:55.000,Damaged Tree,Branch or Limb Has Fallen Down,2386 WALTON AVENUE,BRONX,40.86081478420994,-73.90128407682232,Closed
70252645,2026-08-31T12:41:11.000,Damaged Tree,Branch or Limb Has Fallen Down,93-15 215 STREET,QUEENS,40.719629931868646,-73.74251690893252,Closed
70257139,2026-08-31T12:34:04.000,Damaged Tree,Entire Tree Has Fallen Down,EAST 168 STREET,BRONX,40.83577859210997,-73.91647394732438,In Progress
70255664,2026-08-31T12:33:16.000,Damaged Tree,Branch or Limb Has Fallen Down,1575 GUN HILL ROAD,BRONX,40.86700888613587,-73.83956891565084,In Progress
70258676,2026-08-31T12:25:43.000,Damaged Tree,Tree Leaning/Uprooted,2747 WESTERVELT AVENUE,BRONX,40.86607598740198,-73.83978447868542,In Progress
70258699,2026-08-31T12:12:43.000,Damaged Tree,Branch Cracked and Will Fall,1521 EASTERN PARKWAY,BROOKLYN,40.67043589883155,-73.91765432106502,In Progress
70251149,2026-08-31T11:57:46.000,Damaged Tree,Entire Tree Has Fallen Down,1321 ELDER AVENUE,BRONX,40.831739044126046,-73.87992027583547,Closed
70258697,2026-08-31T11:52:14.000,Damaged Tree,Branch or Limb Has Fallen Down,754 WARWICK STREET,BROOKLYN,40.66432351715333,-73.8830728405798,In Progress
70261699,2026-08-31T11:51:54.000,Damaged Tree,Entire Tree Has Fallen Down,8601 16 AVENUE,BROOKLYN,40.61002769649481,-74.0073472465911,In Progress
70252616,2026-08-31T11:46:59.000,Damaged Tree,Branch or Limb Has Fallen Down,1944 EAST 34 STREET,BROOKLYN,40.60967673860267,-73.93378508276615,In Progress
70254123,2026-08-31T11:42:10.000,Damaged Tree,Branch or Limb Has Fallen Down,25 AVENUE,QUEENS,40.77444964956019,-73.79830013549984,Closed
70257161,2026-08-31T11:38:00.000,Damaged Tree,Branch or Limb Has Fallen Down,1718 ALBANY AVENUE,BROOKLYN,40.63120315775237,-73.93690891262993,In Progress
70258711,2026-08-31T11:29:53.000,Damaged Tree,Entire Tree Has Fallen Down,CRESCENT STREET,QUEENS,40.7787746563719,-73.91444401240206,Closed
70251160,2026-08-31T11:14:58.000,Damaged Tree,Tree Alive - in Poor Condition,492 ST MARKS AVENUE,BROOKLYN,40.676386524007064,-73.95829172800721,In Progress
70251161,2026-08-31T11:14:57.000,Damaged Tree,Tree Alive - in Poor Condition,492 ST MARKS AVENUE,BROOKLYN,40.676386524007064,-73.95829172800721,In Progress
70258694,2026-08-31T11:11:54.000,Damaged Tree,Tree Alive - in Poor Condition,713 CLASSON AVENUE,BROOKLYN,40.67610154077955,-73.95961860513562,In Progress
70257159,2026-08-31T11:11:43.000,Damaged Tree,Tree Alive - in Poor Condition,457 ST MARKS AVENUE,BROOKLYN,40.67653771741822,-73.95893335614143,In Progress
70254102,2026-08-31T11:11:42.000,Damaged Tree,Tree Alive - in Poor Condition,457 ST MARKS AVENUE,BROOKLYN,40.67653771741822,-73.95893335614143,In Progress
70254125,2026-08-31T11:09:22.000,Damaged Tree,Branch or Limb Has Fallen Down,25-14 DITMARS BOULEVARD,QUEENS,40.778483418919414,-73.91404720911335,Closed
70258709,2026-08-31T11:09:15.000,Damaged Tree,Tree Leaning/Uprooted,64-07 75 STREET,QUEENS,40.71649582970076,-73.88009904306263,In Progress
70255675,2026-08-31T11:08:58.000,Damaged Tree,Branch or Limb Has Fallen Down,82 86 STREET,BROOKLYN,40.62494529789436,-74.03736045463197,In Progress
70260197,2026-08-31T11:02:50.000,Damaged Tree,Branch or Limb Has Fallen Down,3108 NOSTRAND AVENUE,BROOKLYN,40.60850161803653,-73.94340948306485,Closed
70255687,2026-08-31T11:02:35.000,Damaged Tree,Branch or Limb Has Fallen Down,25-12 DITMARS BOULEVARD,QUEENS,40.77851364331258,-73.91409049857208,Closed
70257177,2026-08-31T10:45:22.000,Damaged Tree,Branch Cracked and Will Fall,CRESCENT STREET,QUEENS,40.7787746563719,-73.91444401240206,Closed
70260196,2026-08-31T10:41:45.000,Damaged Tree,Entire Tree Has Fallen Down,184 EAGLE STREET,BROOKLYN,40.73530378018608,-73.95344490072459,Closed
70258712,2026-08-31T10:33:20.000,Damaged Tree,Entire Tree Has Fallen Down,141-08 LABURNUM AVENUE,QUEENS,40.75015596132212,-73.81640874355337,Closed
70258695,2026-08-31T10:29:32.000,Damaged Tree,Tree Alive - in Poor Condition,1838 EAST 52 STREET,BROOKLYN,40.614323408254286,-73.9244481465787,In Progress
70257163,2026-08-31T10:26:41.000,Damaged Tree,Branch or Limb Has Fallen Down,293 GARFIELD PLACE,BROOKLYN,40.67075882380312,-73.97381061267154,Closed
70260198,2026-08-31T10:20:13.000,Damaged Tree,Branch or Limb Has Fallen Down,1064 83 STREET,BROOKLYN,40.618963661501866,-74.01740161776777,Closed
70260195,2026-08-31T10:15:56.000,Damaged Tree,Tree Alive - in Poor Condition,1682 STERLING PLACE,BROOKLYN,40.67103800550103,-73.92306451376511,In Progress
70260220,2026-08-31T10:13:42.000,Damaged Tree,Branch or Limb Has Fallen Down,464 WINANT AVENUE,STATEN ISLAND,40.547299196881596,-74.21691474154181,Closed
70255690,2026-08-31T10:04:36.000,Damaged Tree,Branch Cracked and Will Fall,40 MARVIN ROAD,STATEN ISLAND,40.53632225973809,-74.21712735070389,In Progress
70257166,2026-08-31T10:01:31.000,Damaged Tree,Entire Tree Has Fallen Down,81 PAYSON AVENUE,MANHATTAN,40.86766572202584,-73.92739261652989,In Progress
70260185,2026-08-31T09:55:17.000,Damaged Tree,Branch Cracked and Will Fall,4314 KEPLER AVENUE,BRONX,40.89880973322919,-73.87087898505695,In Progress
70254107,2026-08-31T09:54:21.000,Damaged Tree,Branch Cracked and Will Fall,716 OCEAN PARKWAY,BROOKLYN,40.631057806635724,-73.97177984371524,In Progress
70257178,2026-08-31T09:52:40.000,Damaged Tree,Branch or Limb Has Fallen Down,89-12 WOODHAVEN BOULEVARD,QUEENS,40.69085271454112,-73.85066281416191,Closed
70261702,2026-08-31T09:49:54.000,Damaged Tree,Branch Cracked and Will Fall,6 JACKSON PLACE,BROOKLYN,40.662814835753466,-73.98611569100827,Closed
70255673,2026-08-31T09:49:34.000,Damaged Tree,Tree Trunk Split,716 OCEAN PARKWAY,BROOKLYN,40.631057806635724,-73.97177984371524,In Progress
70260184,2026-08-31T09:46:33.000,Damaged Tree,Entire Tree Has Fallen Down,1058 EAST GUN HILL ROAD,BRONX,40.87436840614481,-73.85701964352982,Closed
70255661,2026-08-31T09:42:50.000,Damaged Tree,Tree Leaning/Uprooted,1190 EAST 223 STREET,BRONX,40.88177786346227,-73.84749279344359,Closed
70257162,2026-08-31T09:38:51.000,Damaged Tree,Branch or Limb Has Fallen Down,1512 EAST 24 STREET,BROOKLYN,40.613552442321634,-73.95020896805336,In Progress
70252620,2026-08-31T09:37:52.000,Damaged Tree,Branch or Limb Has Fallen Down,8 JACKSON PLACE,BROOKLYN,40.66277092363723,-73.98615174454075,Closed
70254126,2026-08-31T09:33:30.000,Damaged Tree,Branch Cracked and Will Fall,34-37 34 STREET,QUEENS,40.757916716527156,-73.92535371513239,In Progress
70251175,2026-08-31T09:33:30.000,Damaged Tree,Branch or Limb Has Fallen Down,25-11 DITMARS BOULEVARD,QUEENS,40.7785410933522,-73.91409407386479,Closed
70251173,2026-08-31T09:30:22.000,Damaged Tree,Branch or Limb Has Fallen Down,39-17 217 STREET,QUEENS,40.765976331816844,-73.76620008832974,In Progress
70261703,2026-08-31T09:29:46.000,Damaged Tree,Branch Cracked and Will Fall,2053 71 STREET,BROOKLYN,40.61243451475076,-73.98824398159675,In Progress
70254104,2026-08-31T09:29:35.000,Damaged Tree,Branch or Limb Has Fallen Down,461 JEFFERSON AVENUE,BROOKLYN,40.68449451941104,-73.93958794229248,In Progress
70254133,2026-08-31T09:23:32.000,Damaged Tree,Branch or Limb Has Fallen Down,462 WINANT AVENUE,STATEN ISLAND,40.547255314033016,-74.21689660799423,Closed
70260212,2026-08-31T09:03:46.000,Damaged Tree,Branch or Limb Has Fallen Down,25-12 DITMARS BOULEVARD,QUEENS,40.77851364331258,-73.91409049857208,Closed
70252599,2026-08-31T09:01:31.000,Damaged Tree,Branch or Limb Has Fallen Down,721 EAST 217 STREET,BRONX,40.88190404967577,-73.8627425434966,In Progress
70255662,2026-08-31T08:58:53.000,Damaged Tree,Tree Leaning/Uprooted,3007 OLINVILLE AVENUE,BRONX,40.86989967475254,-73.86824144781546,In Progress
70252624,2026-08-31T08:55:56.000,Damaged Tree,Tree Alive - in Poor Condition,75 BLEECKER STREET,MANHATTAN,40.72659577770002,-73.99595916172984,In Progress
70261719,2026-08-31T08:47:21.000,Damaged Tree,Branch Cracked and Will Fall,927 VICTORY BOULEVARD,STATEN ISLAND,40.621575241322326,-74.09733545955311,In Progress
70255663,2026-08-31T08:34:23.000,Damaged Tree,Branch or Limb Has Fallen Down,2541 OLINVILLE AVENUE,BRONX,40.86386429320643,-73.86842694196743,In Progress
70258713,2026-08-31T08:14:03.000,Damaged Tree,Branch or Limb Has Fallen Down,160-19 84 AVENUE,QUEENS,40.714776854681176,-73.80523711346297,In Progress
70252619,2026-08-31T07:57:36.000,Damaged Tree,Branch or Limb Has Fallen Down,1507 DEKALB AVENUE,BROOKLYN,40.70187181642222,-73.92164401316447,In Progress
70261701,2026-08-31T07:55:10.000,Damaged Tree,Branch Cracked and Will Fall,480 EASTERN PARKWAY,BROOKLYN,40.669961514725614,-73.95252802055411,In Progress
70258714,2026-08-31T07:25:32.000,Damaged Tree,Branch or Limb Has Fallen Down,92-36 214 PLACE,QUEENS,40.72048915220893,-73.74503167759008,Closed
70251174,2026-08-31T07:25:17.000,Damaged Tree,Branch or Limb Has Fallen Down,83-53 240 STREET,QUEENS,40.73414876333839,-73.72660586119346,In Progress
70261700,2026-08-31T07:15:04.000,Damaged Tree,Branch or Limb Has Fallen Down,EAST 17 STREET,BROOKLYN,,,In Progress
70254103,2026-08-31T06:59:18.000,Damaged Tree,Branch or Limb Has Fallen Down,MONTAGUE STREET,BROOKLYN,40.69564313405081,-73.99738188693807,In Progress
70257176,2026-08-31T03:39:54.000,Damaged Tree,Branch or Limb Has Fallen Down,11-05 44 DRIVE,QUEENS,40.74848231918507,-73.94928525243826,In Progress
70257164,2026-08-31T02:18:12.000,Damaged Tree,Branch Cracked and Will Fall,148 CHESTNUT STREET,BROOKLYN,40.684179772164335,-73.87572586700524,In Progress
70246980,2026-08-30T23:20:49.000,Damaged Tree,Tree Leaning/Uprooted,2766 BAINBRIDGE AVENUE,BRONX,40.867333863545056,-73.88962877867789,In Progress
70240376,2026-08-30T22:03:49.000,Damaged Tree,Branch Cracked and Will Fall,67 87 STREET,BROOKLYN,40.62431378359078,-74.03800852642131,In Progress
70242995,2026-08-30T22:03:09.000,Damaged Tree,Branch or Limb Has Fallen Down,1465 58 STREET,BROOKLYN,40.62785244517043,-73.99381801843127,In Progress
70242996,2026-08-30T22:00:39.000,Damaged Tree,Branch Cracked and Will Fall,63 87 STREET,BROOKLYN,40.62434119571426,-74.03811661295691,In Progress
70249618,2026-08-30T20:48:07.000,Damaged Tree,Entire Tree Has Fallen Down,2150 ROYCE STREET,BROOKLYN,40.62083219848716,-73.90360939428423,Closed
70248294,2026-08-30T20:44:42.000,Damaged Tree,Entire Tree Has Fallen Down,3411 FLATLANDS AVENUE,BROOKLYN,40.617739254254005,-73.94074697134803,In Progress
70249614,2026-08-30T20:21:14.000,Damaged Tree,Entire Tree Has Fallen Down,3126 FAIRFIELD AVENUE,BRONX,40.88357031875972,-73.91409578376674,Closed
70246998,2026-08-30T20:07:28.000,Damaged Tree,Branch or Limb Has Fallen Down,112 AUDLEY STREET,QUEENS,40.7087884582627,-73.83367725945172,In Progress
70246981,2026-08-30T20:01:15.000,Damaged Tree,Branch or Limb Has Fallen Down,3128 FAIRFIELD AVENUE,BRONX,40.88358678149406,-73.9140885296694,Closed
70244348,2026-08-30T19:53:11.000,Damaged Tree,Branch or Limb Has Fallen Down,3128 FAIRFIELD AVENUE,BRONX,40.88358678149406,-73.9140885296694,Closed
70249619,2026-08-30T19:22:26.000,Damaged Tree,Branch or Limb Has Fallen Down,537 EAST 48 STREET,BROOKLYN,40.64871758772662,-73.93199855189268,In Progress
70249626,2026-08-30T19:10:52.000,Damaged Tree,Branch or Limb Has Fallen Down,216-19 137 AVENUE,QUEENS,40.67644036948283,-73.75486920825371,In Progress
70244356,2026-08-30T18:51:10.000,Damaged Tree,Branch or Limb Has Fallen Down,200 CLASSON AVENUE,BROOKLYN,40.693561512180025,-73.96100359276743,In Progress
70245690,2026-08-30T18:47:22.000,Damaged Tree,Branch or Limb Has Fallen Down,32-26 33 STREET,QUEENS,40.76084729067516,-73.92410867751536,In Progress
70242994,2026-08-30T18:40:26.000,Damaged Tree,Branch or Limb Has Fallen Down,206 LENOX ROAD,BROOKLYN,40.65400052518697,-73.95229430830312,In Progress
70240374,2026-08-30T18:36:29.000,Damaged Tree,Branch Cracked and Will Fall,480 EASTERN PARKWAY,BROOKLYN,40.669961514725614,-73.95252802055411,In Progress
70246996,2026-08-30T18:31:41.000,Damaged Tree,Branch or Limb Has Fallen Down,251-08 HILLSIDE AVENUE,QUEENS,40.73560063941232,-73.71634844777697,Closed
70244354,2026-08-30T18:02:28.000,Damaged Tree,Branch or Limb Has Fallen Down,412 THROOP AVENUE,BROOKLYN,40.68992234147011,-73.94233433214778,In Progress
70248296,2026-08-30T17:54:29.000,Damaged Tree,Branch or Limb Has Fallen Down,196 JACKSON STREET,BROOKLYN,40.71681307827425,-73.9428702077423,In Progress
70244355,2026-08-30T17:53:25.000,Damaged Tree,Branch or Limb Has Fallen Down,1036 41 STREET,BROOKLYN,40.64296795458346,-73.99320764856506,In Progress
70240383,2026-08-30T17:45:58.000,Damaged Tree,Entire Tree Has Fallen Down,212-77 WHITEHALL TERRACE,QUEENS,40.726232468887666,-73.75316713495378,Closed
70241688,2026-08-30T17:43:37.000,Damaged Tree,Branch or Limb Has Fallen Down,1418 EAST 29 STREET,BROOKLYN,40.61659176492537,-73.94598161802071,In Progress
70248299,2026-08-30T17:19:38.000,Damaged Tree,Tree Leaning/Uprooted,123 WEST 119 STREET,MANHATTAN,40.80434315974836,-73.94916322517504,Closed
70243000,2026-08-30T17:18:18.000,Damaged Tree,Branch Cracked and Will Fall,12 EAST 97 STREET,MANHATTAN,40.788066235545585,-73.9540796942858,In Progress
70242992,2026-08-30T16:58:45.000,Damaged Tree,Tree Leaning/Uprooted,56 BAY 7 STREET,BROOKLYN,40.61125147714944,-74.0120583493004,In Progress
70240378,2026-08-30T16:38:25.000,Damaged Tree,Tree Alive - in Poor Condition,47 CLAREMONT AVENUE,MANHATTAN,40.81009335844755,-73.96369159055986,In Progress
70240371,2026-08-30T16:29:30.000,Damaged Tree,Tree Leaning/Uprooted,157 MANHATTAN AVENUE,BROOKLYN,40.70837401513362,-73.94509208054345,In Progress
70240375,2026-08-30T16:21:43.000,Damaged Tree,Branch Cracked and Will Fall,480 EASTERN PARKWAY,BROOKLYN,40.669961514725614,-73.95252802055411,In Progress
70241689,2026-08-30T16:19:44.000,Damaged Tree,Branch Cracked and Will Fall,803 WILLOUGHBY AVENUE,BROOKLYN,40.69535930489831,-73.93632169737559,In Progress
70246990,2026-08-30T16:16:25.000,Damaged Tree,Branch Cracked and Will Fall,176 WEST 137 STREET,MANHATTAN,40.816207881047966,-73.94184195568272,In Progress
70249617,2026-08-30T16:14:14.000,Damaged Tree,Tree Leaning/Uprooted,1846 EAST 34 STREET,BROOKLYN,40.611258740898194,-73.93554472480531,In Progress
70245689,2026-08-30T16:11:08.000,Damaged Tree,Branch or Limb Has Fallen Down,78-03 66 ROAD,QUEENS,40.71459941487969,-73.87513888472081,In Progress
70242998,2026-08-30T15:42:07.000,Damaged Tree,Branch Cracked and Will Fall,18 STREET,BROOKLYN,40.65407960126911,-73.97759772458647,In Progress
70248307,2026-08-30T15:39:58.000,Damaged Tree,Branch Cracked and Will Fall,34-36 34 STREET,QUEENS,40.757924962451064,-73.92537175383933,Closed
70248306,2026-08-30T15:21:21.000,Damaged Tree,Branch or Limb Has Fallen Down,158-52 80 STREET,QUEENS,40.658216712664014,-73.85233974183475,In Progress
70240377,2026-08-30T15:09:51.000,Damaged Tree,Branch or Limb Has Fallen Down,14 WEST 104 STREET,MANHATTAN,40.796931676710905,-73.96146673635018,In Progress
70248298,2026-08-30T14:53:46.000,Damaged Tree,Tree Trunk Split,CONEY ISLAND CREEK PARK,BROOKLYN,40.58130902603763,-74.004248050468,In Progress
70241690,2026-08-30T14:49:39.000,Damaged Tree,Branch or Limb Has Fallen Down,3642 BROADWAY,MANHATTAN,40.82974503226619,-73.94802002328248,Closed
70241680,2026-08-30T14:40:04.000,Damaged Tree,Entire Tree Has Fallen Down,1001 JEROME AVENUE,BRONX,40.831366424975315,-73.92649269964271,Closed
70248305,2026-08-30T14:19:14.000,Damaged Tree,Branch Cracked and Will Fall,93-49 213 STREET,QUEENS,40.71850138689732,-73.74602412074191,In Progress
70246987,2026-08-30T14:16:06.000,Damaged Tree,Entire Tree Has Fallen Down,18 AVENUE,BROOKLYN,40.62432182804097,-73.9849637376358,In Progress
70240366,2026-08-30T14:06:54.000,Damaged Tree,Tree Alive - in Poor Condition,751 TRINITY AVENUE,BRONX,40.81897968795557,-73.90764703592707,Closed
70246979,2026-08-30T13:45:00.000,Damaged Tree,Tree Leaning/Uprooted,919A EAST 215 STREET,BRONX,40.8787884205577,-73.85787439925515,Closed
70249631,2026-08-30T13:19:54.000,Damaged Tree,Entire Tree Has Fallen Down,16 LEYDEN AVENUE,STATEN ISLAND,40.632842911349705,-74.15869722362085,Closed
70243004,2026-08-30T13:11:09.000,Damaged Tree,Tree Alive - in Poor Condition,76-29 172 STREET,QUEENS,40.725698061701976,-73.79716329372134,In Progress
70244353,2026-08-30T13:06:49.000,Damaged Tree,Tree Leaning/Uprooted,1777 BEDFORD AVENUE,BROOKLYN,40.6625716204822,-73.9570928822611,In Progress
70241697,2026-08-30T13:06:42.000,Damaged Tree,Branch Cracked and Will Fall,90-03 214 STREET,QUEENS,40.72266396028115,-73.74795641210765,Closed
70248295,2026-08-30T13:03:58.000,Damaged Tree,Entire Tree Has Fallen Down,13 AVENUE,BROOKLYN,40.61405370301212,-74.01390658335957,Closed
70245683,2026-08-30T12:02:55.000,Damaged Tree,Branch Cracked and Will Fall,1502 8 AVENUE,BROOKLYN,40.66204852171128,-73.9823204170758,In Progress
70249621,2026-08-30T11:30:57.000,Damaged Tree,Tree Alive - in Poor Condition,RIVERSIDE PARK,MANHATTAN,40.800245180318555,-73.97335875005403,In Progress
70248297,2026-08-30T11:30:31.000,Damaged Tree,Branch Cracked and Will Fall,754 53 STREET,BROOKLYN,40.64004477571682,-74.00648578089323,In Progress
70242989,2026-08-30T11:10:02.000,Damaged Tree,Entire Tree Has Fallen Down,2248 LAFAYETTE AVENUE,BRONX,40.82345560531893,-73.84750722666443,In Progress
70241700,2026-08-30T11:04:18.000,Damaged Tree,Branch or Limb Has Fallen Down,141 MANHATTAN STREET,STATEN ISLAND,40.506782200193754,-74.24325736008058,Closed
70242997,2026-08-30T10:42:11.000,Damaged Tree,Branch Cracked and Will Fall,1123 EAST 85 STREET,BROOKLYN,40.63408278360766,-73.90538809821298,In Progress
70249627,2026-08-30T10:27:41.000,Damaged Tree,Branch or Limb Has Fallen Down,70-01 60 AVENUE,QUEENS,40.72294445038004,-73.88950352983186,In Progress
70246989,2026-08-30T10:17:00.000,Damaged Tree,Branch Cracked and Will Fall,457 57 STREET,BROOKLYN,40.64178961396936,-74.0153789093399,In Progress
70240373,2026-08-30T10:13:14.000,Damaged Tree,Branch Cracked and Will Fall,480 EASTERN PARKWAY,BROOKLYN,40.669961514725614,-73.95252802055411,In Progress
70244362,2026-08-30T09:50:36.000,Damaged Tree,Entire Tree Has Fallen Down,39 AVENUE,QUEENS,40.74924823401599,-73.91652469440243,In Progress
70244361,2026-08-30T09:47:00.000,Damaged Tree,Entire Tree Has Fallen Down,86-24 232 STREET,QUEENS,40.73253604199792,-73.7377438669582,In Progress
70242993,2026-08-30T09:36:31.000,Damaged Tree,Tree Alive - in Poor Condition,196A 13 STREET,BROOKLYN,40.66830216892717,-73.9914747943654,In Progress
70241696,2026-08-30T09:28:48.000,Damaged Tree,Tree Leaning/Uprooted,77-27 KEW FOREST LANE,QUEENS,40.71503020790311,-73.83378072393783,In Progress
70240372,2026-08-30T09:23:47.000,Damaged Tree,Branch or Limb Has Fallen Down,4422 6 AVENUE,BROOKLYN,40.64696720549382,-74.00481078656874,In Progress
70242999,2026-08-30T09:09:15.000,Damaged Tree,Tree Alive - in Poor Condition,2 AVENUE,MANHATTAN,40.780436870370714,-73.94988197391493,In Progress
70244364,2026-08-30T08:52:17.000,Damaged Tree,Entire Tree Has Fallen Down,ALLEY POND PARK,QUEENS,40.75284189973842,-73.7463696244017,In Progress
70244363,2026-08-30T08:34:48.000,Damaged Tree,Branch Cracked and Will Fall,34-39 28 STREET,QUEENS,40.76014297804775,-73.93016657288157,In Progress
70246988,2026-08-30T08:22:28.000,Damaged Tree,Branch or Limb Has Fallen Down,50 STREET,BROOKLYN,40.6284936073475,-73.98281205269393,In Progress
70246997,2026-08-30T08:18:02.000,Damaged Tree,Branch or Limb Has Fallen Down,111-12 39 AVENUE,QUEENS,40.752479362119395,-73.85594943506246,In Progress
70246995,2026-08-30T08:04:01.000,Damaged Tree,Tree Leaning/Uprooted,136-14 72 AVENUE,QUEENS,40.7252630892542,-73.82660809784633,Closed
70245682,2026-08-30T07:42:16.000,Damaged Tree,Tree Alive - in Poor Condition,1936 BROWN STREET,BROOKLYN,40.604311676898256,-73.94066885620634,In Progress
70244347,2026-08-30T06:32:35.000,Damaged Tree,Tree Leaning/Uprooted,455 JACKSON AVENUE,BRONX,40.81096413647242,-73.90989788772801,In Progress
70248309,2026-08-30T05:31:28.000,Damaged Tree,Branch or Limb Has Fallen Down,710 MAGUIRE AVENUE,STATEN ISLAND,40.54429175173492,-74.21203680499403,In Progress
70240390,2026-08-30T04:28:43.000,Damaged Tree,Tree Alive - in Poor Condition,674 STEWART AVENUE,STATEN ISLAND,40.60668472942721,-74.14649826979594,Closed
70236576,2026-08-29T23:45:04.000,Damaged Tree,Tree Leaning/Uprooted,25-02 GILLMORE STREET,QUEENS,40.76509224278102,-73.86804447201698,In Progress
70238999,2026-08-29T23:25:22.000,Damaged Tree,Tree Leaning/Uprooted,136-14 72 AVENUE,QUEENS,40.7252630892542,-73.82660809784633,Closed
70232899,2026-08-29T23:20:58.000,Damaged Tree,Tree Leaning/Uprooted,716 OCEAN PARKWAY,BROOKLYN,40.631057806635724,-73.97177984371524,Closed
70238994,2026-08-29T22:57:11.000,Damaged Tree,Branch or Limb Has Fallen Down,66 BAINBRIDGE STREET,BROOKLYN,40.68052296008592,-73.93479275323519,In Progress
70231110,2026-08-29T22:34:01.000,Damaged Tree,Branch or Limb Has Fallen Down,,Unspecified,,,In Progress
70230529,2026-08-29T22:30:42.000,Damaged Tree,Branch or Limb Has Fallen Down,3110 NOSTRAND AVENUE,BROOKLYN,40.6084686787293,-73.94340590947847,Closed
70237819,2026-08-29T21:25:18.000,Damaged Tree,Branch Cracked and Will Fall,331 EAST 8 STREET,MANHATTAN,40.72499101237226,-73.97909277311462,Closed
70232911,2026-08-29T20:13:14.000,Damaged Tree,Entire Tree Has Fallen Down,32-40 93 STREET,QUEENS,40.75778838745408,-73.87536113112247,In Progress
70235306,2026-08-29T20:11:12.000,Damaged Tree,Branch or Limb Has Fallen Down,721 EAST 217 STREET,BRONX,40.88190404967577,-73.8627425434966,In Progress
70234133,2026-08-29T19:56:12.000,Damaged Tree,Entire Tree Has Fallen Down,90-12 178 STREET,QUEENS,40.70973006491805,-73.78416179840038,Closed
70234134,2026-08-29T19:01:54.000,Damaged Tree,Branch or Limb Has Fallen Down,231-14 125 AVENUE,QUEENS,40.68462203597478,-73.7336343884525,Closed
70234120,2026-08-29T18:59:05.000,Damaged Tree,Entire Tree Has Fallen Down,182 15 STREET,BROOKLYN,40.66610352120117,-73.99044415425459,Closed
70235897,2026-08-29T18:51:26.000,Damaged Tree,Entire Tree Has Fallen Down,,Unspecified,,,Closed
70230531,2026-08-29T18:06:40.000,Damaged Tree,Branch or Limb Has Fallen Down,9129 KINGS HIGHWAY,BROOKLYN,40.65601751134027,-73.92149604280402,In Progress
70230532,2026-08-29T17:50:24.000,Damaged Tree,Branch Cracked and Will Fall,1274 BEDFORD AVENUE,BROOKLYN,40.68014219454432,-73.953281508284,In Progress
70230546,2026-08-29T17:46:19.000,Damaged Tree,Branch Cracked and Will Fall,89-12 146 STREET,QUEENS,40.703159908894456,-73.80951245173163,In Progress
70231740,2026-08-29T17:19:35.000,Damaged Tree,Branch or Limb Has Fallen Down,64-48 ALDERTON STREET,QUEENS,40.722187195686104,-73.85955402217617,In Progress
70237816,2026-08-29T17:18:46.000,Damaged Tree,Branch or Limb Has Fallen Down,655 CARLTON AVENUE,BROOKLYN,40.67757648943176,-73.9722901295061,In Progress
70236575,2026-08-29T17:08:55.000,Damaged Tree,Tree Trunk Split,134-09 BOOTH MEMORIAL AVENUE,QUEENS,40.748014763968165,-73.83054771791613,Closed
70232912,2026-08-29T16:45:37.000,Damaged Tree,Branch or Limb Has Fallen Down,90-12 178 STREET,QUEENS,40.70973006491805,-73.78416179840038,Closed
70231733,2026-08-29T16:25:13.000,Damaged Tree,Tree Leaning/Uprooted,SOUTH 1 STREET,BROOKLYN,40.71504601178742,-73.96480029621546,In Progress
70237826,2026-08-29T16:19:12.000,Damaged Tree,Branch or Limb Has Fallen Down,90-12 178 STREET,QUEENS,40.70973006491805,-73.78416179840038,Closed
70234122,2026-08-29T16:14:17.000,Damaged Tree,Branch or Limb Has Fallen Down,558 GATES AVENUE,BROOKLYN,40.68705723403246,-73.94320579631614,In Progress
70236570,2026-08-29T16:11:25.000,Damaged Tree,Branch Cracked and Will Fall,676 EAST 31 STREET,BROOKLYN,40.634757212664006,-73.94688926300343,In Progress
70232903,2026-08-29T15:59:31.000,Damaged Tree,Branch Cracked and Will Fall,112 CHARLES STREET,MANHATTAN,40.7344841268244,-74.00584186754557,In Progress
70237832,2026-08-29T15:53:26.000,Damaged Tree,Branch or Limb Has Fallen Down,186 CHESTERTON AVENUE,STATEN ISLAND,40.55884536611708,-74.12826242954283,Closed
70234135,2026-08-29T15:25:25.000,Damaged Tree,Branch Cracked and Will Fall,38-11 204 STREET,QUEENS,40.76344369825109,-73.7819914586494,Closed
70230528,2026-08-29T15:12:27.000,Damaged Tree,Tree Alive - in Poor Condition,1406 OCEAN PARKWAY,BROOKLYN,40.61446747474936,-73.96863885679137,In Progress
70237817,2026-08-29T15:11:57.000,Damaged Tree,Branch or Limb Has Fallen Down,1231 BAY RIDGE PARKWAY,BROOKLYN,40.62115498425752,-74.00881816572674,In Progress
70230547,2026-08-29T15:10:24.000,Damaged Tree,Branch Cracked and Will Fall,175 3 STREET,STATEN ISLAND,40.573553030561015,-74.11972715590191,Closed
70231744,2026-08-29T15:05:51.000,Damaged Tree,Tree Alive - in Poor Condition,437 DECATUR AVENUE,STATEN ISLAND,40.609903433848544,-74.14507910355113,In Progress
70230530,2026-08-29T15:05:31.000,Damaged Tree,Branch or Limb Has Fallen Down,2202 NATIONAL DRIVE,BROOKLYN,40.60709074504272,-73.91633869819232,In Progress
70230543,2026-08-29T14:55:24.000,Damaged Tree,Entire Tree Has Fallen Down,172-14 67 AVENUE,QUEENS,40.73464076824987,-73.79731648803997,Closed
70230541,2026-08-29T14:48:18.000,Damaged Tree,Entire Tree Has Fallen Down,223 STREET,QUEENS,40.76037931769961,-73.75800036912884,In Progress
70232910,2026-08-29T14:40:15.000,Damaged Tree,Tree Alive - in Poor Condition,149-32 HAWTHORN AVENUE,QUEENS,40.75562429744906,-73.81179520504331,In Progress
70239002,2026-08-29T14:39:27.000,Damaged Tree,Branch or Limb Has Fallen Down,94-02 69 AVENUE,QUEENS,40.71561897786984,-73.85295928519646,In Progress
70232913,2026-08-29T14:16:13.000,Damaged Tree,Branch or Limb Has Fallen Down,163-68 25 AVENUE,QUEENS,40.77463207242342,-73.80060669457835,Closed
70231731,2026-08-29T14:05:09.000,Damaged Tree,Branch or Limb Has Fallen Down,1235 GRAND CONCOURSE,BRONX,40.835465919864326,-73.91678512639237,Closed
70232914,2026-08-29T13:39:50.000,Damaged Tree,Branch Cracked and Will Fall,85-05 144 STREET,QUEENS,40.710029498257455,-73.81250827501687,Closed
70238998,2026-08-29T13:29:56.000,Damaged Tree,Tree Leaning/Uprooted,24-52 CRESCENT STREET,QUEENS,40.77412641354202,-73.92014008192311,In Progress
70231742,2026-08-29T13:19:56.000,Damaged Tree,Branch or Limb Has Fallen Down,102-41 46 AVENUE,QUEENS,40.74585238718503,-73.86173445729675,Closed
70232915,2026-08-29T12:59:51.000,Damaged Tree,Branch or Limb Has Fallen Down,89 PRESTON AVENUE,STATEN ISLAND,40.53955028087421,-74.16416020659841,Closed
70234117,2026-08-29T12:49:45.000,Damaged Tree,Entire Tree Has Fallen Down,9001 7 AVENUE,BROOKLYN,40.61592434006546,-74.02224899591306,Closed
70230527,2026-08-29T12:45:23.000,Damaged Tree,Tree Alive - in Poor Condition,8843 19 AVENUE,BROOKLYN,40.600953498824694,-74.00561771909099,In Progress
70239004,2026-08-29T12:37:31.000,Damaged Tree,Branch or Limb Has Fallen Down,FLAGG PLACE,STATEN ISLAND,40.59103323279274,-74.10126236913423,Closed
70232909,2026-08-29T12:37:25.000,Damaged Tree,Tree Leaning/Uprooted,141-08 LABURNUM AVENUE,QUEENS,40.75015596132212,-73.81640874355337,Closed
70230542,2026-08-29T12:06:36.000,Damaged Tree,Entire Tree Has Fallen Down,109-04 109 AVENUE,QUEENS,40.67984040174799,-73.83064523511962,Closed
70239000,2026-08-29T12:00:55.000,Damaged Tree,Entire Tree Has Fallen Down,59-81 MAURICE AVENUE,QUEENS,40.72820170794066,-73.9061456436328,In Progress
70230545,2026-08-29T11:50:56.000,Damaged Tree,Branch Cracked and Will Fall,146-23 25 ROAD,QUEENS,40.77598044977096,-73.82110350414129,In Progress
70233450,2026-08-29T11:38:50.000,Damaged Tree,Tree Alive - in Poor Condition,,Unspecified,,,Closed
70236578,2026-08-29T11:36:50.000,Damaged Tree,Branch or Limb Has Fallen Down,93-15 215 STREET,QUEENS,40.719629931868646,-73.74251690893252,Closed
70231734,2026-08-29T11:16:08.000,Damaged Tree,Entire Tree Has Fallen Down,50 COLUMBIA STREET,BROOKLYN,40.69001638736508,-74.0002884729616,In Progress
70236568,2026-08-29T11:10:58.000,Damaged Tree,Branch or Limb Has Fallen Down,871 54 STREET,BROOKLYN,40.638019214314575,-74.0046011615503,In Progress
70235321,2026-08-29T11:02:42.000,Damaged Tree,Branch Cracked and Will Fall,175 3 STREET,STATEN ISLAND,40.573553030561015,-74.11972715590191,Closed
70235310,2026-08-29T10:40:31.000,Damaged Tree,Branch or Limb Has Fallen Down,140 HOWARD AVENUE,BROOKLYN,40.6835521829923,-73.92013317461881,In Progress
70237831,2026-08-29T10:34:30.000,Damaged Tree,Branch or Limb Has Fallen Down,3741 RICHMOND AVENUE,STATEN ISLAND,40.54659076404303,-74.16604855569922,Closed
70238993,2026-08-29T10:34:25.000,Damaged Tree,Tree Alive - in Poor Condition,1727 WEST 5 STREET,BROOKLYN,40.605466753649544,-73.97817224519817,In Progress
70235305,2026-08-29T10:29:48.000,Damaged Tree,Tree Leaning/Uprooted,3160 EAST TREMONT AVENUE,BRONX,40.83731744306584,-73.83431362365103,Closed
70237818,2026-08-29T10:18:42.000,Damaged Tree,Branch or Limb Has Fallen Down,23 CATON PLACE,BROOKLYN,40.64917120871122,-73.97415783476858,In Progress
70236577,2026-08-29T10:18:42.000,Damaged Tree,Branch or Limb Has Fallen Down,93-15 215 STREET,QUEENS,40.719629931868646,-73.74251690893252,Closed
70236569,2026-08-29T10:09:31.000,Damaged Tree,Branch Cracked and Will Fall,1234 BAYRIDGE PARKWAY,BROOKLYN,40.621105581593085,-74.00877133074005,In Progress
70232900,2026-08-29T10:04:17.000,Damaged Tree,Tree Leaning/Uprooted,383 HERKIMER STREET,BROOKLYN,40.67914814349748,-73.94043643157374,In Progress
70237815,2026-08-29T10:03:37.000,Damaged Tree,Entire Tree Has Fallen Down,1234 BAYRIDGE PARKWAY,BROOKLYN,40.621105581593085,-74.00877133074005,In Progress
70237827,2026-08-29T09:57:33.000,Damaged Tree,Branch or Limb Has Fallen Down,50-45 203 STREET,QUEENS,40.75082047130117,-73.77621110603805,In Progress
70232902,2026-08-29T09:54:58.000,Damaged Tree,Tree Alive - in Poor Condition,68 COLUMBIA HEIGHTS,BROOKLYN,40.700792244875615,-73.99516008388309,In Progress
70231741,2026-08-29T09:48:41.000,Damaged Tree,Branch or Limb Has Fallen Down,187-05 UNION TURNPIKE,QUEENS,40.728980352405394,-73.7819021566088,In Progress
70232901,2026-08-29T09:39:25.000,Damaged Tree,Branch or Limb Has Fallen Down,6 JACKSON PLACE,BROOKLYN,40.662814835753466,-73.98611569100827,Closed
70239001,2026-08-29T09:34:14.000,Damaged Tree,Entire Tree Has Fallen Down,104-19 47 AVENUE,QUEENS,40.74586567613924,-73.85911073073319,In Progress
70230540,2026-08-29T09:29:40.000,Damaged Tree,Tree Alive - in Poor Condition,11-07A 46 AVENUE,QUEENS,40.746325184151495,-73.94982823859708,In Progress
70237825,2026-08-29T09:10:08.000,Damaged Tree,Entire Tree Has Fallen Down,82-09 GRENFELL STREET,QUEENS,40.71006004265882,-73.83230703253149,In Progress
70234121,2026-08-29T08:56:52.000,Damaged Tree,Branch or Limb Has Fallen Down,248 MADISON STREET,BROOKLYN,40.68490798850171,-73.94886847609091,In Progress
70235312,2026-08-29T08:55:41.000,Damaged Tree,Entire Tree Has Fallen Down,2935 BROADWAY,MANHATTAN,40.80719518414979,-73.96450593014042,In Progress
70237824,2026-08-29T08:43:53.000,Damaged Tree,Tree Alive - in Poor Condition,55-24 138 STREET,QUEENS,40.74895071449983,-73.82684960968764,In Progress
70231735,2026-08-29T08:42:00.000,Damaged Tree,Branch or Limb Has Fallen Down,66 BAINBRIDGE STREET,BROOKLYN,40.68052296008592,-73.93479275323519,In Progress
70231737,2026-08-29T08:24:11.000,Damaged Tree,Entire Tree Has Fallen Down,BROADWAY,MANHATTAN,40.807337874126645,-73.96439026146395,In Progress
70234123,2026-08-29T07:53:18.000,Damaged Tree,Branch or Limb Has Fallen Down,1 ALBANY AVENUE,BROOKLYN,40.680700658526554,-73.9384845185446,In Progress
70230544,2026-08-29T07:52:38.000,Damaged Tree,Branch or Limb Has Fallen Down,114 PLACE,QUEENS,40.67137325896475,-73.8254720579759,In Progress
70237814,2026-08-29T07:16:38.000,Damaged Tree,Tree Leaning/Uprooted,1846 EAST 34 STREET,BROOKLYN,40.611258740898194,-73.93554472480531,In Progress
70236563,2026-08-29T04:56:04.000,Damaged Tree,Entire Tree Has Fallen Down,774 MAGENTA STREET,BRONX,40.87480230241881,-73.86402639769481,Closed
70239003,2026-08-29T03:30:08.000,Damaged Tree,Branch or Limb Has Fallen Down,76 VALDEMAR AVENUE,STATEN ISLAND,40.52898443478729,-74.2010526523838,Closed
70238995,2026-08-29T02:39:11.000,Damaged Tree,Branch or Limb Has Fallen Down,1231 BAYRIDGE PARKWAY,BROOKLYN,40.62115498425752,-74.00881816572674,In Progress
70223526,2026-08-29T01:43:07.000,Damaged Tree,Branch or Limb Has Fallen Down,90-26 215 STREET,QUEENS,40.72326136726536,-73.74627295251527,In Progress
70223509,2026-08-29T00:41:05.000,Damaged Tree,Branch or Limb Has Fallen Down,72 88 STREET,BROOKLYN,40.62357814038957,-74.03812698415989,In Progress
70221994,2026-08-28T21:54:44.000,Damaged Tree,Entire Tree Has Fallen Down,1504 8 AVENUE,BROOKLYN,40.662037543702844,-73.98232762878466,In Progress
70226399,2026-08-28T21:19:22.000,Damaged Tree,Branch Cracked and Will Fall,263 BRYANT AVENUE,STATEN ISLAND,40.574454325131455,-74.10762305988845,In Progress
70221985,2026-08-28T20:57:41.000,Damaged Tree,Branch Cracked and Will Fall,1242 ALLERTON AVENUE,BRONX,40.86534761795212,-73.85132305343917,Closed
70229362,2026-08-28T19:44:52.000,Damaged Tree,Branch or Limb Has Fallen Down,119-52 167 STREET,QUEENS,40.68275647866531,-73.77803677412979,In Progress
70229349,2026-08-28T19:40:48.000,Damaged Tree,Branch or Limb Has Fallen Down,15 STREET,BROOKLYN,40.66214183031337,-73.9822302822135,In Progress
70229334,2026-08-28T19:34:27.000,Damaged Tree,Branch Cracked and Will Fall,CHARLES M LEE TRIANGLE,BRONX,40.85590399757832,-73.8608477635144,In Progress
70223529,2026-08-28T19:28:59.000,Damaged Tree,Branch Cracked and Will Fall,214 STREET,QUEENS,40.72283183191531,-73.74815780857023,Closed
70219103,2026-08-28T19:21:16.000,Damaged Tree,Entire Tree Has Fallen Down,422 15 STREET,BROOKLYN,40.66198533073924,-73.98192755456988,In Progress
70219106,2026-08-28T19:20:25.000,Damaged Tree,Branch or Limb Has Fallen Down,4709 TILDEN AVENUE,BROOKLYN,40.64801809206123,-73.93271999347725,In Progress
70227850,2026-08-28T19:15:56.000,Damaged Tree,Tree Leaning/Uprooted,1117 71 STREET,BROOKLYN,40.62489613016581,-74.00887269591541,In Progress
70220530,2026-08-28T19:14:00.000,Damaged Tree,Entire Tree Has Fallen Down,1504 8 AVENUE,BROOKLYN,40.662037543702844,-73.98232762878466,In Progress
70229352,2026-08-28T19:11:19.000,Damaged Tree,Entire Tree Has Fallen Down,1504 8 AVENUE,BROOKLYN,40.662037543702844,-73.98232762878466,In Progress
70222020,2026-08-28T18:54:53.000,Damaged Tree,Tree Alive - in Poor Condition,30 SUMMIT PLACE,STATEN ISLAND,40.5382589253927,-74.17614467265712,Closed
70227869,2026-08-28T18:54:42.000,Damaged Tree,Branch or Limb Has Fallen Down,114-29 125 STREET,QUEENS,40.67964869678577,-73.81488669859357,In Progress
70222015,2026-08-28T18:39:04.000,Damaged Tree,Branch or Limb Has Fallen Down,23-55 BROADWAY,QUEENS,40.76429841874577,-73.9299997688131,In Progress
70225000,2026-08-28T18:37:24.000,Damaged Tree,Branch or Limb Has Fallen Down,89-01 214 STREET,QUEENS,40.724548735888725,-73.7500706675052,In Progress
70219102,2026-08-28T18:35:34.000,Damaged Tree,Tree Trunk Split,OCEAN PARKWAY,BROOKLYN,40.6307476287109,-73.97171152338811,Closed
70229368,2026-08-28T18:35:15.000,Damaged Tree,Branch Cracked and Will Fall,366 BRYSON AVENUE,STATEN ISLAND,40.612352145825774,-74.144799889253,In Progress
70220534,2026-08-28T18:34:09.000,Damaged Tree,Branch or Limb Has Fallen Down,909 EAST 15 STREET,BROOKLYN,40.62707770460595,-73.9617413262306,In Progress
70222021,2026-08-28T18:31:54.000,Damaged Tree,Branch or Limb Has Fallen Down,366 BRYSON AVENUE,STATEN ISLAND,40.612352145825774,-74.144799889253,In Progress
70222012,2026-08-28T18:26:16.000,Damaged Tree,Branch or Limb Has Fallen Down,90-03 214 STREET,QUEENS,40.72266396028115,-73.74795641210765,Closed
70227851,2026-08-28T18:06:21.000,Damaged Tree,Entire Tree Has Fallen Down,51 IRVING PLACE,BROOKLYN,40.68364702878265,-73.9599205091581,In Progress
70221995,2026-08-28T17:54:50.000,Damaged Tree,Entire Tree Has Fallen Down,198 BAY 32 STREET,BROOKLYN,40.59707792756649,-73.99646752400294,In Progress
70219108,2026-08-28T17:50:34.000,Damaged Tree,Branch Cracked and Will Fall,349 48 STREET,BROOKLYN,40.648179835092,-74.01237133371055,In Progress
70220549,2026-08-28T17:45:19.000,Damaged Tree,Branch or Limb Has Fallen Down,220-55 46 AVENUE,QUEENS,40.76012674225072,-73.75928273785192,In Progress
70229348,2026-08-28T17:36:11.000,Damaged Tree,Branch or Limb Has Fallen Down,410 CLINTON AVENUE,BROOKLYN,40.68585343472289,-73.96737213846095,Closed
70226379,2026-08-28T17:26:18.000,Damaged Tree,Entire Tree Has Fallen Down,2753 EAST 21 STREET,BROOKLYN,40.58507402044116,-73.94763802306478,In Progress
70224983,2026-08-28T17:26:17.000,Damaged Tree,Branch Cracked and Will Fall,248 CRESCENT STREET,BROOKLYN,40.68311348782003,-73.87202496200428,In Progress
70225008,2026-08-28T17:26:07.000,Damaged Tree,Entire Tree Has Fallen Down,53-11 SPRINGFIELD BOULEVARD,QUEENS,40.75420089104253,-73.76063602056774,In Progress
70225005,2026-08-28T17:20:22.000,Damaged Tree,Branch or Limb Has Fallen Down,32-18 172 STREET,QUEENS,40.76821877947115,-73.79348500737846,Closed
70226398,2026-08-28T17:11:59.000,Damaged Tree,Branch Cracked and Will Fall,42 ORBIT LANE,STATEN ISLAND,40.59614599273347,-74.15993511844825,Closed
70220556,2026-08-28T17:09:20.000,Damaged Tree,Branch Cracked and Will Fall,83 AVENUE,QUEENS,40.735845082770425,-73.72432560284092,Closed
70220548,2026-08-28T17:07:25.000,Damaged Tree,Tree Alive - in Poor Condition,86-37 111 STREET,QUEENS,40.697949584336094,-73.83767849438507,In Progress
70226384,2026-08-28T17:06:25.000,Damaged Tree,Tree Trunk Split,526 WEST 147 STREET,MANHATTAN,40.826909545027505,-73.947585025272,In Progress
70225006,2026-08-28T16:41:27.000,Damaged Tree,Branch or Limb Has Fallen Down,160 BEACH 116 STREET,QUEENS,40.578903837200706,-73.83666824693822,Closed
70223535,2026-08-28T16:41:20.000,Damaged Tree,Branch or Limb Has Fallen Down,464 OAKDALE STREET,STATEN ISLAND,40.54012736861426,-74.16560075645474,Closed
70223524,2026-08-28T16:40:38.000,Damaged Tree,Branch or Limb Has Fallen Down,97-15 109 AVENUE,QUEENS,40.67825464191018,-73.84076207922159,Closed
70224998,2026-08-28T16:35:21.000,Damaged Tree,Tree Leaning/Uprooted,244-26 86 ROAD,QUEENS,40.73096356342428,-73.72263192846523,In Progress
70221997,2026-08-28T16:34:02.000,Damaged Tree,Branch or Limb Has Fallen Down,44 POWERS STREET,BROOKLYN,40.71183449842225,-73.94964498838702,In Progress
70223527,2026-08-28T16:29:18.000,Damaged Tree,Branch Cracked and Will Fall,159-15 OAK AVENUE,QUEENS,40.750141353153495,-73.80746163942236,Closed
70220531,2026-08-28T16:28:44.000,Damaged Tree,Entire Tree Has Fallen Down,1874 EAST 35 STREET,BROOKLYN,40.6113734009808,-73.9344461062567,In Progress
70220550,2026-08-28T16:25:18.000,Damaged Tree,Branch or Limb Has Fallen Down,97-15 109 AVENUE,QUEENS,40.67825464191018,-73.84076207922159,Closed
70223510,2026-08-28T16:14:15.000,Damaged Tree,Branch or Limb Has Fallen Down,1355 45 STREET,BROOKLYN,40.636558514702614,-73.98860003405204,In Progress
70225004,2026-08-28T16:08:01.000,Damaged Tree,Branch or Limb Has Fallen Down,35-04 31 AVENUE,QUEENS,40.762749464836695,-73.92014650341116,In Progress
70220557,2026-08-28T15:59:35.000,Damaged Tree,Branch Cracked and Will Fall,35-20 33 STREET,QUEENS,40.756932584099076,-73.9272787005498,In Progress
70220555,2026-08-28T15:34:46.000,Damaged Tree,Branch Cracked and Will Fall,108-25 67 AVENUE,QUEENS,40.729052651388486,-73.8472542125947,In Progress
70220528,2026-08-28T15:22:46.000,Damaged Tree,Tree Leaning/Uprooted,2311 EAST 21 STREET,BROOKLYN,40.596048658017935,-73.94971070132536,In Progress
70226380,2026-08-28T14:48:09.000,Damaged Tree,Branch or Limb Has Fallen Down,BAY 10 STREET,BROOKLYN,40.60925890570179,-74.01053813528588,In Progress
70226393,2026-08-28T14:39:15.000,Damaged Tree,Entire Tree Has Fallen Down,51-04 ROBINSON STREET,QUEENS,40.74824081329054,-73.81342210104467,In Progress
70219128,2026-08-28T14:38:36.000,Damaged Tree,Tree Alive - in Poor Condition,188 HOLDEN BOULEVARD,STATEN ISLAND,40.60415473632835,-74.12747796490787,In Progress
70227853,2026-08-28T14:34:03.000,Damaged Tree,Branch Cracked and Will Fall,821 KENT AVENUE,BROOKLYN,40.69587488408122,-73.95964629747996,In Progress
70223525,2026-08-28T14:19:12.000,Damaged Tree,Branch or Limb Has Fallen Down,231-30 MENTONE AVENUE,QUEENS,40.66683174059254,-73.74392829018247,In Progress
70224981,2026-08-28T14:16:30.000,Damaged Tree,Branch or Limb Has Fallen Down,2039 MILL AVENUE,BROOKLYN,40.616383582733185,-73.91492229627048,In Progress
70219129,2026-08-28T14:12:18.000,Damaged Tree,Branch or Limb Has Fallen Down,66 SCRIBNER AVENUE,STATEN ISLAND,40.638249454222176,-74.08389853773721,Closed
70219121,2026-08-28T14:11:54.000,Damaged Tree,Branch Cracked and Will Fall,221-04 130 AVENUE,QUEENS,40.684126309792255,-73.74501567214344,In Progress
70224982,2026-08-28T14:07:58.000,Damaged Tree,Branch or Limb Has Fallen Down,13 VANDAM STREET,BROOKLYN,40.72533515945773,-73.93685587527109,In Progress
70223528,2026-08-28T14:07:27.000,Damaged Tree,Branch Cracked and Will Fall,183-04 145 AVENUE,QUEENS,40.66499589797067,-73.76201948456901,In Progress
70229335,2026-08-28T14:00:34.000,Damaged Tree,Branch Cracked and Will Fall,271 FORDHAM PLACE,BRONX,40.84679331123651,-73.78361224978705,Closed
70223522,2026-08-28T13:47:47.000,Damaged Tree,Tree Alive - in Poor Condition,81-43 248 STREET,QUEENS,40.73982529796919,-73.72103250226853,In Progress
70229355,2026-08-28T13:42:00.000,Damaged Tree,Branch Cracked and Will Fall,331 EAST 8 STREET,MANHATTAN,40.72499101237226,-73.97909277311462,In Progress
70219112,2026-08-28T13:40:55.000,Damaged Tree,Branch Cracked and Will Fall,WEST 141 STREET,MANHATTAN,40.81652803207674,-73.93487264703299,In Progress
70224984,2026-08-28T13:36:30.000,Damaged Tree,Branch Cracked and Will Fall,220 KOSCIUSZKO STREET,BROOKLYN,40.69120877558911,-73.94622046302618,In Progress
70227872,2026-08-28T13:34:11.000,Damaged Tree,Branch or Limb Has Fallen Down,33-32 98 STREET,QUEENS,40.75645434181708,-73.87029948147863,In Progress
70227873,2026-08-28T13:29:30.000,Damaged Tree,Branch Cracked and Will Fall,25-09 BROADWAY,QUEENS,40.76331743980176,-73.92820307873986,In Progress
70225001,2026-08-28T13:27:54.000,Damaged Tree,Branch or Limb Has Fallen Down,166-17 33 AVENUE,QUEENS,40.767654816358856,-73.79896331632618,In Progress
70226401,2026-08-28T13:16:24.000,Damaged Tree,Branch Cracked and Will Fall,832 POST AVENUE,STATEN ISLAND,40.63105516675771,-74.1286534004759,Closed
70223512,2026-08-28T13:09:17.000,Damaged Tree,Branch Cracked and Will Fall,96 PARK PLACE,BROOKLYN,40.678400544902225,-73.97501177661101,In Progress
70221992,2026-08-28T12:51:40.000,Damaged Tree,Tree Trunk Split,1402 AVENUE L,BROOKLYN,40.620306143567696,-73.96125891779349,In Progress
70219120,2026-08-28T12:48:29.000,Damaged Tree,Branch or Limb Has Fallen Down,24-41 81 STREET,QUEENS,40.763985121277265,-73.88783624799748,In Progress
70227882,2026-08-28T12:42:22.000,Damaged Tree,Branch or Limb Has Fallen Down,100 GOFF AVENUE,STATEN ISLAND,40.52727225069943,-74.21290728087172,Closed
70229346,2026-08-28T12:34:57.000,Damaged Tree,Tree Trunk Split,7915 16 AVENUE,BROOKLYN,40.613889808336964,-74.00333166484698,In Progress
70226392,2026-08-28T12:29:23.000,Damaged Tree,Tree Alive - in Poor Condition,30-15 35 AVENUE,QUEENS,40.758415879778454,-73.92909632763435,In Progress
70219104,2026-08-28T12:17:35.000,Damaged Tree,Branch or Limb Has Fallen Down,115 NELSON STREET,BROOKLYN,40.67715987047288,-74.00109959114795,In Progress
70222014,2026-08-28T12:15:36.000,Damaged Tree,Branch or Limb Has Fallen Down,198-18 30 AVENUE,QUEENS,40.76977164947375,-73.79159564646997,Closed
70227870,2026-08-28T12:11:16.000,Damaged Tree,Branch or Limb Has Fallen Down,114-49 148 STREET,QUEENS,40.68499756382918,-73.79503717169959,In Progress
70229350,2026-08-28T12:07:31.000,Damaged Tree,Branch Cracked and Will Fall,1149 BROOKLYN AVENUE,BROOKLYN,40.64536129107359,-73.94317282135422,In Progress
70220560,2026-08-28T12:03:44.000,Damaged Tree,Branch Cracked and Will Fall,49 BERRY AVENUE,STATEN ISLAND,40.560733870840565,-74.17408415331214,Closed
70224976,2026-08-28T12:03:15.000,Damaged Tree,Entire Tree Has Fallen Down,1700 CROTONA AVENUE,BRONX,40.83958519358223,-73.89584756419795,Closed
70219130,2026-08-28T12:02:51.000,Damaged Tree,Branch or Limb Has Fallen Down,351 SAINT PAULS AVENUE,STATEN ISLAND,40.629667770965774,-74.0821368601673,Closed
70221996,2026-08-28T12:02:06.000,Damaged Tree,Branch or Limb Has Fallen Down,401 CLINTON AVENUE,BROOKLYN,40.685858918128766,-73.96735050165319,Closed
70229351,2026-08-28T11:53:47.000,Damaged Tree,Branch Cracked and Will Fall,56 HURON STREET,BROOKLYN,40.73257502498823,-73.95946170243438,In Progress
70226369,2026-08-28T11:47:15.000,Damaged Tree,Branch or Limb Has Fallen Down,2231 LAFAYETTE AVENUE,BRONX,40.82341770425292,-73.84790475961395,Closed
70220532,2026-08-28T11:45:55.000,Damaged Tree,Branch or Limb Has Fallen Down,1584 EAST 96 STREET,BROOKLYN,40.634515527890755,-73.89187655165928,In Progress
70224986,2026-08-28T11:41:54.000,Damaged Tree,Entire Tree Has Fallen Down,8401 RIDGE BOULEVARD,BROOKLYN,40.6255422108038,-74.03314234446192,Closed
70229333,2026-08-28T11:40:39.000,Damaged Tree,Branch or Limb Has Fallen Down,2231 LAFAYETTE AVENUE,BRONX,40.82341770425292,-73.84790475961395,Closed
70227881,2026-08-28T11:36:25.000,Damaged Tree,Branch or Limb Has Fallen Down,405 ARTHUR KILL ROAD,STATEN ISLAND,40.56419965653735,-74.15559367124688,In Progress
70264405,2026-09-01T21:34:13.000,Overgrown Tree/Branches,Hitting Building,1939 EDISON AVENUE,BRONX,40.850274806527956,-73.83212342784823,In Progress
70272484,2026-09-01T21:07:01.000,Overgrown Tree/Branches,Traffic Sign or Signal Blocked,57-42 136 STREET,QUEENS,40.746149116127384,-73.82922075809138,In Progress
70271114,2026-09-01T21:01:25.000,Overgrown Tree/Branches,Hitting Power Lines,91-38 218 STREET,QUEENS,40.72388595167593,-73.74201702553867,In Progress
70268452,2026-09-01T21:00:59.000,Overgrown Tree/Branches,Traffic Sign or Signal Blocked,57-42 136 STREET,QUEENS,40.746149116127384,-73.82922075809138,In Progress
70264406,2026-09-01T20:36:32.000,Overgrown Tree/Branches,Dead Branches in Tree,1912 TENBROECK AVENUE,BRONX,40.85384383351617,-73.85075594121729,In Progress
70268467,2026-09-01T20:09:25.000,Overgrown Tree/Branches,Hitting Building,288 DELAWARE AVENUE,STATEN ISLAND,40.589658362162815,-74.09109608677073,In Progress
70269729,2026-09-01T19:49:09.000,Overgrown Tree/Branches,Hitting Building,935 METROPOLITAN AVENUE,BROOKLYN,40.71457082475664,-73.93798431774631,In Progress
70271095,2026-09-01T19:05:06.000,Overgrown Tree/Branches,Hitting Power Lines,1862 SCHENECTADY AVENUE,BROOKLYN,40.6270110217641,-73.93068053497439,In Progress
70264404,2026-09-01T19:01:50.000,Overgrown Tree/Branches,Hitting Building,3128 FAIRFIELD AVENUE,BRONX,40.88358678149406,-73.9140885296694,In Progress
70263030,2026-09-01T18:59:04.000,Overgrown Tree/Branches,Blocking Street,234 WEST 13 STREET,MANHATTAN,40.73837358119592,-74.00141815192326,In Progress
70268432,2026-09-01T18:27:39.000,Overgrown Tree/Branches,Dead Branches in Tree,225 MAUJER STREET,BROOKLYN,40.71114435066915,-73.94129156880494,In Progress
70268454,2026-09-01T18:02:54.000,Overgrown Tree/Branches,Blocking Street,87-14 161 AVENUE,QUEENS,40.65505524724948,-73.84441067026103,In Progress
70272485,2026-09-01T18:00:47.000,Overgrown Tree/Branches,Hitting Building,62-55 99 STREET,QUEENS,40.733534341281704,-73.85757081396464,In Progress
70272463,2026-09-01T18:00:36.000,Overgrown Tree/Branches,Hitting Power Lines,8662 25 AVENUE,BROOKLYN,40.59679468052429,-73.98838356854665,In Progress
70264437,2026-09-01T17:59:53.000,Overgrown Tree/Branches,Hitting Power Lines,887 BARD AVENUE,STATEN ISLAND,40.62173135622417,-74.1069824469226,In Progress
70264414,2026-09-01T17:58:05.000,Overgrown Tree/Branches,Blocking Street,2827 WEST 22 STREET,BROOKLYN,40.577701935311445,-73.98929765084318,In Progress
70271094,2026-09-01T17:57:15.000,Overgrown Tree/Branches,Hitting Power Lines,82 HANCOCK STREET,BROOKLYN,40.68227171163769,-73.95224163418632,In Progress
70267099,2026-09-01T17:40:23.000,Overgrown Tree/Branches,Hitting Power Lines,88-27 212 PLACE,QUEENS,40.72474689565611,-73.75286236598903,In Progress
70264439,2026-09-01T17:22:17.000,Overgrown Tree/Branches,Hitting Building,154 FOCH AVENUE,STATEN ISLAND,40.59317812124583,-74.07458454970117,In Progress
70269732,2026-09-01T17:13:58.000,Overgrown Tree/Branches,Blocking Street,1342 EAST 85 STREET,BROOKLYN,40.63057992864046,-73.9015201586152,In Progress
70269746,2026-09-01T16:41:31.000,Overgrown Tree/Branches,Hitting Power Lines,67-78 CLYDE STREET,QUEENS,40.721488912634584,-73.8542414699319,In Progress
70271101,2026-09-01T16:37:32.000,Overgrown Tree/Branches,Blocking Street,2033 PITKIN AVENUE,BROOKLYN,40.67166309011898,-73.89749768832112,In Progress
70269749,2026-09-01T16:32:39.000,Overgrown Tree/Branches,Blocking Street,114-59 167 STREET,QUEENS,40.68941718779873,-73.78188732843033,In Progress
70263053,2026-09-01T16:27:39.000,Overgrown Tree/Branches,Blocking Street,DIXON AVENUE,STATEN ISLAND,40.62831079561977,-74.14877934190572,In Progress
70267104,2026-09-01T16:19:09.000,Overgrown Tree/Branches,Hitting Building,25-41 30 ROAD,QUEENS,40.7675283031481,-73.92457759892275,In Progress
70268448,2026-09-01T16:12:08.000,Overgrown Tree/Branches,Hitting Power Lines,89-88 212 PLACE,QUEENS,40.722435335778925,-73.75010384686891,In Progress
70272500,2026-09-01T16:10:12.000,Overgrown Tree/Branches,Blocking Street,65 POND STREET,STATEN ISLAND,40.55211294026776,-74.21138511061403,In Progress
70263040,2026-09-01T15:53:40.000,Overgrown Tree/Branches,Clear Street Light,155-13 115 AVENUE,QUEENS,40.68573633829757,-73.79070086073823,In Progress
70272467,2026-09-01T15:44:20.000,Overgrown Tree/Branches,Hitting Building,62 CHESTNUT STREET,BROOKLYN,40.68669465607897,-73.87634857805905,In Progress
70271119,2026-09-01T15:42:58.000,Overgrown Tree/Branches,Blocking Street,158-16 100 STREET,QUEENS,40.66133401356926,-73.83367303166837,In Progress
70265732,2026-09-01T15:38:20.000,Overgrown Tree/Branches,Blocking Street,2910 CLARENDON ROAD,BROOKLYN,40.64319037943648,-73.94951301943465,In Progress
70272486,2026-09-01T15:26:09.000,Overgrown Tree/Branches,Hitting Building,86-01 85 STREET,QUEENS,40.69350139647425,-73.85935841405829,In Progress
70272470,2026-09-01T15:26:06.000,Overgrown Tree/Branches,Blocking Street,2909 CLARENDON ROAD,BROOKLYN,40.643217751217236,-73.94934003631363,In Progress
70272462,2026-09-01T15:12:52.000,Overgrown Tree/Branches,Hitting Phone/Cable Lines,8009 12 AVENUE,BROOKLYN,40.618673329396806,-74.0126972543236,In Progress
70265727,2026-09-01T15:11:03.000,Overgrown Tree/Branches,Hitting Phone/Cable Lines,3815 AVENUE I,BROOKLYN,40.629815618856874,-73.9393708412747,In Progress
70268468,2026-09-01T15:08:48.000,Overgrown Tree/Branches,Hitting Building,74 SLEEPY HOLLOW ROAD,STATEN ISLAND,40.594590854415586,-74.16683766109324,In Progress
70265734,2026-09-01T15:01:07.000,Overgrown Tree/Branches,Blocking Street,1942 EAST 38 STREET,BROOKLYN,40.611582672052386,-73.93089824948434,In Progress
70265744,2026-09-01T14:51:17.000,Overgrown Tree/Branches,Hitting Building,85-18 86 STREET,QUEENS,40.69492805609701,-73.85885053909368,In Progress
70265747,2026-09-01T14:50:55.000,Overgrown Tree/Branches,Blocking Street,264-19 82 AVENUE,QUEENS,40.74204365029922,-73.70582317071475,In Progress
70265724,2026-09-01T14:24:04.000,Overgrown Tree/Branches,Hitting Building,1559 HOLLYWOOD AVENUE,BRONX,40.84340499953612,-73.82853014547904,In Progress
70269731,2026-09-01T14:14:09.000,Overgrown Tree/Branches,Blocking Street,798 EAST 34 STREET,BROOKLYN,40.63690236468133,-73.94420328894562,In Progress
70272469,2026-09-01T14:13:46.000,Overgrown Tree/Branches,Hitting Building,45 LINDEN BOULEVARD,BROOKLYN,40.65224316895134,-73.95752117771423,In Progress
70263036,2026-09-01T14:11:27.000,Overgrown Tree/Branches,Hitting Power Lines,171-06 108 AVENUE,QUEENS,40.6989778634263,-73.78513427442496,In Progress
70263041,2026-09-01T14:05:20.000,Overgrown Tree/Branches,Blocking Street,214-20 113 AVENUE,QUEENS,40.7042328668808,-73.74179011942708,In Progress
70264413,2026-09-01T13:59:12.000,Overgrown Tree/Branches,Blocking Street,986 CRESCENT STREET,BROOKLYN,40.66319163278389,-73.86696286340748,In Progress
70271120,2026-09-01T13:56:04.000,Overgrown Tree/Branches,Blocking Street,65-31 80 AVENUE,QUEENS,40.696425699505426,-73.88787417491454,In Progress
70271100,2026-09-01T13:54:48.000,Overgrown Tree/Branches,Blocking Street,3319 AVENUE T,BROOKLYN,40.606848260239516,-73.93150098574661,In Progress
70263054,2026-09-01T13:52:34.000,Overgrown Tree/Branches,Blocking Street,116 WIRT AVENUE,STATEN ISLAND,40.547640717201276,-74.21775064185148,In Progress
70268434,2026-09-01T13:49:32.000,Overgrown Tree/Branches,Clear Street Light,1348 EAST 19 STREET,BROOKLYN,40.61737557736591,-73.9560521435271,In Progress
70267077,2026-09-01T13:49:26.000,Overgrown Tree/Branches,Hitting Building,669 EAST 158 STREET,BRONX,40.819978724338824,-73.90759506808354,In Progress
70268453,2026-09-01T13:44:32.000,Overgrown Tree/Branches,Hitting Building,42-42 205 STREET,QUEENS,40.75987012570294,-73.77915870760025,In Progress
70271117,2026-09-01T13:43:17.000,Overgrown Tree/Branches,Hitting Building,114-41 148 STREET,QUEENS,40.68509920999793,-73.79508733845292,In Progress
70264415,2026-09-01T13:40:25.000,Overgrown Tree/Branches,Blocking Street,695 AUTUMN AVENUE,BROOKLYN,40.671494770608625,-73.86711573241517,In Progress
70269726,2026-09-01T13:35:00.000,Overgrown Tree/Branches,Hitting Power Lines,2206 EAST 21 STREET,BROOKLYN,40.5986701655063,-73.95022726790995,In Progress
70272468,2026-09-01T13:27:39.000,Overgrown Tree/Branches,Hitting Building,7018 17 AVENUE,BROOKLYN,40.617521133279254,-73.99559115716849,In Progress
70269758,2026-09-01T13:04:53.000,Overgrown Tree/Branches,Blocking Street,12 SCRANTON STREET,STATEN ISLAND,40.59982572232477,-74.09031052708482,In Progress
70267107,2026-09-01T12:57:53.000,Overgrown Tree/Branches,Clear Street Light,84-65 127 STREET,QUEENS,40.70684598338284,-73.82497522027191,In Progress
70267085,2026-09-01T12:55:58.000,Overgrown Tree/Branches,Hitting Building,1428 PACIFIC STREET,BROOKLYN,40.677263677154684,-73.9427887202377,In Progress
70267118,2026-09-01T12:54:50.000,Overgrown Tree/Branches,Traffic Sign or Signal Blocked,VICTORY BOULEVARD,STATEN ISLAND,40.60696788639071,-74.1644340228627,In Progress
70263051,2026-09-01T12:54:48.000,Overgrown Tree/Branches,Traffic Sign or Signal Blocked,VICTORY BOULEVARD,STATEN ISLAND,40.60696788639071,-74.1644340228627,In Progress
70271118,2026-09-01T12:48:45.000,Overgrown Tree/Branches,Hitting Building,51 AVENUE,QUEENS,40.74056927706798,-73.86924780895977,In Progress
70269728,2026-09-01T12:44:41.000,Overgrown Tree/Branches,Hitting Building,1159 52 STREET,BROOKLYN,40.63525801198084,-73.99701675479521,In Progress
70264407,2026-09-01T12:42:43.000,Overgrown Tree/Branches,Blocking Street,3176 CHAFFEE AVENUE,BRONX,40.81630854684932,-73.80404401201638,In Progress
70265725,2026-09-01T12:41:43.000,Overgrown Tree/Branches,Blocking Street,2310 ESPLANADE AVENUE,BRONX,40.8600433392253,-73.85444031298249,In Progress
70272488,2026-09-01T12:35:46.000,Overgrown Tree/Branches,Hitting Building,111-34 131 STREET,QUEENS,40.683005385695,-73.81139803343517,In Progress
70272489,2026-09-01T12:29:48.000,Overgrown Tree/Branches,Hitting Building,140-30 QUINCE AVENUE,QUEENS,40.74686186938924,-73.81445452707518,In Progress
70268430,2026-09-01T12:29:14.000,Overgrown Tree/Branches,Hitting Building,48 DOWNING STREET,BROOKLYN,40.68424027600715,-73.96101625500641,In Progress
70267098,2026-09-01T12:24:43.000,Overgrown Tree/Branches,Hitting Power Lines,104-04 104 STREET,QUEENS,40.681710324981,-73.83684910457191,In Progress
70267105,2026-09-01T12:06:19.000,Overgrown Tree/Branches,Dead Branches in Tree,67-17 HARROW STREET,QUEENS,40.71815058901127,-73.85587211825828,In Progress
70265746,2026-09-01T12:02:11.000,Overgrown Tree/Branches,Hitting Building,59-12 MADISON STREET,QUEENS,40.705951907150165,-73.90193900761932,In Progress
70268421,2026-09-01T11:56:33.000,Overgrown Tree/Branches,Blocking Street,760 GRAND CONCOURSE,BRONX,40.82396799829674,-73.92430045067182,In Progress
70263052,2026-09-01T11:46:43.000,Overgrown Tree/Branches,Clear Street Light,RICHMOND AVENUE,STATEN ISLAND,40.62104138554783,-74.15179258107868,In Progress
70269730,2026-09-01T11:34:47.000,Overgrown Tree/Branches,Blocking Street,2461 FLATBUSH AVENUE,BROOKLYN,40.61027112100312,-73.92298687902998,In Progress
70264422,2026-09-01T11:20:10.000,Overgrown Tree/Branches,Blocking Street,BROADWAY,MANHATTAN,40.85416834340433,-73.93370435416593,In Progress
70268433,2026-09-01T11:13:02.000,Overgrown Tree/Branches,Dead Branches in Tree,741 EAST 78 STREET,BROOKLYN,40.63529842727029,-73.91558274361591,In Progress
70272487,2026-09-01T11:10:24.000,Overgrown Tree/Branches,Hitting Building,90-52 217 STREET,QUEENS,40.72442250819236,-73.7438404897924,In Progress
70271113,2026-09-01T11:07:50.000,Overgrown Tree/Branches,Hitting Power Lines,89-07 185 STREET,QUEENS,40.7126239233569,-73.7759966696212,In Progress
70271099,2026-09-01T11:05:43.000,Overgrown Tree/Branches,Hitting Building,164 AINSLIE STREET,BROOKLYN,40.712695695493274,-73.94816180343673,In Progress
70267103,2026-09-01T10:58:52.000,Overgrown Tree/Branches,Hitting Building,89-07 185 STREET,QUEENS,40.7126239233569,-73.7759966696212,In Progress
70265743,2026-09-01T10:56:06.000,Overgrown Tree/Branches,Hitting Power Lines,19-49 42 STREET,QUEENS,40.77635234211753,-73.8990768465106,In Progress
70265726,2026-09-01T10:53:47.000,Overgrown Tree/Branches,Hitting Phone/Cable Lines,1365 WEST 7 STREET,BROOKLYN,40.61241441734028,-73.98152317508624,In Progress
70265745,2026-09-01T10:52:47.000,Overgrown Tree/Branches,Hitting Building,63-21 ALDERTON STREET,QUEENS,40.72663328542616,-73.86611102594608,In Progress
70271097,2026-09-01T10:33:28.000,Overgrown Tree/Branches,Hitting Building,133 CAMBRIDGE PLACE,BROOKLYN,40.683228032064996,-73.96275832513646,In Progress
70268431,2026-09-01T10:30:10.000,Overgrown Tree/Branches,Hitting Building,484 11 STREET,BROOKLYN,40.66591602675656,-73.98306554609178,In Progress
70267074,2026-09-01T10:28:41.000,Overgrown Tree/Branches,Hitting Power Lines,1387 CROTONA AVENUE,BRONX,40.83309043131191,-73.89805484175342,In Progress
70272499,2026-09-01T10:23:59.000,Overgrown Tree/Branches,Hitting Building,54 WINDSOR ROAD,STATEN ISLAND,40.612306329030176,-74.11489472222844,In Progress
70269748,2026-09-01T10:17:39.000,Overgrown Tree/Branches,Hitting Building,147-49 HOOVER AVENUE,QUEENS,40.71427002828771,-73.81242420200248,In Progress
70265733,2026-09-01T09:59:15.000,Overgrown Tree/Branches,Blocking Street,830 KENT AVENUE,BROOKLYN,40.69593253557353,-73.95967871867727,In Progress
70267084,2026-09-01T09:58:25.000,Overgrown Tree/Branches,Hitting Building,403 ETNA STREET,BROOKLYN,40.687995799925474,-73.86901556047249,In Progress
70272506,2026-09-01T09:36:15.000,Overgrown Tree/Branches,Blocking Street,864 TYSENS LANE,STATEN ISLAND,40.55884738758605,-74.10757992469453,Closed
70267106,2026-09-01T09:34:32.000,Overgrown Tree/Branches,Clear Street Light,77-02 KNEELAND AVENUE,QUEENS,40.73566083139575,-73.8865957339817,In Progress
70263039,2026-09-01T09:30:47.000,Overgrown Tree/Branches,Clear Street Light,51-39 IRELAND STREET,QUEENS,40.73642664173868,-73.88661968957722,In Progress
70268447,2026-09-01T09:16:49.000,Overgrown Tree/Branches,Hitting Power Lines,222-47 141 ROAD,QUEENS,40.66951389345488,-73.75294085332268,In Progress
70267119,2026-09-01T09:09:48.000,Overgrown Tree/Branches,Dead Branches in Tree,273 10 STREET,STATEN ISLAND,40.56679806045629,-74.11972584693785,In Progress
70263031,2026-09-01T08:57:16.000,Overgrown Tree/Branches,Hitting Building,HARLEM ART PARK,MANHATTAN,40.800970336632616,-73.93878513386512,In Progress
70271115,2026-09-01T08:51:19.000,Overgrown Tree/Branches,Hitting Phone/Cable Lines,135-25 FRANCIS LEWIS BOULEVARD,QUEENS,40.6736127388804,-73.74086320526116,In Progress
70272457,2026-09-01T08:46:26.000,Overgrown Tree/Branches,Hitting Building,2064 HAVILAND AVENUE,BRONX,40.829983227829075,-73.85440489669674,In Progress
70271130,2026-09-01T08:42:57.000,Overgrown Tree/Branches,Clear Street Light,19 SPARTAN AVENUE,STATEN ISLAND,40.6254895953646,-74.16263520950548,In Progress
70267102,2026-09-01T08:29:20.000,Overgrown Tree/Branches,Traffic Sign or Signal Blocked,120-11 109 AVENUE,QUEENS,40.68256526508143,-73.82111254112209,In Progress
70263029,2026-09-01T08:26:16.000,Overgrown Tree/Branches,Hitting Building,117 WEST 95 STREET,MANHATTAN,40.79250938051869,-73.9687608411192,In Progress
70272483,2026-09-01T08:25:35.000,Overgrown Tree/Branches,Hitting Power Lines,120-31 142 PLACE,QUEENS,40.67590978800963,-73.79825206156215,In Progress
70271098,2026-09-01T08:24:49.000,Overgrown Tree/Branches,Hitting Building,173 MESEROLE AVENUE,BROOKLYN,40.728141078039435,-73.94956050706494,In Progress
70264427,2026-09-01T07:27:45.000,Overgrown Tree/Branches,Hitting Building,170-31 PIDGEON MEADOW ROAD,QUEENS,40.74877446561316,-73.79629181114015,In Progress
70264412,2026-09-01T06:04:11.000,Overgrown Tree/Branches,Dead Branches in Tree,378 MONROE STREET,BROOKLYN,40.68629424475811,-73.94332182893966,In Progress
70260207,2026-09-01T00:08:51.000,Overgrown Tree/Branches,Hitting Building,187-54 87 ROAD,QUEENS,40.71635186014029,-73.77486586255844,In Progress
70252638,2026-08-31T22:19:35.000,Overgrown Tree/Branches,Blocking Street,75-01 UTOPIA PARKWAY,QUEENS,40.728240082376814,-73.79274659224868,In Progress
70257148,2026-08-31T21:42:43.000,Overgrown Tree/Branches,Hitting Building,138 ROSS STREET,BROOKLYN,40.70516647533456,-73.96126730896103,In Progress
70254116,2026-08-31T21:03:15.000,Overgrown Tree/Branches,Hitting Building,34-46 84 STREET,QUEENS,40.75268838339016,-73.88296104806626,In Progress
70260186,2026-08-31T18:08:11.000,Overgrown Tree/Branches,Hitting Power Lines,1614 70 STREET,BROOKLYN,40.61877830021577,-73.99726603371491,In Progress
70252630,2026-08-31T18:00:13.000,Overgrown Tree/Branches,Traffic Sign or Signal Blocked,58-03 CALLOWAY STREET,QUEENS,40.73805858336545,-73.85828645464701,Closed
70261697,2026-08-31T17:45:32.000,Overgrown Tree/Branches,Dead Branches in Tree,82 CLIFTON PLACE,BROOKLYN,40.687967784332166,-73.96133859789738,In Progress
70255679,2026-08-31T17:44:03.000,Overgrown Tree/Branches,Hitting Power Lines,104-30 120 STREET,QUEENS,40.68626014661823,-73.8231542813986,In Progress
70257169,2026-08-31T17:41:35.000,Overgrown Tree/Branches,Hitting Building,104-30 120 STREET,QUEENS,40.68626014661823,-73.8231542813986,In Progress
70261705,2026-08-31T16:57:07.000,Overgrown Tree/Branches,Hitting Building,45 ORCHARD STREET,MANHATTAN,40.716341091062084,-73.99115841892062,In Progress
70254087,2026-08-31T16:48:41.000,Overgrown Tree/Branches,Hitting Power Lines,3008 AVENUE U,BROOKLYN,40.600780783511766,-73.93860496615235,In Progress
70251169,2026-08-31T16:46:10.000,Overgrown Tree/Branches,Blocking Street,130-14 229 STREET,QUEENS,40.68144389595282,-73.73856133152132,In Progress
70261709,2026-08-31T16:43:47.000,Overgrown Tree/Branches,Hitting Building,155-12 115 DRIVE,QUEENS,40.68456800601681,-73.78971298016779,In Progress
70260206,2026-08-31T16:30:26.000,Overgrown Tree/Branches,Hitting Building,82-30 155 AVENUE,QUEENS,40.66441879133682,-73.8514609244079,In Progress
70252608,2026-08-31T16:18:19.000,Overgrown Tree/Branches,Hitting Building,251 POWERS STREET,BROOKLYN,40.71295512191259,-73.93979661223176,In Progress
70258681,2026-08-31T16:14:34.000,Overgrown Tree/Branches,Hitting Power Lines,72 EAST 56 STREET,BROOKLYN,40.65530892035797,-73.92495314851831,In Progress
70260208,2026-08-31T16:14:22.000,Overgrown Tree/Branches,Dead Branches in Tree,107-37 GUY R BREWER BOULEVARD,QUEENS,40.69750815753898,-73.7919225134785,In Progress
70260203,2026-08-31T16:04:33.000,Overgrown Tree/Branches,Hitting Power Lines,40-09 201 STREET,QUEENS,40.76140809378375,-73.78397989510299,In Progress
70252634,2026-08-31T15:58:27.000,Overgrown Tree/Branches,Hitting Building,164-25 GRAND CENTRAL PARKWAY,QUEENS,40.7165200408953,-73.80216937528269,In Progress
70252603,2026-08-31T15:40:29.000,Overgrown Tree/Branches,Hitting Power Lines,1557 EAST 27 STREET,BROOKLYN,40.61275233394495,-73.9471336796562,In Progress
70251157,2026-08-31T15:38:38.000,Overgrown Tree/Branches,Blocking Street,406 HINSDALE STREET,BROOKLYN,40.66500278048282,-73.89893172529126,In Progress
70261710,2026-08-31T15:32:36.000,Overgrown Tree/Branches,Hitting Building,30-83 14 STREET,QUEENS,40.7688309153649,-73.9315437722121,In Progress
70258688,2026-08-31T15:26:33.000,Overgrown Tree/Branches,Hitting Building,309 ROCKAWAY PARKWAY,BROOKLYN,40.65993517940315,-73.9187882167785,In Progress
70252609,2026-08-31T15:25:42.000,Overgrown Tree/Branches,Dead Branches in Tree,1945 BATCHELDER STREET,BROOKLYN,40.604278233281754,-73.93969653974692,In Progress
70252633,2026-08-31T15:09:09.000,Overgrown Tree/Branches,Hitting Building,97-87 CORONA AVENUE,QUEENS,40.74465684138889,-73.86503184024006,In Progress
70258685,2026-08-31T14:54:58.000,Overgrown Tree/Branches,Hitting Building,427 55 STREET,BROOKLYN,40.64318954576355,-74.01468017599237,In Progress
70254128,2026-08-31T14:50:36.000,Overgrown Tree/Branches,Hitting Power Lines,327 HART AVENUE,STATEN ISLAND,40.625674069069944,-74.10569549134291,In Progress
70251170,2026-08-31T14:50:28.000,Overgrown Tree/Branches,Blocking Street,157-44 16 AVENUE,QUEENS,40.78487224642896,-73.80515123913175,In Progress
70252610,2026-08-31T14:44:22.000,Overgrown Tree/Branches,Blocking Street,691 PROSPECT PLACE,BROOKLYN,40.674600837324085,-73.95413258356756,In Progress
70258716,2026-08-31T14:41:50.000,Overgrown Tree/Branches,Hitting Power Lines,281 MYRTLE AVENUE,STATEN ISLAND,40.62871647346666,-74.1211951052104,In Progress
70257150,2026-08-31T14:38:39.000,Overgrown Tree/Branches,Hitting Building,733 ALABAMA AVENUE,BROOKLYN,40.658352947543754,-73.89369768471886,In Progress
70254093,2026-08-31T14:37:05.000,Overgrown Tree/Branches,Hitting Building,2136 NEW YORK AVENUE,BROOKLYN,40.62055919506833,-73.9427976995387,In Progress
70260182,2026-08-31T14:29:53.000,Overgrown Tree/Branches,Traffic Sign or Signal Blocked,COMMONWEALTH AVENUE,BRONX,40.83668970058598,-73.86908781366857,Closed
70252637,2026-08-31T14:20:30.000,Overgrown Tree/Branches,Blocking Street,78-03 73 PLACE,QUEENS,40.70391500659704,-73.87603171014705,In Progress
70257147,2026-08-31T14:20:11.000,Overgrown Tree/Branches,Hitting Building,1820 CONEY ISLAND AVENUE,BROOKLYN,40.61326358033144,-73.963006259849,In Progress
70258680,2026-08-31T14:14:26.000,Overgrown Tree/Branches,Hitting Power Lines,1206 EAST 38 STREET,BROOKLYN,40.62587949834315,-73.93919789692951,In Progress
70260190,2026-08-31T13:54:18.000,Overgrown Tree/Branches,Hitting Building,56 BUSHWICK AVENUE,BROOKLYN,40.71311233905911,-73.94127901393884,In Progress
70251176,2026-08-31T13:52:29.000,Overgrown Tree/Branches,Hitting Phone/Cable Lines,420 BAY STREET,STATEN ISLAND,40.6318678037349,-74.07602926728605,Closed
70254115,2026-08-31T13:30:23.000,Overgrown Tree/Branches,Hitting Building,147-40 CHERRY AVENUE,QUEENS,40.75756586077182,-73.81582522619651,In Progress
70260181,2026-08-31T13:29:21.000,Overgrown Tree/Branches,Traffic Sign or Signal Blocked,BRYANT AVENUE,BRONX,40.828781102019605,-73.88899894988005,Closed
70252647,2026-08-31T12:34:23.000,Overgrown Tree/Branches,Hitting Building,AMSTERDAM AVENUE,STATEN ISLAND,40.6043013006563,-74.16348031632558,Closed
70251153,2026-08-31T12:31:19.000,Overgrown Tree/Branches,Hitting Building,1982 EAST 29 STREET,BROOKLYN,40.603135552237845,-73.943432037465,In Progress
70251168,2026-08-31T12:15:15.000,Overgrown Tree/Branches,Hitting Building,56-44 212 STREET,QUEENS,40.749379052004166,-73.766323302277,In Progress
70261704,2026-08-31T12:14:02.000,Overgrown Tree/Branches,Hitting Building,116 CHARLES STREET,MANHATTAN,40.73440999293109,-74.00632537517917,In Progress
70257136,2026-08-31T12:12:21.000,Overgrown Tree/Branches,Hitting Power Lines,3348 BARKER AVENUE,BRONX,40.874278607325316,-73.86924522503054,In Progress
70261698,2026-08-31T12:12:20.000,Overgrown Tree/Branches,Dead Branches in Tree,HICKMAN PLAYGROUND,BROOKLYN,40.62017481967567,-73.91217263269192,In Progress
70260209,2026-08-31T12:11:45.000,Overgrown Tree/Branches,Blocking Street,32-89 36 STREET,QUEENS,40.75962157085403,-73.92177100040486,In Progress
70260217,2026-08-31T12:00:59.000,Overgrown Tree/Branches,Blocking Street,90 MELVIN AVENUE,STATEN ISLAND,40.59219913053532,-74.19208295585885,Closed
70258700,2026-08-31T11:44:16.000,Overgrown Tree/Branches,Hitting Power Lines,39-11 209 STREET,QUEENS,40.76356587603389,-73.77699133975256,In Progress
70254114,2026-08-31T11:42:45.000,Overgrown Tree/Branches,Hitting Building,101-43 113 STREET,QUEENS,40.688184768396304,-73.83081154447706,In Progress
70257170,2026-08-31T11:40:16.000,Overgrown Tree/Branches,Hitting Building,235-18 SEWARD AVENUE,QUEENS,40.73587191341948,-73.73577137064568,In Progress
70252632,2026-08-31T11:39:28.000,Overgrown Tree/Branches,Hitting Building,69-15 165 STREET,QUEENS,40.73270078404921,-73.8039831837283,In Progress
70254118,2026-08-31T11:35:33.000,Overgrown Tree/Branches,Blocking Street,217-67 54 AVENUE,QUEENS,40.75256864506844,-73.7623887923841,In Progress
70254131,2026-08-31T11:31:39.000,Overgrown Tree/Branches,Hitting Building,16 WAIMER PLACE,STATEN ISLAND,40.542541763725296,-74.16632273371434,In Progress
70251159,2026-08-31T11:23:15.000,Overgrown Tree/Branches,Blocking Street,2977 AVENUE U,BROOKLYN,40.6006552081163,-73.93990147285515,In Progress
70261711,2026-08-31T11:19:28.000,Overgrown Tree/Branches,Hitting Building,118-15 223 STREET,QUEENS,40.69234611004642,-73.73853300735874,In Progress
70260189,2026-08-31T11:16:19.000,Overgrown Tree/Branches,Hitting Building,2083 BROWN STREET,BROOKLYN,40.601031312957666,-73.94003077416939,In Progress
70251156,2026-08-31T11:13:03.000,Overgrown Tree/Branches,Hitting Building,517 16 STREET,BROOKLYN,40.65951444436228,-73.9785257993862,In Progress
70251150,2026-08-31T11:10:48.000,Overgrown Tree/Branches,Hitting Power Lines,2083 BROWN STREET,BROOKLYN,40.601031312957666,-73.94003077416939,In Progress
70255659,2026-08-31T11:06:09.000,Overgrown Tree/Branches,Hitting Building,118 EAST 238 STREET,BRONX,40.89910509886816,-73.87239404282546,In Progress
70254092,2026-08-31T10:46:27.000,Overgrown Tree/Branches,Hitting Building,781 EAST 8 STREET,BROOKLYN,40.63024740778044,-73.9691105984039,In Progress
70258687,2026-08-31T10:44:29.000,Overgrown Tree/Branches,Hitting Building,965 EAST 23 STREET,BROOKLYN,40.626986902822935,-73.95367176246776,In Progress
70255669,2026-08-31T10:39:04.000,Overgrown Tree/Branches,Blocking Street,1447 HANCOCK STREET,BROOKLYN,40.696700595309565,-73.90680666170348,In Progress
70257168,2026-08-31T10:38:58.000,Overgrown Tree/Branches,Hitting Building,157-15 16 ROAD,QUEENS,40.78411649276357,-73.804590132114,In Progress
70258720,2026-08-31T10:34:18.000,Overgrown Tree/Branches,Blocking Street,297 CHESTERTON AVENUE,STATEN ISLAND,40.55706982900021,-74.12545560212338,In Progress
70251146,2026-08-31T10:34:00.000,Overgrown Tree/Branches,Blocking Street,2621 PALISADES AVENUE,BRONX,40.88199442223902,-73.92116412070499,In Progress
70254119,2026-08-31T10:30:27.000,Overgrown Tree/Branches,Hitting Building,LINNAEUS PARK,QUEENS,40.7538885835442,-73.75056696259865,In Progress
70258719,2026-08-31T10:18:15.000,Overgrown Tree/Branches,Dead Branches in Tree,381 CORTELYOU AVENUE,STATEN ISLAND,40.54985154504227,-74.16224960014455,In Progress
70257172,2026-08-31T10:17:21.000,Overgrown Tree/Branches,Hitting Building,57-10 MYRTLE AVENUE,QUEENS,40.700430520538596,-73.90322021560861,In Progress
70260183,2026-08-31T10:12:40.000,Overgrown Tree/Branches,Hitting Building,2178 PAULDING AVENUE,BRONX,40.855997186450125,-73.86073912108658,In Progress
70255688,2026-08-31T10:04:16.000,Overgrown Tree/Branches,Hitting Building,153 LIVINGSTON AVENUE,STATEN ISLAND,40.60202635011479,-74.12852544094794,In Progress
70251163,2026-08-31T10:02:27.000,Overgrown Tree/Branches,Dead Branches in Tree,12 EAST 95 STREET,MANHATTAN,40.78698270521968,-73.95571268776122,In Progress
70258686,2026-08-31T09:57:55.000,Overgrown Tree/Branches,Hitting Building,2202 EAST 28 STREET,BROOKLYN,40.597703555244195,-73.94334661624833,In Progress
70252646,2026-08-31T09:56:35.000,Overgrown Tree/Branches,Hitting Power Lines,3741 RICHMOND AVENUE,STATEN ISLAND,40.54659076404303,-74.16604855569922,Closed
70252607,2026-08-31T09:54:14.000,Overgrown Tree/Branches,Hitting Building,2202 EAST 28 STREET,BROOKLYN,40.597703555244195,-73.94334661624833,In Progress
70252631,2026-08-31T09:48:43.000,Overgrown Tree/Branches,Hitting Building,89-12 WOODHAVEN BOULEVARD,QUEENS,40.69085271454112,-73.85066281416191,In Progress
70251154,2026-08-31T09:30:04.000,Overgrown Tree/Branches,Hitting Building,1553 INDEPENDENCE AVENUE,BROOKLYN,40.603733090834496,-74.01534493443431,In Progress
70260214,2026-08-31T09:28:15.000,Overgrown Tree/Branches,Hitting Power Lines,46 MOSELY AVENUE,STATEN ISLAND,40.539040957876544,-74.17630143812292,Closed
70254117,2026-08-31T09:24:36.000,Overgrown Tree/Branches,Clear Street Light,153-11 123 AVENUE,QUEENS,40.67638836122252,-73.78810922780089,In Progress
70252635,2026-08-31T09:16:17.000,Overgrown Tree/Branches,Dead Branches in Tree,32-23 29 STREET,QUEENS,40.76252902583297,-73.9271318064343,In Progress
70257171,2026-08-31T09:07:47.000,Overgrown Tree/Branches,Hitting Building,62-27 DIETERLE CRESCENT,QUEENS,40.724755718391734,-73.86364345783485,In Progress
70257146,2026-08-31T09:06:55.000,Overgrown Tree/Branches,Hitting Building,14 ARLINGTON PLACE,BROOKLYN,40.68126396750193,-73.95125807096446,In Progress
70251155,2026-08-31T08:56:44.000,Overgrown Tree/Branches,Hitting Building,236 EAST 49 STREET,BROOKLYN,40.65634802422722,-73.93189706751576,In Progress
70254130,2026-08-31T08:47:27.000,Overgrown Tree/Branches,Hitting Building,319 STANLEY AVENUE,STATEN ISLAND,40.63395048647868,-74.09527464500303,Closed
70255689,2026-08-31T08:47:00.000,Overgrown Tree/Branches,Blocking Street,10 FANNING STREET,STATEN ISLAND,40.608622555001524,-74.12309624414429,Closed
70258689,2026-08-31T08:45:36.000,Overgrown Tree/Branches,Hitting Building,70 BAY 35 STREET,BROOKLYN,40.598466530870205,-73.99144049940818,In Progress
70257152,2026-08-31T08:33:09.000,Overgrown Tree/Branches,Dead Branches in Tree,1725 59 STREET,BROOKLYN,40.62352895741074,-73.98816277644988,In Progress
70252636,2026-08-31T08:21:48.000,Overgrown Tree/Branches,Clear Street Light,84-35 KENDRICK PLACE,QUEENS,40.71609431345333,-73.7911285938688,In Progress
70252602,2026-08-31T08:20:44.000,Overgrown Tree/Branches,Hitting Power Lines,1563 78 STREET,BROOKLYN,40.61511123788811,-74.00345058737815,In Progress
70255685,2026-08-31T08:17:37.000,Overgrown Tree/Branches,Hitting Building,75-29 60 PLACE,QUEENS,40.69802776935369,-73.89570086221255,In Progress
70251158,2026-08-31T08:07:05.000,Overgrown Tree/Branches,Blocking Street,2375 84 STREET,BROOKLYN,40.60084605173818,-73.98888701714702,In Progress
70257151,2026-08-31T08:02:22.000,Overgrown Tree/Branches,Dead Branches in Tree,444 67 STREET,BROOKLYN,40.63631005390705,-74.02141989434527,In Progress
70261708,2026-08-31T07:59:56.000,Overgrown Tree/Branches,Hitting Power Lines,66-23 74 STREET,QUEENS,40.71455205909917,-73.87964081260306,In Progress
70254108,2026-08-31T07:58:26.000,Overgrown Tree/Branches,Blocking Street,120 WEST 91 STREET,MANHATTAN,40.79013851209386,-73.97097570192417,In Progress
70257149,2026-08-31T07:48:51.000,Overgrown Tree/Branches,Hitting Building,1732 65 STREET,BROOKLYN,40.619982990301516,-73.99161064241481,In Progress
70255666,2026-08-31T07:37:24.000,Overgrown Tree/Branches,Hitting Power Lines,427 EAST 7 STREET,BROOKLYN,40.641584205383104,-73.97235552235206,In Progress
70260216,2026-08-31T07:36:35.000,Overgrown Tree/Branches,Dead Branches in Tree,114 KREISCHER STREET,STATEN ISLAND,40.53581392680676,-74.23948481022114,In Progress
70255684,2026-08-31T07:35:07.000,Overgrown Tree/Branches,Hitting Building,115-58 147 STREET,QUEENS,40.68262857517377,-73.79490023210869,In Progress
70254113,2026-08-31T07:24:33.000,Overgrown Tree/Branches,Hitting Building,137-59 231 STREET,QUEENS,40.67122568691152,-73.74126902000684,In Progress
70252625,2026-08-31T07:10:53.000,Overgrown Tree/Branches,Hitting Power Lines,211-30 34 AVENUE,QUEENS,40.76989144095657,-73.7764322307657,In Progress
70257141,2026-08-31T02:09:12.000,Overgrown Tree/Branches,Hitting Power Lines,126 CHESTNUT STREET,BROOKLYN,40.68505284599684,-73.87594418437178,In Progress
70240365,2026-08-30T23:21:48.000,Overgrown Tree/Branches,Hitting Building,2766 BAINBRIDGE AVENUE,BRONX,40.867333863545056,-73.88962877867789,In Progress
70249625,2026-08-30T19:53:23.000,Overgrown Tree/Branches,Dead Branches in Tree,93-02 90 AVENUE,QUEENS,40.69068431750623,-73.84992036492024,In Progress
70249622,2026-08-30T19:26:15.000,Overgrown Tree/Branches,Hitting Power Lines,35-59 222 STREET,QUEENS,40.770158826831256,-73.76326470106649,In Progress
70240380,2026-08-30T19:18:46.000,Overgrown Tree/Branches,Blocking Street,73-04 188 STREET,QUEENS,40.73284137518783,-73.7828998266641,In Progress
70241681,2026-08-30T18:46:24.000,Overgrown Tree/Branches,Hitting Building,645 68 STREET,BROOKLYN,40.63248180683967,-74.01704486234237,In Progress
70243007,2026-08-30T16:34:25.000,Overgrown Tree/Branches,Blocking Street,501 NECKAR AVENUE,STATEN ISLAND,40.606465822184944,-74.08617069519781,In Progress
70249628,2026-08-30T16:26:47.000,Overgrown Tree/Branches,Hitting Building,82 YORK AVENUE,STATEN ISLAND,40.64486655450354,-74.0883391308367,Closed
70242991,2026-08-30T16:12:53.000,Overgrown Tree/Branches,Hitting Building,1447 40 STREET,BROOKLYN,40.638105971392406,-73.98360946654883,In Progress
70244349,2026-08-30T15:41:05.000,Overgrown Tree/Branches,Dead Branches in Tree,1258 64 STREET,BROOKLYN,40.627158164558054,-74.00185889819569,In Progress
70248302,2026-08-30T15:34:44.000,Overgrown Tree/Branches,Blocking Street,251 STREET,QUEENS,40.760561340390595,-73.72881490629763,In Progress
70240364,2026-08-30T15:17:59.000,Overgrown Tree/Branches,Hitting Building,2019 CHATTERTON AVENUE,BRONX,40.82763506495424,-73.85545068671571,In Progress
70241684,2026-08-30T14:47:27.000,Overgrown Tree/Branches,Blocking Street,8823 AVENUE M,BROOKLYN,40.63287321727186,-73.899949544844,In Progress
70244350,2026-08-30T14:14:59.000,Overgrown Tree/Branches,Blocking Street,1734 76 STREET,BROOKLYN,40.613651043243756,-73.99806223862024,In Progress
70245687,2026-08-30T13:56:52.000,Overgrown Tree/Branches,Blocking Street,122-15 9 AVENUE,QUEENS,40.789437303787274,-73.8453425257034,In Progress
70244365,2026-08-30T13:52:10.000,Overgrown Tree/Branches,Hitting Building,202 CUBA AVENUE,STATEN ISLAND,40.56295493852586,-74.10909454390065,In Progress
70240923,2026-08-30T13:50:54.000,Overgrown Tree/Branches,Dead Branches in Tree,,Unspecified,,,In Progress
70240387,2026-08-30T13:50:52.000,Overgrown Tree/Branches,Hitting Building,202 CUBA AVENUE,STATEN ISLAND,40.56295493852586,-74.10909454390065,In Progress
70241682,2026-08-30T13:48:08.000,Overgrown Tree/Branches,Dead Branches in Tree,394 STERLING PLACE,BROOKLYN,40.674961487672164,-73.965034153176,In Progress
70241691,2026-08-30T13:36:39.000,Overgrown Tree/Branches,Blocking Street,109-01 210 STREET,QUEENS,40.709621298990335,-73.74818247086047,In Progress
70245680,2026-08-30T13:29:28.000,Overgrown Tree/Branches,Hitting Building,1439 JEFFERSON AVENUE,BROOKLYN,40.69551397435437,-73.90913793287017,In Progress
70241679,2026-08-30T13:28:52.000,Overgrown Tree/Branches,Blocking Street,914 LONGWOOD AVENUE,BRONX,40.818481878511314,-73.89985475529674,In Progress
70248288,2026-08-30T13:23:26.000,Overgrown Tree/Branches,Hitting Building,25 VERONICA PLACE,BROOKLYN,40.65003181866485,-73.9528989725635,In Progress
70241698,2026-08-30T13:08:28.000,Overgrown Tree/Branches,Blocking Street,10 ST JAMES PLACE,STATEN ISLAND,40.59606298038936,-74.10594028734593,Closed
70246983,2026-08-30T12:06:52.000,Overgrown Tree/Branches,Clear Street Light,4507 KINGS HIGHWAY,BROOKLYN,40.62747317165742,-73.93240206621392,In Progress
70249629,2026-08-30T11:35:48.000,Overgrown Tree/Branches,Dead Branches in Tree,449 LEVERETT AVENUE,STATEN ISLAND,40.555753752483014,-74.16164136291545,In Progress
70248286,2026-08-30T11:34:55.000,Overgrown Tree/Branches,Hitting Power Lines,1121 EAST 15 STREET,BROOKLYN,40.62209010155088,-73.9607967952769,In Progress
70246982,2026-08-30T11:25:11.000,Overgrown Tree/Branches,Dead Branches in Tree,2737 BROWN STREET,BROOKLYN,40.58664436040502,-73.93730024103881,In Progress
70243005,2026-08-30T10:04:19.000,Overgrown Tree/Branches,Dead Branches in Tree,42 MONTEREY AVENUE,STATEN ISLAND,40.5555040713359,-74.17469669361981,In Progress
70246991,2026-08-30T09:23:15.000,Overgrown Tree/Branches,Hitting Power Lines,41-33 248 STREET,QUEENS,40.77133477166315,-73.74208232804166,In Progress
70241683,2026-08-30T08:49:29.000,Overgrown Tree/Branches,Blocking Street,2468 EAST 14 STREET,BROOKLYN,40.59075371077285,-73.95583202750194,In Progress
70242990,2026-08-30T08:45:56.000,Overgrown Tree/Branches,Hitting Phone/Cable Lines,2011 WEST 12 STREET,BROOKLYN,40.5976449649252,-73.98346095807233,In Progress
70243006,2026-08-30T07:57:39.000,Overgrown Tree/Branches,Dead Branches in Tree,337 POMPEY AVENUE,STATEN ISLAND,40.5474717032483,-74.17174673726848,Closed
70244358,2026-08-30T07:26:14.000,Overgrown Tree/Branches,Hitting Building,96-14 72 AVENUE,QUEENS,40.71019761912715,-73.84838312884396,In Progress
70249613,2026-08-30T05:20:50.000,Overgrown Tree/Branches,Clear Street Light,2809 WICHAM AVENUE,BRONX,40.867619654568216,-73.83668584982867,In Progress
70240388,2026-08-30T03:50:57.000,Overgrown Tree/Branches,Blocking Street,DRUMGOOLE ROAD EAST,STATEN ISLAND,40.53432593438857,-74.19301027347751,Closed
70236573,2026-08-30T00:58:20.000,Overgrown Tree/Branches,Dead Branches in Tree,47-70 195 STREET,QUEENS,40.75112911511752,-73.78551466751664,In Progress
70230534,2026-08-29T22:30:59.000,Overgrown Tree/Branches,Hitting Building,83-16 PETTIT AVENUE,QUEENS,40.74538681245773,-73.88243614729961,In Progress
70237821,2026-08-29T21:49:40.000,Overgrown Tree/Branches,Hitting Building,92-39 GETTYSBURG STREET,QUEENS,40.726122398126215,-73.73098628821539,In Progress
70234118,2026-08-29T20:52:53.000,Overgrown Tree/Branches,Blocking Street,2488 EAST 21 STREET,BROOKLYN,40.59171701172141,-73.94891102866929,In Progress
70232905,2026-08-29T18:29:30.000,Overgrown Tree/Branches,Hitting Building,95-36 111 STREET,QUEENS,40.69015994907742,-73.83385354042913,In Progress
70232907,2026-08-29T18:10:34.000,Overgrown Tree/Branches,Blocking Street,33-61 167 STREET,QUEENS,40.76711575083151,-73.79833678684713,In Progress
70232894,2026-08-29T17:58:01.000,Overgrown Tree/Branches,Hitting Power Lines,2026 STORY AVENUE,BRONX,40.824763047489505,-73.85462227208372,In Progress
70230533,2026-08-29T17:47:31.000,Overgrown Tree/Branches,Blocking Street,80 RUTGERS SLIP,MANHATTAN,40.7106318810684,-73.98987146747336,In Progress
70235319,2026-08-29T17:30:05.000,Overgrown Tree/Branches,Hitting Power Lines,14 CORTELYOU AVENUE,STATEN ISLAND,40.55973463868212,-74.16486480011791,Closed
70232898,2026-08-29T16:34:02.000,Overgrown Tree/Branches,Hitting Building,1509 EAST 14 STREET,BROOKLYN,40.61232656081564,-73.95989129491055,In Progress
70234683,2026-08-29T15:47:18.000,Overgrown Tree/Branches,Hitting Power Lines,,Unspecified,,,In Progress
70238997,2026-08-29T14:46:42.000,Overgrown Tree/Branches,Hitting Power Lines,193-04 120 AVENUE,QUEENS,40.68836586011756,-73.75588187719399,In Progress
70232906,2026-08-29T14:35:58.000,Overgrown Tree/Branches,Clear Street Light,163-43 25 DRIVE,QUEENS,40.77387608236815,-73.79992297034204,In Progress
70237820,2026-08-29T14:06:05.000,Overgrown Tree/Branches,Hitting Power Lines,42-41 209 STREET,QUEENS,40.76094196366286,-73.77561397587392,In Progress
70232904,2026-08-29T13:24:57.000,Overgrown Tree/Branches,Hitting Power Lines,102-41 46 AVENUE,QUEENS,40.74585238718503,-73.86173445729675,In Progress
70230536,2026-08-29T13:18:02.000,Overgrown Tree/Branches,Blocking Street,259-01 86 AVENUE,QUEENS,40.733333695299066,-73.70766215357727,Closed
70236564,2026-08-29T12:57:43.000,Overgrown Tree/Branches,Hitting Building,1651 WEST 11 STREET,BROOKLYN,40.60644214048354,-73.98418265975344,In Progress
70234128,2026-08-29T12:40:18.000,Overgrown Tree/Branches,Dead Branches in Tree,61-80 78 STREET,QUEENS,40.72287153820526,-73.87974123393214,In Progress
70237813,2026-08-29T12:35:34.000,Overgrown Tree/Branches,Dead Branches in Tree,87 SUMMIT STREET,BROOKLYN,40.682248632718995,-74.00348290526469,In Progress
70230535,2026-08-29T12:32:44.000,Overgrown Tree/Branches,Dead Branches in Tree,91-46 110 STREET,QUEENS,40.69332026506024,-73.8365249953453,In Progress
70237823,2026-08-29T11:41:01.000,Overgrown Tree/Branches,Hitting Building,59-12 MADISON STREET,QUEENS,40.705951907150165,-73.90193900761932,In Progress
70231743,2026-08-29T10:31:54.000,Overgrown Tree/Branches,Hitting Building,212 BIDWELL AVENUE,STATEN ISLAND,40.618683161086494,-74.13684225739239,In Progress
70237822,2026-08-29T10:03:34.000,Overgrown Tree/Branches,Hitting Building,60-31 COOPER AVENUE,QUEENS,40.69578729269246,-73.89488214744249,In Progress
70235308,2026-08-29T09:11:40.000,Overgrown Tree/Branches,Hitting Building,1629 MADISON PLACE,BROOKLYN,40.612385352117734,-73.94310364630822,In Progress
70237829,2026-08-29T09:11:09.000,Overgrown Tree/Branches,Hitting Building,79 RENWICK AVENUE,STATEN ISLAND,40.61257522629631,-74.10643831881042,In Progress
70235311,2026-08-29T08:49:02.000,Overgrown Tree/Branches,Dead Branches in Tree,536 WEST 142 STREET,MANHATTAN,40.82393281602145,-73.95049958457433,In Progress
70237828,2026-08-29T08:33:05.000,Overgrown Tree/Branches,Hitting Phone/Cable Lines,82 MAJOR AVENUE,STATEN ISLAND,40.59993045083053,-74.06536620761165,Closed
70235307,2026-08-29T08:29:36.000,Overgrown Tree/Branches,Hitting Phone/Cable Lines,1238 RALPH AVENUE,BROOKLYN,40.645956909412966,-73.9200880881642,In Progress
70237812,2026-08-29T08:28:57.000,Overgrown Tree/Branches,Hitting Building,1238 RALPH AVENUE,BROOKLYN,40.645956909412966,-73.9200880881642,In Progress
70235302,2026-08-29T08:24:47.000,Overgrown Tree/Branches,Hitting Phone/Cable Lines,4349 BAYCHESTER AVENUE,BRONX,40.89794704786597,-73.84559645433512,In Progress
70219124,2026-08-28T17:53:12.000,Overgrown Tree/Branches,Blocking Street,294 GRAFE STREET,STATEN ISLAND,40.550638874695395,-74.21439950565531,Closed
70219096,2026-08-28T17:42:05.000,Overgrown Tree/Branches,Hitting Building,1489 EAST 8 STREET,BROOKLYN,40.612819791449276,-73.96580866136816,In Progress
70219095,2026-08-28T17:25:38.000,Overgrown Tree/Branches,Hitting Building,2821 AVENUE Z,BROOKLYN,40.58938588116341,-73.94148862460662,In Progress
70226395,2026-08-28T16:51:51.000,Overgrown Tree/Branches,Hitting Power Lines,HARRIS LANE,STATEN ISLAND,40.54274581314089,-74.21965960935599,Closed
70227865,2026-08-28T16:46:21.000,Overgrown Tree/Branches,Dead Branches in Tree,120 AVENUE,QUEENS,40.68756520112401,-73.73396157628049,In Progress
70227863,2026-08-28T16:45:49.000,Overgrown Tree/Branches,Hitting Building,119-53 230 STREET,QUEENS,40.688343752951695,-73.73354379860167,Closed
70220522,2026-08-28T16:19:27.000,Overgrown Tree/Branches,Hitting Building,64 MACDOUGAL STREET,BROOKLYN,40.67940642253775,-73.9184904993125,In Progress
70226390,2026-08-28T16:15:38.000,Overgrown Tree/Branches,Blocking Street,82-90 BROADWAY,QUEENS,40.741374625462896,-73.88039348823926,In Progress
70222018,2026-08-28T16:11:21.000,Overgrown Tree/Branches,Blocking Street,357 WOOLLEY AVENUE,STATEN ISLAND,40.615297605804116,-74.14013463942631,Closed
70223518,2026-08-28T16:09:37.000,Overgrown Tree/Branches,Hitting Building,84-19 102 AVENUE,QUEENS,40.681009690876515,-73.85474817618592,In Progress
70222006,2026-08-28T16:01:38.000,Overgrown Tree/Branches,Blocking Street,46-08 192 STREET,QUEENS,40.75334231126672,-73.78898695534973,In Progress
70224994,2026-08-28T15:59:16.000,Overgrown Tree/Branches,Blocking Street,31-65 32 STREET,QUEENS,40.76252414220225,-73.92382519942845,In Progress
70227862,2026-08-28T15:20:03.000,Overgrown Tree/Branches,Hitting Building,93-02 208 STREET,QUEENS,40.716762066360744,-73.75400665174888,In Progress
70220523,2026-08-28T14:48:33.000,Overgrown Tree/Branches,Dead Branches in Tree,2809 AVENUE N,BROOKLYN,40.61703131466752,-73.94680251148026,In Progress
70219115,2026-08-28T14:47:24.000,Overgrown Tree/Branches,Blocking Street,71-19 CENTRAL AVENUE,QUEENS,40.70475421148524,-73.88056739410641,In Progress
70222005,2026-08-28T14:45:43.000,Overgrown Tree/Branches,Blocking Street,149-19 6 AVENUE,QUEENS,40.79512843629629,-73.81803635126269,In Progress
70223503,2026-08-28T14:39:32.000,Overgrown Tree/Branches,Hitting Building,1223 SCHENECTADY AVENUE,BROOKLYN,40.642953753064084,-73.93236115958041,In Progress
70219113,2026-08-28T14:22:36.000,Overgrown Tree/Branches,Hitting Building,97-10 CRESSKILL PLACE,QUEENS,40.69572759964232,-73.80983660977431,In Progress
70226389,2026-08-28T14:11:51.000,Overgrown Tree/Branches,Blocking Street,220-15 46 AVENUE,QUEENS,40.75983331150982,-73.76072407068811,In Progress
70227864,2026-08-28T13:43:46.000,Overgrown Tree/Branches,Dead Branches in Tree,40-04 247 STREET,QUEENS,40.77195063966472,-73.74378042427873,In Progress
70229340,2026-08-28T13:32:15.000,Overgrown Tree/Branches,Blocking Street,324 BAY 13 STREET,BROOKLYN,40.603327164261074,-74.0128743973214,In Progress
70223533,2026-08-28T13:30:44.000,Overgrown Tree/Branches,Clear Street Light,WESTWOOD AVENUE,STATEN ISLAND,40.60632113180253,-74.14750226158588,Closed
70227844,2026-08-28T13:29:33.000,Overgrown Tree/Branches,Hitting Building,2795 MILL AVENUE,BROOKLYN,40.60695006984199,-73.91539530057912,In Progress
70220544,2026-08-28T13:26:00.000,Overgrown Tree/Branches,Hitting Building,217-17 50 AVENUE,QUEENS,40.75476004519433,-73.76291517113224,In Progress
70223501,2026-08-28T13:19:13.000,Overgrown Tree/Branches,Hitting Building,564 4 STREET,BROOKLYN,40.66811320236328,-73.97536528925004,In Progress
70220517,2026-08-28T13:16:50.000,Overgrown Tree/Branches,Hitting Phone/Cable Lines,1951 EAST 34 STREET,BROOKLYN,40.60961629707498,-73.93368790031724,In Progress
70223517,2026-08-28T13:14:56.000,Overgrown Tree/Branches,Hitting Building,89 ROAD,QUEENS,40.71668999759815,-73.76282693450304,In Progress
70220520,2026-08-28T13:13:30.000,Overgrown Tree/Branches,Hitting Building,719 EAST 102 STREET,BROOKLYN,40.64726259918662,-73.89819463401233,In Progress
70229353,2026-08-28T12:55:27.000,Overgrown Tree/Branches,Dead Branches in Tree,600 WEST 186 STREET,MANHATTAN,40.85245172595602,-73.93168543718501,In Progress
70221987,2026-08-28T12:52:36.000,Overgrown Tree/Branches,Hitting Building,309 MORGAN AVENUE,BROOKLYN,40.71483842940772,-73.93546981144506,In Progress
70229330,2026-08-28T12:41:20.000,Overgrown Tree/Branches,Hitting Phone/Cable Lines,2434 WILSON AVENUE,BRONX,40.86174105767411,-73.84919090116948,In Progress
70227854,2026-08-28T12:38:54.000,Overgrown Tree/Branches,Hitting Building,181 AVENUE D,MANHATTAN,40.7262114385672,-73.97420733339678,In Progress
70226382,2026-08-28T12:36:20.000,Overgrown Tree/Branches,Traffic Sign or Signal Blocked,BROADWAY,MANHATTAN,40.80670672847891,-73.9648493528466,In Progress
70229339,2026-08-28T12:29:21.000,Overgrown Tree/Branches,Hitting Building,814 EAST 15 STREET,BROOKLYN,40.62964425629465,-73.96226584188713,In Progress
70226388,2026-08-28T12:25:59.000,Overgrown Tree/Branches,Hitting Building,31-05 34 AVENUE,QUEENS,40.75961134191084,-73.92709890155204,In Progress
70224993,2026-08-28T12:25:55.000,Overgrown Tree/Branches,Hitting Building,96-18 149 AVENUE,QUEENS,40.67111604777666,-73.8392037829171,In Progress
70224977,2026-08-28T12:21:03.000,Overgrown Tree/Branches,Hitting Phone/Cable Lines,260 SKILLMAN AVENUE,BROOKLYN,40.71630689414844,-73.94060162779809,In Progress
70223502,2026-08-28T11:54:49.000,Overgrown Tree/Branches,Hitting Building,616 53 STREET,BROOKLYN,40.64173811648738,-74.00928571196185,In Progress
70229358,2026-08-28T11:51:05.000,Overgrown Tree/Branches,Hitting Building,79-39 77 ROAD,QUEENS,40.70579955164617,-73.87004818160496,In Progress
70226372,2026-08-28T11:50:23.000,Overgrown Tree/Branches,Dead Branches in Tree,758 HALSEY STREET,BROOKLYN,40.68477072234854,-73.92397892214655,In Progress
70221988,2026-08-28T11:45:21.000,Overgrown Tree/Branches,Hitting Building,1661 WEST 1 STREET,BROOKLYN,40.60735721629166,-73.97474665050733,In Progress
70223506,2026-08-28T11:39:41.000,Overgrown Tree/Branches,Blocking Street,134 MIDWOOD STREET,BROOKLYN,40.659774247743236,-73.95592329128635,In Progress
70221999,2026-08-28T11:39:08.000,Overgrown Tree/Branches,Blocking Street,BROADWAY,MANHATTAN,40.83917804362096,-73.94113521565505,In Progress
70227877,2026-08-28T11:34:58.000,Overgrown Tree/Branches,Hitting Power Lines,66 CLOISTER PLACE,STATEN ISLAND,40.575098236875974,-74.11718133007264,In Progress
70224992,2026-08-28T11:34:56.000,Overgrown Tree/Branches,Hitting Building,95-16 149 AVENUE,QUEENS,40.6709202956822,-73.8405488771853,In Progress
70220521,2026-08-28T11:33:02.000,Overgrown Tree/Branches,Hitting Building,1203 DORCHESTER ROAD,BROOKLYN,40.63810501244287,-73.96652713642769,In Progress
70222004,2026-08-28T11:28:29.000,Overgrown Tree/Branches,Hitting Building,160-11 59 AVENUE,QUEENS,40.740527578753635,-73.80812454457018,In Progress
70229366,2026-08-28T11:25:26.000,Overgrown Tree/Branches,Blocking Street,158 MERRYMOUNT STREET,STATEN ISLAND,40.58986373827118,-74.15950241325675,In Progress
70226373,2026-08-28T10:55:20.000,Overgrown Tree/Branches,Blocking Street,73 JEFFERSON AVENUE,BROOKLYN,40.682769452813226,-73.95455602197976,In Progress
70223504,2026-08-28T10:48:13.000,Overgrown Tree/Branches,Dead Branches in Tree,CAMBRIDGE PLACE,BROOKLYN,40.684778929120476,-73.96307114871342,Closed
70220540,2026-08-28T10:46:04.000,Overgrown Tree/Branches,Hitting Power Lines,43 AVENUE,QUEENS,40.75889478255762,-73.80607188912936,In Progress
70223519,2026-08-28T10:45:04.000,Overgrown Tree/Branches,Blocking Street,46-19 188 STREET,QUEENS,40.75220049186911,-73.79200432804588,In Progress
70224987,2026-08-28T10:40:02.000,Overgrown Tree/Branches,Hitting Building,181 AVENUE D,MANHATTAN,40.7262114385672,-73.97420733339678,In Progress
70229342,2026-08-28T10:35:59.000,Overgrown Tree/Branches,Blocking Street,68 STERLING STREET,BROOKLYN,40.66262713547399,-73.95878692951902,In Progress
70220539,2026-08-28T10:35:12.000,Overgrown Tree/Branches,Hitting Power Lines,129-07 NEWPORT AVENUE,QUEENS,40.57775445796218,-73.84922375889407,In Progress
70223514,2026-08-28T10:23:31.000,Overgrown Tree/Branches,Hitting Phone/Cable Lines,215-06 48 AVENUE,QUEENS,40.755770716049625,-73.76589300817969,In Progress
70221989,2026-08-28T10:16:37.000,Overgrown Tree/Branches,Blocking Street,1043 HENDRIX STREET,BROOKLYN,40.65596917647259,-73.88115209509863,In Progress
70226385,2026-08-28T10:11:36.000,Overgrown Tree/Branches,Hitting Power Lines,67-30 THORNTON PLACE,QUEENS,40.720701861584715,-73.85698494986916,In Progress
70224991,2026-08-28T10:08:42.000,Overgrown Tree/Branches,Hitting Power Lines,66-01 FLEET STREET,QUEENS,40.71971421060465,-73.85735864413323,In Progress
70219114,2026-08-28T10:06:34.000,Overgrown Tree/Branches,Dead Branches in Tree,24-53 37 STREET,QUEENS,40.76856343980018,-73.91339213114098,In Progress
70226387,2026-08-28T09:55:26.000,Overgrown Tree/Branches,Traffic Sign or Signal Blocked,BEACH 9 STREET,QUEENS,40.60495453576413,-73.74585824851685,Closed
70220512,2026-08-28T09:51:19.000,Overgrown Tree/Branches,Hitting Building,2011 CHATTERTON AVENUE,BRONX,40.827605144683574,-73.85566755410325,Closed
70220511,2026-08-28T09:51:14.000,Overgrown Tree/Branches,Hitting Phone/Cable Lines,2428 MATTHEWS AVENUE,BRONX,40.86191160666137,-73.86268257923845,In Progress
70223531,2026-08-28T09:26:31.000,Overgrown Tree/Branches,Hitting Phone/Cable Lines,15 CORTELYOU PLACE,STATEN ISLAND,40.640256537348606,-74.0937270555711,Closed
70224979,2026-08-28T09:23:08.000,Overgrown Tree/Branches,Hitting Building,314 10 STREET,BROOKLYN,40.66932020709701,-73.98834930858175,In Progress
70225010,2026-08-28T09:20:27.000,Overgrown Tree/Branches,Hitting Power Lines,18 SANDBORN STREET,STATEN ISLAND,40.535053929351285,-74.16630409944665,Closed
70223505,2026-08-28T09:09:24.000,Overgrown Tree/Branches,Dead Branches in Tree,255 EAST 28 STREET,BROOKLYN,40.643846911176105,-73.9507304777877,In Progress
70227843,2026-08-28T09:04:46.000,Overgrown Tree/Branches,Hitting Building,1512 NEEDHAM AVENUE,BRONX,40.88046307345747,-73.84743071693636,In Progress
70229341,2026-08-28T09:03:18.000,Overgrown Tree/Branches,Blocking Street,2029 NEW YORK AVENUE,BROOKLYN,40.6231312960379,-73.94326379409226,In Progress
70219097,2026-08-28T08:56:59.000,Overgrown Tree/Branches,Blocking Street,7013 11 AVENUE,BROOKLYN,40.62566466080334,-74.00900969062401,In Progress
70220513,2026-08-28T08:48:26.000,Overgrown Tree/Branches,Blocking Street,1326 MACE AVENUE,BRONX,40.86284561814438,-73.84800619706206,In Progress
70221990,2026-08-28T08:35:26.000,Overgrown Tree/Branches,Blocking Street,399 EAST 94 STREET,BROOKLYN,40.65696862779544,-73.919581132021,In Progress
70229359,2026-08-28T08:34:32.000,Overgrown Tree/Branches,Hitting Building,21-18 23 STREET,QUEENS,40.781154101873575,-73.91411958947542,In Progress
70220558,2026-08-28T08:28:53.000,Overgrown Tree/Branches,Hitting Power Lines,421 HYLAN BOULEVARD,STATEN ISLAND,40.60960280954303,-74.0748658143478,In Progress
70226371,2026-08-28T08:15:00.000,Overgrown Tree/Branches,Hitting Building,15 NEWEL STREET,BROOKLYN,40.72345445314526,-73.9466237607988,In Progress
70229338,2026-08-28T06:48:32.000,Overgrown Tree/Branches,Hitting Building,447 84 STREET,BROOKLYN,40.62355122184325,-74.0264734589007,In Progress
70223507,2026-08-28T06:27:04.000,Overgrown Tree/Branches,Blocking Street,2020 EAST 54 STREET,BROOKLYN,40.612337120829146,-73.92175630993053,In Progress
70216377,2026-08-28T01:18:18.000,Overgrown Tree/Branches,Blocking Street,1711 OCEAN PARKWAY,BROOKLYN,40.606814579017566,-73.96717667445162,In Progress
70215000,2026-08-27T23:45:19.000,Overgrown Tree/Branches,Blocking Street,2778 THIRD AVENUE,BRONX,40.81495944495904,-73.91967562512845,In Progress
70215003,2026-08-27T22:03:19.000,Overgrown Tree/Branches,Clear Street Light,O AVENUE,BROOKLYN,40.61402964116973,-73.9493045583174,In Progress
70209579,2026-08-27T20:16:45.000,Overgrown Tree/Branches,Hitting Power Lines,768 EAST 220 STREET,BRONX,40.8836937671865,-73.86060154355741,In Progress
70216368,2026-08-27T20:12:35.000,Overgrown Tree/Branches,Hitting Building,768 EAST 220 STREET,BRONX,40.8836937671865,-73.86060154355741,In Progress
70210987,2026-08-27T19:13:24.000,Overgrown Tree/Branches,Hitting Building,1736 55 STREET,BROOKLYN,40.62551861922327,-73.98544979571876,In Progress
70217752,2026-08-27T18:50:19.000,Overgrown Tree/Branches,Hitting Building,255-44 147 DRIVE,QUEENS,40.655793915921734,-73.73380715780266,In Progress
70215030,2026-08-27T18:45:18.000,Overgrown Tree/Branches,Hitting Building,45-61 196 STREET,QUEENS,40.7545239798865,-73.78530160918963,In Progress
70209606,2026-08-27T18:40:11.000,Overgrown Tree/Branches,Hitting Building,45-38 217 STREET,QUEENS,40.76016783327273,-73.76455639484543,In Progress
70215019,2026-08-27T18:35:59.000,Overgrown Tree/Branches,Hitting Power Lines,34-28 70 STREET,QUEENS,40.751734787230056,-73.89604988467765,In Progress
70217757,2026-08-27T18:33:36.000,Overgrown Tree/Branches,Blocking Street,45-61 196 STREET,QUEENS,40.7545239798865,-73.78530160918963,In Progress
70209607,2026-08-27T18:05:25.000,Overgrown Tree/Branches,Hitting Building,85-80 87 STREET,QUEENS,40.69489947697198,-73.85793102348607,In Progress
70216396,2026-08-27T18:00:31.000,Overgrown Tree/Branches,Blocking Street,19-75 80 STREET,QUEENS,40.77127460042355,-73.89010568961838,In Progress
70211016,2026-08-27T17:53:14.000,Overgrown Tree/Branches,Hitting Building,186-21 ELMIRA AVENUE,QUEENS,40.703024762299215,-73.77007798854996,In Progress
70212359,2026-08-27T17:35:48.000,Overgrown Tree/Branches,Dead Branches in Tree,220-23 107 AVENUE,QUEENS,40.709556794591435,-73.73533463487395,In Progress
70213694,2026-08-27T17:31:11.000,Overgrown Tree/Branches,Hitting Building,3633 RICHMOND ROAD,STATEN ISLAND,40.57226448647664,-74.14245246399972,In Progress
70215029,2026-08-27T17:12:53.000,Overgrown Tree/Branches,Hitting Building,64-46 83 STREET,QUEENS,40.71979572658298,-73.87059809578528,In Progress
70215033,2026-08-27T17:10:15.000,Overgrown Tree/Branches,Blocking Street,64-46 83 STREET,QUEENS,40.71979572658298,-73.87059809578528,In Progress
70217758,2026-08-27T16:51:37.000,Overgrown Tree/Branches,Blocking Street,21-14 30 AVENUE,QUEENS,40.76978367476446,-73.9276004193343,In Progress
70217730,2026-08-27T16:47:30.000,Overgrown Tree/Branches,Blocking Street,738 4 AVENUE,BROOKLYN,40.661179753466286,-73.99729313073028,In Progress
70215002,2026-08-27T16:31:58.000,Overgrown Tree/Branches,Dead Branches in Tree,902 51 STREET,BROOKLYN,40.63899918205577,-74.00173311762465,In Progress
70210974,2026-08-27T16:22:22.000,Overgrown Tree/Branches,Dead Branches in Tree,1228 MACE AVENUE,BRONX,40.862908064776725,-73.85170088243318,In Progress
70210985,2026-08-27T16:14:43.000,Overgrown Tree/Branches,Hitting Building,511 10 STREET,BROOKLYN,40.66674768375245,-73.98299324186313,In Progress
70208267,2026-08-27T16:13:13.000,Overgrown Tree/Branches,Hitting Building,165 EAST 179 STREET,BRONX,40.851319006018336,-73.9056321454284,In Progress
70210986,2026-08-27T16:12:49.000,Overgrown Tree/Branches,Hitting Building,459 DAHILL ROAD,BROOKLYN,40.63615646481691,-73.97922869527082,In Progress
70208292,2026-08-27T16:10:13.000,Overgrown Tree/Branches,Hitting Building,61-11 168 STREET,QUEENS,40.73780080059005,-73.80092981694551,In Progress
70209618,2026-08-27T16:10:12.000,Overgrown Tree/Branches,Hitting Building,304 MALVINE AVENUE,STATEN ISLAND,40.545785333786164,-74.21913347794717,In Progress
70213654,2026-08-27T16:05:11.000,Overgrown Tree/Branches,Blocking Street,1596 EAST 21 STREET,BROOKLYN,40.61426184915353,-73.95318354261208,In Progress
70209585,2026-08-27T15:55:33.000,Overgrown Tree/Branches,Hitting Phone/Cable Lines,2244 EAST 22 STREET,BROOKLYN,40.596317261969034,-73.94883549185852,In Progress
70215021,2026-08-27T15:42:09.000,Overgrown Tree/Branches,Hitting Phone/Cable Lines,130-08 LEFFERTS BOULEVARD,QUEENS,40.67390075774439,-73.8198415688716,In Progress
70211010,2026-08-27T15:41:33.000,Overgrown Tree/Branches,Hitting Phone/Cable Lines,89-15 69 ROAD,QUEENS,40.711317350719135,-73.85466409699792,In Progress
70209616,2026-08-27T15:36:13.000,Overgrown Tree/Branches,Hitting Phone/Cable Lines,83 BALTIMORE STREET,STATEN ISLAND,40.5511781211296,-74.15366338043837,Closed
70212336,2026-08-27T15:22:08.000,Overgrown Tree/Branches,Dead Branches in Tree,738 4 AVENUE,BROOKLYN,40.661179753466286,-73.99729313073028,Closed
70216375,2026-08-27T15:14:22.000,Overgrown Tree/Branches,Hitting Building,416 SOUTH 4 STREET,BROOKLYN,40.707599981161955,-73.95115946306049,In Progress
70209608,2026-08-27T14:56:09.000,Overgrown Tree/Branches,Hitting Building,42-15 212 STREET,QUEENS,40.7620303321565,-73.77215570887422,In Progress
70217755,2026-08-27T14:52:35.000,Overgrown Tree/Branches,Dead Branches in Tree,31-40 34 STREET,QUEENS,40.76217977592523,-73.92192321800835,In Progress
70210979,2026-08-27T14:40:03.000,Overgrown Tree/Branches,Hitting Power Lines,4005 AVENUE P,BROOKLYN,40.618227811643834,-73.93561363806273,In Progress
70216374,2026-08-27T14:38:54.000,Overgrown Tree/Branches,Hitting Building,2336 WEST 8 STREET,BROOKLYN,40.59090013234566,-73.97828502342423,In Progress
70210988,2026-08-27T14:38:12.000,Overgrown Tree/Branches,Dead Branches in Tree,1744 66 STREET,BROOKLYN,40.61925839521585,-73.99203217796169,In Progress
70211005,2026-08-27T14:34:49.000,Overgrown Tree/Branches,Hitting Building,523 EAST 84 STREET,MANHATTAN,40.77431498025882,-73.94735563671317,Closed
70211026,2026-08-27T14:33:15.000,Overgrown Tree/Branches,Dead Branches in Tree,135A SHARROTT AVENUE,STATEN ISLAND,40.520321690798,-74.21326640137987,In Progress
70213649,2026-08-27T14:30:17.000,Overgrown Tree/Branches,Traffic Sign or Signal Blocked,11 AVENUE,BROOKLYN,40.620125075067115,-74.01478316742393,Closed
70217731,2026-08-27T14:19:16.000,Overgrown Tree/Branches,Blocking Street,868 EAST 24 STREET,BROOKLYN,40.62926213451203,-73.95318022539469,In Progress
70212355,2026-08-27T14:15:28.000,Overgrown Tree/Branches,Hitting Phone/Cable Lines,32-20 164 STREET,QUEENS,40.768786374138514,-73.80095994378502,In Progress
70217747,2026-08-27T14:14:08.000,Overgrown Tree/Branches,Hitting Building,PAYSON AVENUE,MANHATTAN,40.86634670693636,-73.92929941176281,In Progress
70208286,2026-08-27T14:11:08.000,Overgrown Tree/Branches,Blocking Street,PAYSON AVENUE,MANHATTAN,40.86634670693636,-73.92929941176281,In Progress
70208270,2026-08-27T14:09:37.000,Overgrown Tree/Branches,Hitting Power Lines,2439 EAST 1 STREET,BROOKLYN,40.58975619762334,-73.96911852668718,In Progress
70215031,2026-08-27T14:09:03.000,Overgrown Tree/Branches,Dead Branches in Tree,50-37 208 STREET,QUEENS,40.752052317951254,-73.77173506726335,In Progress
70215028,2026-08-27T14:08:57.000,Overgrown Tree/Branches,Hitting Building,183-04 145 AVENUE,QUEENS,40.66499589797067,-73.76201948456901,In Progress
70216394,2026-08-27T14:05:43.000,Overgrown Tree/Branches,Hitting Building,70-12 71 PLACE,QUEENS,40.70595662658327,-73.88076721937809,In Progress
70215020,2026-08-27T14:03:39.000,Overgrown Tree/Branches,Hitting Phone/Cable Lines,183-04 145 AVENUE,QUEENS,40.66499589797067,-73.76201948456901,In Progress
70208264,2026-08-27T14:02:17.000,Overgrown Tree/Branches,Hitting Power Lines,3321 CORSA AVENUE,BRONX,40.87509586390954,-73.84642694927587,In Progress
70212333,2026-08-27T13:57:06.000,Overgrown Tree/Branches,Hitting Building,1455 CONEY ISLAND AVENUE,BROOKLYN,40.62180313274835,-73.96460091573071,In Progress
70212376,2026-08-27T13:47:00.000,Overgrown Tree/Branches,Dead Branches in Tree,49 KENILWORTH AVENUE,STATEN ISLAND,40.56451025623081,-74.18321422752999,In Progress
70213651,2026-08-27T13:43:31.000,Overgrown Tree/Branches,Hitting Building,179 ROSS STREET,BROOKLYN,40.706077261368705,-73.95987816901543,In Progress
70216372,2026-08-27T13:41:30.000,Overgrown Tree/Branches,Hitting Power Lines,270 MC KINLEY AVENUE,BROOKLYN,40.68060620330818,-73.8660556138014,In Progress
70209603,2026-08-27T13:39:08.000,Overgrown Tree/Branches,Hitting Power Lines,89-76 219 STREET,QUEENS,40.727044546922436,-73.74296089950526,In Progress
70209615,2026-08-27T13:37:38.000,Overgrown Tree/Branches,Hitting Power Lines,159 ASPINWALL STREET,STATEN ISLAND,40.50442475541984,-74.24821474545382,In Progress
70217729,2026-08-27T13:32:16.000,Overgrown Tree/Branches,Hitting Building,45 CLINTON AVENUE,BROOKLYN,40.696564102973184,-73.96947656266303,In Progress
70215015,2026-08-27T13:30:28.000,Overgrown Tree/Branches,Hitting Building,533 EAST 87 STREET,MANHATTAN,40.77623279932913,-73.94573296954357,In Progress
70211018,2026-08-27T13:28:12.000,Overgrown Tree/Branches,Blocking Street,48 AVENUE,QUEENS,40.7561965881882,-73.76341899871136,In Progress
70209587,2026-08-27T13:21:33.000,Overgrown Tree/Branches,Hitting Building,2451 EAST 72 STREET,BROOKLYN,40.61480207059235,-73.9006033521122,In Progress
70216389,2026-08-27T13:15:06.000,Overgrown Tree/Branches,Hitting Phone/Cable Lines,73-07 69 AVENUE,QUEENS,40.70924739508243,-73.87795151460472,In Progress
70212321,2026-08-27T13:07:21.000,Overgrown Tree/Branches,Hitting Building,4039 DEREIMER AVENUE,BRONX,40.89164345988766,-73.84224380417527,In Progress
70212361,2026-08-27T13:05:02.000,Overgrown Tree/Branches,Blocking Street,68-06 ELIOT AVENUE,QUEENS,40.71888761127896,-73.89231326515602,In Progress
70216393,2026-08-27T13:01:08.000,Overgrown Tree/Branches,Hitting Building,160-10 76 ROAD,QUEENS,40.724698377616534,-73.80802580764417,In Progress
70213680,2026-08-27T12:59:05.000,Overgrown Tree/Branches,Blocking Street,115 AVENUE,QUEENS,40.69783152461569,-73.72961101944051,In Progress
70208293,2026-08-27T12:55:42.000,Overgrown Tree/Branches,Hitting Building,162-04 14 AVENUE,QUEENS,40.788972216503055,-73.79995344096893,In Progress
70216367,2026-08-27T12:55:22.000,Overgrown Tree/Branches,Hitting Power Lines,1732 LAFAYETTE AVENUE,BRONX,40.820822919229414,-73.86706322837988,In Progress
70210980,2026-08-27T12:51:16.000,Overgrown Tree/Branches,Hitting Power Lines,2059 EAST 36 STREET,BROOKLYN,40.608832032126365,-73.9303104460213,In Progress
70213653,2026-08-27T12:42:20.000,Overgrown Tree/Branches,Dead Branches in Tree,70 TAPSCOTT STREET,BROOKLYN,40.66620826945784,-73.92060452005977,In Progress
70217725,2026-08-27T12:41:50.000,Overgrown Tree/Branches,Hitting Building,1201 TINTON AVENUE,BRONX,40.82924164763147,-73.90040226043398,In Progress
70212375,2026-08-27T12:38:59.000,Overgrown Tree/Branches,Hitting Building,336 ROSS AVENUE,STATEN ISLAND,40.56962367463264,-74.11311878384441,In Progress
70217756,2026-08-27T12:37:26.000,Overgrown Tree/Branches,Blocking Street,149-25 15 ROAD,QUEENS,40.786415168485114,-73.81538430929255,In Progress
70209578,2026-08-27T12:29:09.000,Overgrown Tree/Branches,Hitting Power Lines,2063 CICERO AVENUE,BRONX,40.817068999527855,-73.85199812209929,In Progress
70209602,2026-08-27T12:29:07.000,Overgrown Tree/Branches,Hitting Power Lines,115-69 203 STREET,QUEENS,40.697236248243605,-73.75041828451266,In Progress
70215016,2026-08-27T12:26:33.000,Overgrown Tree/Branches,Hitting Building,527 EAST 78 STREET,MANHATTAN,40.77008626836281,-73.9494348720922,In Progress
70213647,2026-08-27T12:14:58.000,Overgrown Tree/Branches,Hitting Power Lines,490 MIDWOOD STREET,BROOKLYN,40.66050748731345,-73.94416552316142,In Progress
70213650,2026-08-27T12:14:20.000,Overgrown Tree/Branches,Hitting Building,1694 42 STREET,BROOKLYN,40.633735596024565,-73.97941679806789,In Progress
70210978,2026-08-27T12:07:38.000,Overgrown Tree/Branches,Hitting Phone/Cable Lines,2425 83 STREET,BROOKLYN,40.60065372326683,-73.98704689429198,In Progress
70212330,2026-08-27T12:05:20.000,Overgrown Tree/Branches,Hitting Phone/Cable Lines,872 BLAKE AVENUE,BROOKLYN,40.669094407859674,-73.88627273472001,In Progress
70216395,2026-08-27T12:03:20.000,Overgrown Tree/Branches,Hitting Building,145-14 SUTTER AVENUE,QUEENS,40.67186474662715,-73.79251081234857,In Progress
70217727,2026-08-27T12:01:30.000,Overgrown Tree/Branches,Traffic Sign or Signal Blocked,356 CLINTON STREET,BROOKLYN,40.68489734998018,-73.99694963261561,Closed
70217750,2026-08-27T12:01:09.000,Overgrown Tree/Branches,Hitting Power Lines,112-19 204 STREET,QUEENS,40.703262013091,-73.75214134011448,In Progress
70215004,2026-08-27T11:51:50.000,Overgrown Tree/Branches,Blocking Street,8821 AVENUE A,BROOKLYN,40.65033986411197,-73.91941974491641,In Progress
70208271,2026-08-27T11:51:01.000,Overgrown Tree/Branches,Hitting Building,1213 EAST 95 STREET,BROOKLYN,40.64132252978765,-73.9009349852918,In Progress
70212322,2026-08-27T11:47:21.000,Overgrown Tree/Branches,Blocking Street,3331 PERRY AVENUE,BRONX,40.87800375287516,-73.87473077186706,In Progress
70211019,2026-08-27T11:43:12.000,Overgrown Tree/Branches,Blocking Street,94-61 218 STREET,QUEENS,40.71888871111885,-73.73759554865677,In Progress
70212334,2026-08-27T11:40:10.000,Overgrown Tree/Branches,Hitting Building,1245 JEFFERSON AVENUE,BROOKLYN,40.691772948940354,-73.91281034194787,In Progress
70216378,2026-08-27T11:34:27.000,Overgrown Tree/Branches,Blocking Street,310 JEFFERSON STREET,BROOKLYN,40.70452616758494,-73.92603745838848,In Progress
70212339,2026-08-27T11:27:14.000,Overgrown Tree/Branches,Blocking Street,5622 BEVERLEY ROAD,BROOKLYN,40.64671662447793,-73.9232511156586,In Progress
70213678,2026-08-27T11:17:48.000,Overgrown Tree/Branches,Hitting Building,190-71 111 ROAD,QUEENS,40.70128114249509,-73.76430994101311,In Progress
70212360,2026-08-27T11:16:24.000,Overgrown Tree/Branches,Dead Branches in Tree,21 ROAD,QUEENS,40.778120624114344,-73.80059624846497,In Progress
70216406,2026-08-27T11:10:44.000,Overgrown Tree/Branches,Hitting Power Lines,90 ANNADALE ROAD,STATEN ISLAND,40.56133565585716,-74.17723482341088,In Progress
70215001,2026-08-27T11:05:07.000,Overgrown Tree/Branches,Hitting Power Lines,5321 AVENUE O,BROOKLYN,40.61681775933316,-73.92344037676912,In Progress
70212337,2026-08-27T10:58:54.000,Overgrown Tree/Branches,Blocking Street,216 UTICA AVENUE,BROOKLYN,40.67134215344243,-73.93089040877486,In Progress
70211009,2026-08-27T10:44:54.000,Overgrown Tree/Branches,Hitting Power Lines,37-39 101 STREET,QUEENS,40.752392737821964,-73.86604842428113,In Progress
70208285,2026-08-27T10:22:04.000,Overgrown Tree/Branches,Dead Branches in Tree,270 WEST 70 STREET,MANHATTAN,40.778132931397224,-73.98462931955207,In Progress
70211006,2026-08-27T10:09:32.000,Overgrown Tree/Branches,Dead Branches in Tree,41 RIVERSIDE DRIVE,MANHATTAN,40.78324908520495,-73.98438620410325,In Progress
70212358,2026-08-27T10:05:29.000,Overgrown Tree/Branches,Hitting Building,212-77 WHITEHALL TERRACE,QUEENS,40.726232468887666,-73.75316713495378,In Progress
70212354,2026-08-27T10:05:06.000,Overgrown Tree/Branches,Hitting Power Lines,150-86 116 ROAD,QUEENS,40.68206061670391,-73.79195989758205,In Progress
70210989,2026-08-27T09:54:15.000,Overgrown Tree/Branches,Blocking Street,2172 EAST 2 STREET,BROOKLYN,40.59636850804457,-73.96945034806558,In Progress
70215032,2026-08-27T09:49:54.000,Overgrown Tree/Branches,Clear Street Light,28-31 36 STREET,QUEENS,40.766334122421036,-73.91631194709029,In Progress
70213674,2026-08-27T09:37:57.000,Overgrown Tree/Branches,Hitting Phone/Cable Lines,23-61 27 STREET,QUEENS,40.77486227505507,-73.91664783831372,In Progress
70214999,2026-08-27T09:31:27.000,Overgrown Tree/Branches,Hitting Building,2919 TIEMANN AVENUE,BRONX,40.8690313559748,-73.83930009556889,In Progress
70212338,2026-08-27T09:29:54.000,Overgrown Tree/Branches,Blocking Street,4 AVENUE,BROOKLYN,40.66733598919628,-73.99123340389983,In Progress
70216409,2026-08-27T09:25:46.000,Overgrown Tree/Branches,Blocking Street,39 PARK STREET,STATEN ISLAND,40.568933728113706,-74.12719478759671,In Progress
70213652,2026-08-27T09:20:04.000,Overgrown Tree/Branches,Hitting Building,222 14 STREET,BROOKLYN,40.666778707240105,-73.99009801056872,In Progress
70213679,2026-08-27T09:18:21.000,Overgrown Tree/Branches,Dead Branches in Tree,104-67 110 STREET,QUEENS,40.6839841378949,-73.8319183023384,In Progress
70208272,2026-08-27T09:15:58.000,Overgrown Tree/Branches,Blocking Street,220 14 STREET,BROOKLYN,40.666803414570715,-73.99014847210067,In Progress
70211017,2026-08-27T09:11:54.000,Overgrown Tree/Branches,Hitting Building,123-02 HILLSIDE AVENUE,QUEENS,40.70231863431009,-73.82780384901068,In Progress
70217753,2026-08-27T08:53:38.000,Overgrown Tree/Branches,Hitting Building,61-34 85 STREET,QUEENS,40.727282762331896,-73.87245607436712,In Progress
70213695,2026-08-27T08:53:30.000,Overgrown Tree/Branches,Clear Street Light,41 CHARLESTON AVENUE,STATEN ISLAND,40.54944505633648,-74.2157702397924,In Progress
70217728,2026-08-27T08:45:10.000,Overgrown Tree/Branches,Hitting Building,182 BRISTOL STREET,BROOKLYN,40.667264287348644,-73.91206376746275,In Progress
70212329,2026-08-27T08:44:50.000,Overgrown Tree/Branches,Hitting Power Lines,1850 EAST 34 STREET,BROOKLYN,40.611209304306556,-73.93549074769443,In Progress
70213693,2026-08-27T08:34:31.000,Overgrown Tree/Branches,Traffic Sign or Signal Blocked,642 FOREST AVENUE,STATEN ISLAND,40.62978937949196,-74.11060883269097,Closed
70212335,2026-08-27T08:31:01.000,Overgrown Tree/Branches,Dead Branches in Tree,1817 MADISON PLACE,BROOKLYN,40.60926549155481,-73.93962720684114,In Progress
70217732,2026-08-27T08:27:20.000,Overgrown Tree/Branches,Hitting Building,16 FURMAN AVENUE,BROOKLYN,40.681854518188025,-73.90729251502097,In Progress
70217754,2026-08-27T07:50:27.000,Overgrown Tree/Branches,Dead Branches in Tree,188-04 RIO DRIVE,QUEENS,40.71847109705757,-73.77500660996701,In Progress
70216376,2026-08-27T07:18:04.000,Overgrown Tree/Branches,Dead Branches in Tree,546 BERGAN STREET,BROOKLYN,40.68025263309874,-73.97224575291094,In Progress
70208294,2026-08-27T06:49:38.000,Overgrown Tree/Branches,Blocking Street,90-23 205 STREET,QUEENS,40.717470258916926,-73.75791086440296,In Progress
70198348,2026-08-26T23:27:49.000,Overgrown Tree/Branches,Hitting Building,135-16 96 STREET,QUEENS,40.673794116088196,-73.84057445187031,In Progress
70204062,2026-08-26T23:27:06.000,Overgrown Tree/Branches,Blocking Street,117 KINGSLAND AVENUE,BROOKLYN,40.72052021265209,-73.94081793408567,In Progress
70202662,2026-08-26T23:01:57.000,Overgrown Tree/Branches,Clear Street Light,144-18 69 AVENUE,QUEENS,40.73150001493343,-73.8235393620896,In Progress
70201261,2026-08-26T22:39:39.000,Overgrown Tree/Branches,Traffic Sign or Signal Blocked,ARTHUR KILL ROAD,STATEN ISLAND,40.55025246136078,-74.22131435334978,Closed
70198325,2026-08-26T21:50:20.000,Overgrown Tree/Branches,Hitting Power Lines,4590 BEDFORD AVENUE,BROOKLYN,40.58964548111593,-73.94469643636046,In Progress
70205519,2026-08-26T21:38:16.000,Overgrown Tree/Branches,Dead Branches in Tree,249-30 VAN ZANDT AVENUE,QUEENS,40.763830769977666,-73.73370387286785,In Progress
70196917,2026-08-26T21:29:14.000,Overgrown Tree/Branches,Hitting Building,249-24 VAN ZANDT AVENUE,QUEENS,40.76378702116369,-73.73377624623913,In Progress
70196919,2026-08-26T21:26:59.000,Overgrown Tree/Branches,Clear Street Light,249-25 VAN ZANDT AVENUE,QUEENS,40.76380076983589,-73.73378702105352,In Progress
70205517,2026-08-26T21:26:14.000,Overgrown Tree/Branches,Hitting Building,249-30 VAN ZANDT AVENUE,QUEENS,40.763830769977666,-73.73370387286785,In Progress
70201230,2026-08-26T21:22:29.000,Overgrown Tree/Branches,Hitting Power Lines,4596 BEDFORD AVENUE,BROOKLYN,40.58953567873322,-73.9446749243723,In Progress
70199829,2026-08-26T20:58:58.000,Overgrown Tree/Branches,Dead Branches in Tree,PAGE AVENUE,STATEN ISLAND,40.51160195034103,-74.23139271319131,In Progress
70204050,2026-08-26T20:28:07.000,Overgrown Tree/Branches,Clear Street Light,951 EAST 241 STREET,BRONX,40.90209259528052,-73.8443532822665,In Progress
70205501,2026-08-26T20:05:05.000,Overgrown Tree/Branches,Blocking Street,4509 5 AVENUE,BROOKLYN,40.647785005985675,-74.00751717138104,In Progress
70196898,2026-08-26T19:54:07.000,Overgrown Tree/Branches,Hitting Building,1182 ROGERS AVENUE,BROOKLYN,40.64129457698438,-73.95147463797868,In Progress
70205498,2026-08-26T19:51:14.000,Overgrown Tree/Branches,Hitting Building,46 IRVING PLACE,BROOKLYN,40.68375134516822,-73.9599637133437,In Progress
70202653,2026-08-26T19:32:04.000,Overgrown Tree/Branches,Hitting Building,254-17 40 AVENUE,QUEENS,40.774269577711266,-73.73993716175926,In Progress
70201257,2026-08-26T19:17:46.000,Overgrown Tree/Branches,Hitting Power Lines,132 WOODVALE AVENUE,STATEN ISLAND,40.521335740475344,-74.2096296512574,Closed
70196939,2026-08-26T19:11:45.000,Overgrown Tree/Branches,Dead Branches in Tree,894 SINCLAIR AVENUE,STATEN ISLAND,40.53937648916997,-74.20560994067255,In Progress
70206905,2026-08-26T18:43:04.000,Overgrown Tree/Branches,Hitting Building,597 LINDEN BOULEVARD,BROOKLYN,40.653435785601935,-73.93665723568817,In Progress
70202632,2026-08-26T18:40:18.000,Overgrown Tree/Branches,Hitting Building,422 QUINCY AVENUE,BRONX,40.82014587790322,-73.82105342104714,In Progress
70201256,2026-08-26T18:29:54.000,Overgrown Tree/Branches,Hitting Power Lines,4300 RICHMOND AVENUE,STATEN ISLAND,40.53472414767613,-74.15481633522576,Closed
70204060,2026-08-26T18:29:32.000,Overgrown Tree/Branches,Clear Street Light,35 4 PLACE,BROOKLYN,40.678620093050526,-74.00074269093851,In Progress
70198332,2026-08-26T18:29:22.000,Overgrown Tree/Branches,Hitting Building,2525 EAST 26 STREET,BROOKLYN,40.59057556833065,-73.94387114172814,In Progress
70198331,2026-08-26T18:27:57.000,Overgrown Tree/Branches,Hitting Building,1491 EAST 48 STREET,BROOKLYN,40.62429289550839,-73.92939371225435,In Progress
70199828,2026-08-26T18:27:20.000,Overgrown Tree/Branches,Hitting Building,4294 RICHMOND AVENUE,STATEN ISLAND,40.53479260775019,-74.15493521271992,Closed
70204057,2026-08-26T18:26:30.000,Overgrown Tree/Branches,Hitting Building,1312 HERKIMER STREET,BROOKLYN,40.67747890607415,-73.9101972074464,In Progress
70202634,2026-08-26T18:22:37.000,Overgrown Tree/Branches,Hitting Power Lines,80 86 STREET,BROOKLYN,40.62496174789028,-74.0374181022026,In Progress
70201245,2026-08-26T18:21:47.000,Overgrown Tree/Branches,Hitting Phone/Cable Lines,123-01 109 AVENUE,QUEENS,40.68328592066573,-73.81857950779309,In Progress
70205516,2026-08-26T18:19:12.000,Overgrown Tree/Branches,Traffic Sign or Signal Blocked,119-20 109 AVENUE,QUEENS,40.6823112879981,-73.8219424880881,Closed
70196901,2026-08-26T18:19:02.000,Overgrown Tree/Branches,Blocking Street,1427 EAST 4 STREET,BROOKLYN,40.61572526103695,-73.97120281801594,In Progress
70199830,2026-08-26T17:57:40.000,Overgrown Tree/Branches,Blocking Street,98 SINCLAIR AVENUE,STATEN ISLAND,40.5487535952701,-74.18410658129764,In Progress
70199791,2026-08-26T17:56:45.000,Overgrown Tree/Branches,Hitting Building,408 CLASSON AVENUE,BROOKLYN,40.68618578813543,-73.95947908717721,In Progress
70271690,2026-09-01T23:55:25.000,Air Quality,Asbestos Disturbance,1420 YORK AVENUE,MANHATTAN,40.76906362804333,-73.95212163178651,In Progress
70264952,2026-09-01T23:34:52.000,Air Quality,Restaurant Odor,893 9 AVENUE,MANHATTAN,40.76843860861184,-73.9853427581144,In Progress
70267650,2026-09-01T22:29:38.000,Air Quality,Vehicle Idling Odor,640 8 AVENUE,MANHATTAN,40.75666417742652,-73.99019293432467,In Progress
70264950,2026-09-01T22:29:36.000,Air Quality,Vehicle Idling Odor,640 8 AVENUE,MANHATTAN,40.75666417742652,-73.99019293432467,In Progress
70264949,2026-09-01T22:29:34.000,Air Quality,Vehicle Idling Odor,640 8 AVENUE,MANHATTAN,40.75666417742652,-73.99019293432467,In Progress
70266273,2026-09-01T22:29:33.000,Air Quality,Vehicle Idling Odor,640 8 AVENUE,MANHATTAN,40.75666417742652,-73.99019293432467,In Progress
70262296,2026-09-01T22:29:31.000,Air Quality,Vehicle Idling Odor,640 8 AVENUE,MANHATTAN,40.75666417742652,-73.99019293432467,In Progress
70262295,2026-09-01T22:23:25.000,Air Quality,Vehicle Idling Odor,TOMPKINS AVENUE,BROOKLYN,,,In Progress
70266275,2026-09-01T22:15:56.000,Air Quality,Restaurant Odor,3145 BRIGHTON 4 STREET,BROOKLYN,40.575585712997906,-73.96297313198868,In Progress
70263613,2026-09-01T22:07:06.000,Air Quality,Dust from Construction,3 HUDSON RIVER ROAD,BRONX,40.9034358441506,-73.90984487551954,In Progress
70264951,2026-09-01T21:22:40.000,Air Quality,Vehicle Idling Odor,77-69 173 STREET,QUEENS,40.724628237741186,-73.79596876210161,In Progress
70267654,2026-09-01T18:49:33.000,Air Quality,Chimney/Vent Smoke,986 LEGGETT AVENUE,BRONX,40.81464481004734,-73.89991471920176,In Progress
70266274,2026-09-01T18:08:42.000,Air Quality,Vehicle Exhaust Smoke,78-15 PARSONS BOULEVARD,QUEENS,40.72195913199264,-73.80969682426189,In Progress
70270302,2026-09-01T17:34:03.000,Air Quality,Asbestos Disturbance,341 77 STREET,BROOKLYN,40.62974878986108,-74.02719284583883,In Progress
70271689,2026-09-01T15:04:03.000,Air Quality,Chimney/Vent Smoke,30 FAIRVIEW AVENUE,MANHATTAN,40.8574099430714,-73.92926191694492,In Progress
70266272,2026-09-01T12:39:47.000,Air Quality,Vehicle Idling Odor,3851 WHITE PLAINS ROAD,BRONX,40.88488126916563,-73.86209627870585,In Progress
70264953,2026-09-01T12:36:35.000,Air Quality,Dust from Construction,225 MACDONOUGH STREET,BROOKLYN,40.6818114044747,-73.9368466108752,Closed
70267653,2026-09-01T12:22:43.000,Air Quality,Dust from Construction,225 MACDONOUGH STREET,BROOKLYN,40.6818114044747,-73.9368466108752,In Progress
70270300,2026-09-01T12:18:25.000,Air Quality,Vehicle Idling Odor,475 CLERMONT AVENUE,BROOKLYN,40.68330396241382,-73.96889132213484,Closed
70262297,2026-09-01T11:57:27.000,Air Quality,Vehicle Exhaust Smoke,78-15 PARSONS BOULEVARD,QUEENS,40.72195913199264,-73.80969682426189,In Progress
70270299,2026-09-01T11:53:40.000,Air Quality,Vehicle Idling Odor,9718 FORT HAMILTON PARKWA,BROOKLYN,40.61370743391433,-74.03036669204378,Closed
70271687,2026-09-01T11:17:41.000,Air Quality,Vehicle Idling Odor,233 FORBELL STREET,BROOKLYN,40.67727136435564,-73.86377299237697,In Progress
70267651,2026-09-01T11:02:34.000,Air Quality,Vehicle Idling Odor,876 NOSTRAND AVENUE,BROOKLYN,40.668206820035955,-73.95066922692882,Closed
70270298,2026-09-01T10:46:29.000,Air Quality,Vehicle Idling Odor,130 LENOX AVENUE,MANHATTAN,40.80235883795086,-73.94942480453088,In Progress
70270301,2026-09-01T09:58:25.000,Air Quality,Asbestos Disturbance,250 HAWTHORNE STREET,BROOKLYN,40.65772780833192,-73.95198168447644,In Progress
70263611,2026-09-01T09:25:36.000,Air Quality,Vehicle Idling Odor,32-40 205 STREET,QUEENS,40.770266503083356,-73.78456851688216,In Progress
70271688,2026-09-01T09:16:03.000,Air Quality,Restaurant Odor,2015 BROADWAY,MANHATTAN,40.77610421457123,-73.98215654482006,In Progress
70267649,2026-09-01T09:03:05.000,Air Quality,Vehicle Idling Odor,18 EAST 12 STREET,MANHATTAN,40.73427275405301,-73.99365298800673,In Progress
70263612,2026-09-01T08:57:45.000,Air Quality,Vehicle Idling Odor,328 WEST 4 STREET,MANHATTAN,40.73791240608902,-74.00388275040244,In Progress
70264954,2026-09-01T08:24:34.000,Air Quality,Asbestos Disturbance,240 WEST 4 STREET,MANHATTAN,40.73454187408116,-74.00306346500425,In Progress
70267652,2026-09-01T07:52:32.000,Air Quality,Vehicle Exhaust Smoke,93-43 215 PLACE,QUEENS,40.719638493494784,-73.74143822428483,In Progress
70253270,2026-09-01T00:35:55.000,Air Quality,Asbestos Disturbance,2501 86 STREET,BROOKLYN,40.59786501220483,-73.98707624276909,In Progress
70253267,2026-08-31T21:36:00.000,Air Quality,Vehicle Idling Odor,26 RUSSELL STREET,BROOKLYN,40.72144943409474,-73.94379699767994,In Progress
70254764,2026-08-31T18:34:48.000,Air Quality,Vehicle Idling Odor,640 8 AVENUE,MANHATTAN,40.75666417742652,-73.99019293432467,Closed
70254765,2026-08-31T18:34:43.000,Air Quality,Vehicle Idling Odor,640 8 AVENUE,MANHATTAN,40.75666417742652,-73.99019293432467,Closed
70260817,2026-08-31T18:34:39.000,Air Quality,Vehicle Idling Odor,640 8 AVENUE,MANHATTAN,40.75666417742652,-73.99019293432467,Closed
70250261,2026-08-31T18:34:34.000,Air Quality,Vehicle Idling Odor,640 8 AVENUE,MANHATTAN,40.75666417742652,-73.99019293432467,Closed
70259305,2026-08-31T18:34:30.000,Air Quality,Vehicle Idling Odor,640 8 AVENUE,MANHATTAN,40.75666417742652,-73.99019293432467,Closed
70257798,2026-08-31T18:21:28.000,Air Quality,Chimney/Vent Smoke,986 LEGGETT AVENUE,BRONX,40.81464481004734,-73.89991471920176,In Progress
70253271,2026-08-31T17:54:22.000,Air Quality,Asbestos Disturbance,1407 LINDEN BOULEVARD,BROOKLYN,40.654643005015394,-73.90756819336421,Closed
70260816,2026-08-31T17:18:45.000,Air Quality,Vehicle Idling Odor,EAST 77 STREET,MANHATTAN,40.76946892116223,-73.94993716064114,Closed
70259309,2026-08-31T16:35:53.000,Air Quality,Other Air Problem,88-61 75 AVENUE,QUEENS,40.70835309889248,-73.86141908603219,In Progress
70254766,2026-08-31T15:24:13.000,Air Quality,Vehicle Idling Odor,OLD TOWN ROAD,STATEN ISLAND,40.59702082755506,-74.09338189502466,Closed
70260819,2026-08-31T15:09:27.000,Air Quality,Asbestos Disturbance,85-36 54 AVENUE,QUEENS,40.733801150110516,-73.87972511671595,In Progress
70259308,2026-08-31T13:43:24.000,Air Quality,Restaurant Odor,198 UNDERHILL AVENUE,BROOKLYN,40.674695781330406,-73.96684764970726,In Progress
70253268,2026-08-31T12:23:40.000,Air Quality,Vehicle Idling Odor,43 CENTRAL AVENUE,BROOKLYN,40.701795857969664,-73.931663099534,Closed
70251772,2026-08-31T12:17:32.000,Air Quality,Chimney/Vent Smoke,146 28 AVENUE,BROOKLYN,40.58757477541855,-73.98721864902598,In Progress
70250263,2026-08-31T12:12:32.000,Air Quality,Restaurant Odor,344 7 AVENUE,BROOKLYN,40.66649500153321,-73.98192633269691,In Progress
70254768,2026-08-31T11:50:29.000,Air Quality,Other Air Problem,1201 RANDALL AVENUE,BRONX,40.81154284159878,-73.89038599966794,In Progress
70253269,2026-08-31T10:53:48.000,Air Quality,Dust,766 FULTON STREET,BROOKLYN,40.684852521710106,-73.9708304302586,In Progress
70260820,2026-08-31T10:48:27.000,Air Quality,Asbestos Disturbance,1481 TROY AVENUE,BROOKLYN,40.6361808721661,-73.93452622390245,In Progress
70256297,2026-08-31T10:42:46.000,Air Quality,Vehicle Idling Odor,640 8 AVENUE,MANHATTAN,40.75666417742652,-73.99019293432467,Closed
70251770,2026-08-31T10:42:42.000,Air Quality,Vehicle Idling Odor,640 8 AVENUE,MANHATTAN,40.75666417742652,-73.99019293432467,Closed
70259307,2026-08-31T10:42:37.000,Air Quality,Vehicle Idling Odor,640 8 AVENUE,MANHATTAN,40.75666417742652,-73.99019293432467,Closed
70256296,2026-08-31T10:42:33.000,Air Quality,Vehicle Idling Odor,640 8 AVENUE,MANHATTAN,40.75666417742652,-73.99019293432467,Closed
70259306,2026-08-31T10:42:31.000,Air Quality,Vehicle Idling Odor,640 8 AVENUE,MANHATTAN,40.75666417742652,-73.99019293432467,Closed
70251771,2026-08-31T10:42:27.000,Air Quality,Vehicle Idling Odor,640 8 AVENUE,MANHATTAN,40.75666417742652,-73.99019293432467,Closed
70259310,2026-08-31T10:08:30.000,Air Quality,Dust,GLENWOOD ROAD,BROOKLYN,40.63482761641837,-73.9343942431712,In Progress
70256298,2026-08-31T10:01:20.000,Air Quality,Asbestos Disturbance,FARRAGUT ROAD,BROOKLYN,40.637097694302234,-73.93463701901271,Closed
70254767,2026-08-31T09:41:35.000,Air Quality,Restaurant Odor,5924 AVENUE N,BROOKLYN,40.619487486219505,-73.91807018063585,In Progress
70259311,2026-08-31T09:08:35.000,Air Quality,Asbestos Disturbance,2149 PACIFIC STREET,BROOKLYN,40.67578102595231,-73.91531519320986,In Progress
70250264,2026-08-31T09:01:46.000,Air Quality,Asbestos Disturbance,2149 PACIFIC STREET,BROOKLYN,40.67578102595231,-73.91531519320986,In Progress
70260818,2026-08-31T08:54:39.000,Air Quality,Dust,75 SOUTH 8 STREET,BROOKLYN,40.709801228639094,-73.96632881943499,In Progress
70254763,2026-08-31T08:20:08.000,Air Quality,Vehicle Idling Odor,93-45 215 PLACE,QUEENS,40.71961649500638,-73.74142027198252,In Progress
70250262,2026-08-31T05:26:39.000,Air Quality,Vehicle Idling Odor,2 CARLTON AVENUE,BROOKLYN,40.69770149308565,-73.97376035943782,Closed
70256295,2026-08-31T05:16:24.000,Air Quality,Vehicle Idling Odor,189 SPRING STREET,MANHATTAN,40.72507246955647,-74.0029944813398,In Progress
70257797,2026-08-31T03:10:11.000,Air Quality,Sweet Odor From Unknown Source,9 SEAMAN AVENUE,MANHATTAN,40.86651033722923,-73.92760357607516,In Progress
70243588,2026-08-30T20:45:27.000,Air Quality,Restaurant Odor,4-85 47 ROAD,QUEENS,40.74533414924066,-73.95610848241337,Closed
70240944,2026-08-30T19:49:14.000,Air Quality,Restaurant Odor,1273 CONEY ISLAND AVENUE,BROOKLYN,40.62640641143786,-73.96547027330162,In Progress
70246245,2026-08-30T18:33:59.000,Air Quality,Dust from Construction,104-21 104 STREET,QUEENS,40.68139167615355,-73.83666961156277,Closed
70248832,2026-08-30T17:20:34.000,Air Quality,Restaurant Odor,135 EAST 149 STREET,BRONX,40.81887647971722,-73.92849720124862,Closed
70240945,2026-08-30T16:47:22.000,Air Quality,Asbestos Disturbance,39-01 MAIN STREET,QUEENS,40.76016833864922,-73.83042294583589,In Progress
70239593,2026-08-30T16:36:57.000,Air Quality,Restaurant Odor,83 MOTT STREET,MANHATTAN,40.716536290268444,-73.99794741968182,In Progress
70246244,2026-08-30T16:15:03.000,Air Quality,Vehicle Idling Odor,401 WEST 14 STREET,MANHATTAN,40.74108526523044,-74.00566562121959,In Progress
70247553,2026-08-30T16:01:19.000,Air Quality,Vehicle Idling Odor,1160 5 AVENUE,MANHATTAN,40.788618385443584,-73.95524574811144,In Progress
70239591,2026-08-30T14:31:55.000,Air Quality,Vehicle Idling Odor,8 BAILEY PLACE,STATEN ISLAND,40.63867821504909,-74.16843238401806,Closed
70244920,2026-08-30T14:17:29.000,Air Quality,Vehicle Idling Odor,110 EAST 48 STREET,MANHATTAN,40.75553631294464,-73.9739902393919,Closed
70247554,2026-08-30T12:50:53.000,Air Quality,Vehicle Idling Odor,155 STREET,QUEENS,,,In Progress
70246246,2026-08-30T12:19:47.000,Air Quality,Chimney/Vent Smoke,775 COLUMBUS AVENUE,MANHATTAN,40.7940485808299,-73.9666437522384,In Progress
70247555,2026-08-30T11:21:58.000,Air Quality,Restaurant Odor,775 COLUMBUS AVENUE,MANHATTAN,40.7940485808299,-73.9666437522384,Closed
70243589,2026-08-30T10:33:56.000,Air Quality,Dust from Construction,1270 EAST 32 STREET,BROOKLYN,40.62065024771932,-73.94375939966679,In Progress
70239592,2026-08-30T06:10:15.000,Air Quality,Sweet Odor From Unknown Source,420 EAST 38 STREET,MANHATTAN,40.746008580854536,-73.97100214556139,In Progress
70237167,2026-08-29T22:58:20.000,Air Quality,Vehicle Idling Odor,287 WEST 10 STREET,MANHATTAN,40.733364076640385,-74.00883301505982,Closed
70235919,2026-08-29T21:18:23.000,Air Quality,Vehicle Idling Odor,1 TENNIS PLACE,QUEENS,40.719006004974794,-73.84663871262093,Closed
70229912,2026-08-29T21:15:06.000,Air Quality,Vehicle Idling Odor,9 PENNSYLVANIA PLAZA,MANHATTAN,40.75133411617699,-73.99352864858257,Closed
70235923,2026-08-29T19:44:49.000,Air Quality,Other Air Problem,275 DELANCEY STREET,MANHATTAN,40.7161174624654,-73.98055291555104,In Progress
70229913,2026-08-29T18:58:04.000,Air Quality,Vehicle Idling Odor,96 5 AVENUE,MANHATTAN,40.736592044865525,-73.99320171300515,Closed
70233469,2026-08-29T18:40:50.000,Air Quality,Vehicle Idling Odor,96 5 AVENUE,MANHATTAN,40.736592044865525,-73.99320171300515,Closed
70235924,2026-08-29T18:29:08.000,Air Quality,Other Air Problem,135 PLACE,QUEENS,40.669011528635814,-73.8026419275292,In Progress
70235925,2026-08-29T17:47:52.000,Air Quality,Other Air Problem,3802 FORT HAMILTON PARKWAY,BROOKLYN,40.64357430941716,-73.98990326700414,In Progress
70238429,2026-08-29T16:27:08.000,Air Quality,Asbestos Disturbance,5000 BROADWAY,MANHATTAN,40.8685352762629,-73.91840691672459,In Progress
70235920,2026-08-29T15:58:42.000,Air Quality,Vehicle Idling Odor,610 RIVERSIDE DRIVE,MANHATTAN,40.82305659515964,-73.95563086927642,Closed
70232343,2026-08-29T15:03:45.000,Air Quality,Vehicle Idling Odor,9 PENN PLAZA,MANHATTAN,40.75133411617699,-73.99352864858257,In Progress
70229916,2026-08-29T13:54:27.000,Air Quality,Other Air Problem,921 BRYANT AVENUE,BRONX,40.82033922332057,-73.8870728627406,In Progress
70233468,2026-08-29T13:05:47.000,Air Quality,Vehicle Idling Odor,200 CLAREMONT AVENUE,MANHATTAN,40.81535370911349,-73.95983035344905,In Progress
70235922,2026-08-29T12:23:09.000,Air Quality,Restaurant Odor,939 2 AVENUE,MANHATTAN,40.754747236044,-73.96863056436223,In Progress
70229915,2026-08-29T11:23:48.000,Air Quality,Restaurant Odor,775 COLUMBUS AVENUE,MANHATTAN,40.7940485808299,-73.9666437522384,Closed
70229914,2026-08-29T09:05:27.000,Air Quality,Restaurant Odor,141-03 JEWEL AVENUE,QUEENS,40.729679220755166,-73.82466990010856,Closed
70231135,2026-08-29T08:25:01.000,Air Quality,Vehicle Idling Odor,70 ROAD,QUEENS,40.72363789910337,-73.83966512132642,In Progress
70235926,2026-08-29T08:15:30.000,Air Quality,Asbestos Disturbance,1673 70 STREET,BROOKLYN,40.61817716159326,-73.9962358774192,In Progress
70235921,2026-08-29T05:08:27.000,Air Quality,Sweet Odor From Unknown Source,420 EAST 38 STREET,MANHATTAN,40.746008580854536,-73.97100214556139,In Progress
70228509,2026-08-28T22:57:58.000,Air Quality,Restaurant Odor,1044 BEDFORD AVENUE,BROOKLYN,40.6892198751447,-73.95508890031891,In Progress
70222623,2026-08-28T22:52:35.000,Air Quality,Vehicle Idling Odor,104-22 107 STREET,QUEENS,40.68298322248991,-73.83445191303512,In Progress
70222619,2026-08-28T16:55:23.000,Air Quality,Vehicle Idling Odor,5 AVENUE,MANHATTAN,40.77246135980183,-73.96704087525497,In Progress
70228510,2026-08-28T16:00:31.000,Air Quality,Restaurant Odor,8025 FLATLANDS AVENUE,BROOKLYN,40.635675312124654,-73.91303856480903,In Progress
70222625,2026-08-28T15:21:07.000,Air Quality,Vehicle Idling Odor,38-21 48 AVENUE,QUEENS,40.740255656558645,-73.9275458985201,In Progress
70224152,2026-08-28T15:06:14.000,Air Quality,Vehicle Idling Odor,960 WILLOUGHBY AVENUE,BROOKLYN,40.69786470192175,-73.93057801502643,Closed
70224154,2026-08-28T14:39:25.000,Air Quality,Vehicle Exhaust Smoke,78-15 PARSONS BOULEVARD,QUEENS,40.72195913199264,-73.80969682426189,Closed
70226982,2026-08-28T14:35:41.000,Air Quality,Vehicle Idling Odor,48-10 43 STREET,QUEENS,40.739357457128406,-73.92231442892657,Closed
70228512,2026-08-28T14:14:37.000,Air Quality,Dust from Construction,99 WILSON STREET,BROOKLYN,40.70481856713298,-73.9633341576697,In Progress
70219675,2026-08-28T13:24:40.000,Air Quality,Vehicle Idling Odor,EAST 11 STREET,MANHATTAN,40.72592083673207,-73.97578407846922,In Progress
70228504,2026-08-28T13:18:52.000,Air Quality,Vehicle Idling Odor,EAST 11 STREET,MANHATTAN,40.72592083673207,-73.97578407846922,Closed
70224155,2026-08-28T12:27:46.000,Air Quality,Restaurant Odor,37 WALL STREET,MANHATTAN,40.706550447134866,-74.00979247939347,In Progress
70218271,2026-08-28T12:26:02.000,Air Quality,Vehicle Idling Odor,94-50 FORBELL STREET,QUEENS,40.68275706239934,-73.86516072920108,In Progress
70218274,2026-08-28T12:06:34.000,Air Quality,Other Air Problem,CRANFORD AVENUE,BRONX,40.90396991795598,-73.84230136616549,In Progress
70225556,2026-08-28T12:02:01.000,Air Quality,Vehicle Idling Odor,81 BEDFORD STREET,MANHATTAN,40.73168726044357,-74.00503339294247,In Progress
70226981,2026-08-28T11:49:12.000,Air Quality,Vehicle Idling Odor,248 KELLY BOULEVARD,STATEN ISLAND,40.58403720748552,-74.15700796281367,Closed
70219678,2026-08-28T11:48:57.000,Air Quality,Asbestos Disturbance,49 AVENUE T,BROOKLYN,40.598166471855215,-73.98342842032922,In Progress
70228505,2026-08-28T11:44:53.000,Air Quality,Vehicle Idling Odor,149-07 12 AVENUE,QUEENS,40.79035796267492,-73.81622926702215,In Progress
70228511,2026-08-28T11:43:27.000,Air Quality,Restaurant Odor,1017 FOSTER AVENUE,BROOKLYN,40.63211881331496,-73.96716062611529,In Progress
70221154,2026-08-28T11:38:17.000,Air Quality,Restaurant Odor,198 UNDERHILL AVENUE,BROOKLYN,40.674695781330406,-73.96684764970726,Closed
70221155,2026-08-28T11:37:09.000,Air Quality,Other Air Problem,EAST 56 STREET,BROOKLYN,,,In Progress
70218273,2026-08-28T10:50:03.000,Air Quality,Vehicle Idling Odor,640 8 AVENUE,MANHATTAN,40.75666417742652,-73.99019293432467,Closed
70219676,2026-08-28T10:49:52.000,Air Quality,Vehicle Idling Odor,640 8 AVENUE,MANHATTAN,40.75666417742652,-73.99019293432467,Closed
70222621,2026-08-28T10:49:45.000,Air Quality,Vehicle Idling Odor,640 8 AVENUE,MANHATTAN,40.75666417742652,-73.99019293432467,Closed
70222624,2026-08-28T10:49:34.000,Air Quality,Vehicle Idling Odor,640 8 AVENUE,MANHATTAN,40.75666417742652,-73.99019293432467,Closed
70218272,2026-08-28T10:49:27.000,Air Quality,Vehicle Idling Odor,640 8 AVENUE,MANHATTAN,40.75666417742652,-73.99019293432467,Closed
70226983,2026-08-28T10:49:18.000,Air Quality,Vehicle Idling Odor,640 8 AVENUE,MANHATTAN,40.75666417742652,-73.99019293432467,Closed
70222620,2026-08-28T10:49:14.000,Air Quality,Vehicle Idling Odor,640 8 AVENUE,MANHATTAN,40.75666417742652,-73.99019293432467,Closed
70225555,2026-08-28T10:49:09.000,Air Quality,Vehicle Idling Odor,640 8 AVENUE,MANHATTAN,40.75666417742652,-73.99019293432467,Closed
70222622,2026-08-28T10:49:02.000,Air Quality,Vehicle Idling Odor,640 8 AVENUE,MANHATTAN,40.75666417742652,-73.99019293432467,Closed
70224151,2026-08-28T10:48:58.000,Air Quality,Vehicle Idling Odor,640 8 AVENUE,MANHATTAN,40.75666417742652,-73.99019293432467,Closed
70226984,2026-08-28T10:17:59.000,Air Quality,Restaurant Odor,201 CYPRESS AVENUE,QUEENS,40.70823023415425,-73.91989440694819,Closed
70219677,2026-08-28T09:47:32.000,Air Quality,Dust from Construction,66-43 ALDERTON STREET,QUEENS,40.71842617074178,-73.85898114753232,Closed
70221152,2026-08-28T08:50:29.000,Air Quality,Vehicle Idling Odor,40 WEST TREMONT AVENUE,BRONX,40.85181471300074,-73.91117998419753,Closed
70225557,2026-08-28T08:44:57.000,Air Quality,Restaurant Odor,2015 BROADWAY,MANHATTAN,40.77610421457123,-73.98215654482006,In Progress
70228506,2026-08-28T08:40:08.000,Air Quality,Vehicle Idling Odor,128 SLOSSON AVENUE,STATEN ISLAND,40.61755694606186,-74.11778175855622,Closed
70228507,2026-08-28T08:11:48.000,Air Quality,Vehicle Idling Odor,3 SHERIDAN SQUARE,MANHATTAN,40.732916999439766,-74.00220102247826,In Progress
70221153,2026-08-28T07:19:15.000,Air Quality,Vehicle Idling Odor,234 NORTH 12 STREET,BROOKLYN,40.71940040112221,-73.95281026665943,Closed
70224153,2026-08-28T06:51:29.000,Air Quality,Vehicle Idling Odor,526 BALTIC STREET,BROOKLYN,40.68194844762581,-73.98439910629774,Closed
70228508,2026-08-28T06:19:20.000,Air Quality,Vehicle Idling Odor,387 POWERS AVENUE,BRONX,40.80895909293577,-73.91164175851603,Closed
70215578,2026-08-27T22:23:30.000,Air Quality,Vehicle Idling Odor,27 VAN CORLEAR PLACE,MANHATTAN,40.87661805422386,-73.91053212486895,Closed
70210147,2026-08-27T20:24:13.000,Air Quality,Vehicle Idling Odor,81 BEDFORD STREET,MANHATTAN,40.73168726044357,-74.00503339294247,Closed
70211517,2026-08-27T20:18:52.000,Air Quality,Restaurant Odor,76 MOTT STREET,MANHATTAN,40.716390819105676,-73.99801235626208,Closed
70212857,2026-08-27T20:13:18.000,Air Quality,Restaurant Odor,76 MOTT STREET,MANHATTAN,40.716390819105676,-73.99801235626208,Closed
70211520,2026-08-27T17:59:34.000,Air Quality,Dust from Construction,EAST 80 STREET,MANHATTAN,40.7720736799196,-73.94993881286709,Closed
70214204,2026-08-27T17:03:45.000,Air Quality,Vehicle Idling Odor,3129 SEDGWICK AVENUE,BRONX,40.87726172690035,-73.8989453737263,Closed
70210149,2026-08-27T15:52:56.000,Air Quality,Asbestos Disturbance,2865 OCEAN AVENUE,BROOKLYN,40.59149512052406,-73.94990496196527,Closed
70210145,2026-08-27T12:48:20.000,Air Quality,Vehicle Idling Odor,167 FRANKLIN STREET,BROOKLYN,40.73230002586203,-73.9580005485057,Closed
70210148,2026-08-27T12:42:18.000,Air Quality,Vehicle Exhaust Smoke,78-15 PARSONS BOULEVARD,QUEENS,40.72195913199264,-73.80969682426189,Closed
70207454,2026-08-27T12:39:07.000,Air Quality,Vehicle Exhaust Smoke,78-15 PARSONS BOULEVARD,QUEENS,40.72195913199264,-73.80969682426189,Closed
70214205,2026-08-27T12:28:20.000,Air Quality,Vehicle Idling Odor,377 AMSTERDAM AVENUE,MANHATTAN,40.78256474284612,-73.97873887933065,Closed
70211521,2026-08-27T12:25:13.000,Air Quality,Asbestos Disturbance,2501 86 STREET,BROOKLYN,40.59786501220483,-73.98707624276909,Closed
70216910,2026-08-27T12:17:52.000,Air Quality,Vehicle Idling Odor,1738 PITMAN AVENUE,BRONX,40.89524593571586,-73.85161426683084,Closed
70210146,2026-08-27T12:11:49.000,Air Quality,Vehicle Idling Odor,640 8 AVENUE,MANHATTAN,40.75666417742652,-73.99019293432467,Closed
70211516,2026-08-27T12:11:34.000,Air Quality,Vehicle Idling Odor,640 8 AVENUE,MANHATTAN,40.75666417742652,-73.99019293432467,Closed
70207453,2026-08-27T12:11:26.000,Air Quality,Vehicle Idling Odor,640 8 AVENUE,MANHATTAN,40.75666417742652,-73.99019293432467,Closed
70208805,2026-08-27T12:11:06.000,Air Quality,Vehicle Idling Odor,640 8 AVENUE,MANHATTAN,40.75666417742652,-73.99019293432467,Closed
70207452,2026-08-27T12:11:02.000,Air Quality,Vehicle Idling Odor,640 8 AVENUE,MANHATTAN,40.75666417742652,-73.99019293432467,Closed
70210143,2026-08-27T12:10:56.000,Air Quality,Vehicle Idling Odor,640 8 AVENUE,MANHATTAN,40.75666417742652,-73.99019293432467,Closed
70207451,2026-08-27T12:10:52.000,Air Quality,Vehicle Idling Odor,640 8 AVENUE,MANHATTAN,40.75666417742652,-73.99019293432467,Closed
70208803,2026-08-27T12:10:48.000,Air Quality,Vehicle Idling Odor,640 8 AVENUE,MANHATTAN,40.75666417742652,-73.99019293432467,Closed
70208807,2026-08-27T12:10:44.000,Air Quality,Asbestos Disturbance,2501 86 STREET,BROOKLYN,40.59786501220483,-73.98707624276909,Closed
70215577,2026-08-27T12:10:41.000,Air Quality,Vehicle Idling Odor,640 8 AVENUE,MANHATTAN,40.75666417742652,-73.99019293432467,Closed
70216908,2026-08-27T12:10:27.000,Air Quality,Vehicle Idling Odor,640 8 AVENUE,MANHATTAN,40.75666417742652,-73.99019293432467,Closed
70212856,2026-08-27T12:10:19.000,Air Quality,Vehicle Idling Odor,640 8 AVENUE,MANHATTAN,40.75666417742652,-73.99019293432467,Closed
70216909,2026-08-27T12:10:13.000,Air Quality,Vehicle Idling Odor,640 8 AVENUE,MANHATTAN,40.75666417742652,-73.99019293432467,Closed
70208806,2026-08-27T12:10:08.000,Air Quality,Vehicle Idling Odor,640 8 AVENUE,MANHATTAN,40.75666417742652,-73.99019293432467,Closed
70211515,2026-08-27T12:10:04.000,Air Quality,Vehicle Idling Odor,640 8 AVENUE,MANHATTAN,40.75666417742652,-73.99019293432467,Closed
70210144,2026-08-27T12:09:43.000,Air Quality,Vehicle Idling Odor,45 GRAMERCY PARK NORTH,MANHATTAN,40.73795266870101,-73.9850210903968,Closed
70216913,2026-08-27T11:55:13.000,Air Quality,Asbestos Disturbance,2501 86 STREET,BROOKLYN,40.59786501220483,-73.98707624276909,Closed
70207456,2026-08-27T11:40:16.000,Air Quality,Asbestos Disturbance,2501 86 STREET,BROOKLYN,40.59786501220483,-73.98707624276909,Closed
70208808,2026-08-27T11:33:30.000,Air Quality,Asbestos Disturbance,2501 86 STREET,BROOKLYN,40.59786501220483,-73.98707624276909,Closed
70210150,2026-08-27T11:24:33.000,Air Quality,Asbestos Disturbance,2501 86 STREET,BROOKLYN,40.59786501220483,-73.98707624276909,In Progress
70215580,2026-08-27T10:55:06.000,Air Quality,Other Air Problem,2079 NOSTRAND AVENUE,BROOKLYN,40.634845486161275,-73.94785117546635,In Progress
70216912,2026-08-27T10:52:28.000,Air Quality,Dust from Construction,50 TAAFFE PLACE,BROOKLYN,40.697357475638576,-73.9608535137711,Closed
70212858,2026-08-27T10:35:55.000,Air Quality,Dust from Construction,50 TAAFFE PLACE,BROOKLYN,40.697357475638576,-73.9608535137711,In Progress
70208809,2026-08-27T10:20:36.000,Air Quality,Asbestos Disturbance,2501 85 STREET,BROOKLYN,40.59843310723166,-73.98639915118619,Closed
70208804,2026-08-27T09:53:36.000,Air Quality,Vehicle Idling Odor,123-10 26 AVENUE,QUEENS,40.77439871749109,-73.8452222010812,Closed
70214207,2026-08-27T09:35:34.000,Air Quality,Vehicle Idling Odor,190 UNDERHILL AVENUE,BROOKLYN,40.674868683422766,-73.96678267208053,Closed
70216914,2026-08-27T09:32:49.000,Air Quality,Asbestos Disturbance,135 CONSELYEA STREET,BROOKLYN,40.715131852840635,-73.94558070966801,In Progress
70211518,2026-08-27T09:29:34.000,Air Quality,Other Air Problem,2141 HOLLAND AVENUE,BRONX,40.85479271349434,-73.86575182462343,In Progress
70211519,2026-08-27T09:28:07.000,Air Quality,Dust from Construction,78 EAST 7 STREET,BROOKLYN,40.65105975289097,-73.97475893897044,In Progress
70216911,2026-08-27T08:49:21.000,Air Quality,Vehicle Idling Odor,122 AUDUBON AVENUE,MANHATTAN,40.84246672657411,-73.93692901852279,Closed
70214206,2026-08-27T07:42:33.000,Air Quality,Vehicle Idling Odor,16 FREDERICK STREET,STATEN ISLAND,40.61434995126726,-74.13381144003331,In Progress
70215579,2026-08-27T06:32:05.000,Air Quality,Vehicle Idling Odor,3 AVENUE,MANHATTAN,40.77686823948234,-73.95540890168907,Closed
70207455,2026-08-27T04:27:17.000,Air Quality,Vehicle Idling Odor,ST NICHOLAS AVENUE,MANHATTAN,40.847998812236256,-73.93469364081751,Closed
70197510,2026-08-26T23:27:28.000,Air Quality,Vehicle Idling Odor,287 WEST 10 STREET,MANHATTAN,40.733364076640385,-74.00883301505982,Closed
70204677,2026-08-26T23:10:31.000,Air Quality,Dust from Construction,112 HARRISON PLACE,BROOKLYN,40.70677887148764,-73.92921256734658,In Progress
70198997,2026-08-26T23:04:59.000,Air Quality,Restaurant Odor,7023 FORT HAMILTON PARKWAY,BROOKLYN,40.62805223809971,-74.01307010276042,Closed
70200412,2026-08-26T22:31:12.000,Air Quality,Vehicle Idling Odor,192 EAST 164 STREET,BRONX,40.82919921735943,-73.91992583052715,Closed
70200417,2026-08-26T21:47:39.000,Air Quality,Chimney/Vent Smoke,202 6 AVENUE,MANHATTAN,40.726787928274874,-74.00350327256554,Closed
70200416,2026-08-26T20:58:41.000,Air Quality,Dust,475 EXTERIOR STREET,BRONX,40.81787876969193,-73.93073823482972,Closed
70203251,2026-08-26T18:54:28.000,Air Quality,Restaurant Odor,680 COLUMBUS AVENUE,MANHATTAN,40.79099432453749,-73.96889156175487,Closed
70198994,2026-08-26T18:42:40.000,Air Quality,Vehicle Idling Odor,187 TERRACE STREET,BRONX,40.857657481620826,-73.78987786810518,Closed
70206100,2026-08-26T18:38:32.000,Air Quality,Restaurant Odor,53-61 108 STREET,QUEENS,40.74234383086678,-73.85443402214321,Closed
70197514,2026-08-26T18:25:13.000,Air Quality,Asbestos Disturbance,65 WEST 127 STREET,MANHATTAN,40.808523344997006,-73.94321774461757,Closed
70200418,2026-08-26T17:53:23.000,Air Quality,Chimney/Vent Smoke,7 EAST 20 STREET,MANHATTAN,40.7394189334713,-73.99031816459461,In Progress
70198996,2026-08-26T17:01:21.000,Air Quality,Restaurant Odor,237 WILLIS AVENUE,BRONX,40.80921139978787,-73.92282171260759,Closed
70200415,2026-08-26T16:32:06.000,Air Quality,Dust from Construction,2160 BROADWAY,MANHATTAN,40.78185699918521,-73.98101757419873,In Progress
70200413,2026-08-26T16:12:42.000,Air Quality,Vehicle Idling Odor,1751 70 STREET,BROOKLYN,40.616963879915204,-73.99422604896955,Closed
70206103,2026-08-26T15:57:07.000,Air Quality,Asbestos Disturbance,1 BEADEL STREET,BROOKLYN,40.72092639790187,-73.94074181410414,Closed
70196117,2026-08-26T15:18:02.000,Air Quality,Vehicle Idling Odor,610 RIVERSIDE DRIVE,MANHATTAN,40.82305659515964,-73.95563086927642,Closed
70200414,2026-08-26T14:41:04.000,Air Quality,Other Air Problem,134-33 59 AVENUE,QUEENS,40.74440622068844,-73.83109822547385,In Progress
70197513,2026-08-26T13:58:59.000,Air Quality,Dust from Construction,466 WEST 166 STREET,MANHATTAN,40.8382401008262,-73.93734501544776,Closed
70206101,2026-08-26T13:25:52.000,Air Quality,Other Air Problem,2875 GRAND CONCOURSE,BRONX,40.87067462733511,-73.89011858603276,Closed
70203252,2026-08-26T11:38:51.000,Air Quality,Nail Salon Odor,89-82 217 STREET,QUEENS,40.725589034753426,-73.74507710700442,Closed
70204676,2026-08-26T11:26:40.000,Air Quality,Dust from Construction,50-24 SKILLMAN AVENUE,QUEENS,40.74609540552716,-73.91400238054342,Closed
70203249,2026-08-26T11:25:58.000,Air Quality,Vehicle Idling Odor,18 MILBANK ROAD,STATEN ISLAND,40.561154772543695,-74.10267465976658,Closed
70204675,2026-08-26T11:17:19.000,Air Quality,Dust from Construction,168 HERKIMER STREET,BROOKLYN,40.67953603142291,-73.9478955461427,In Progress
70203250,2026-08-26T11:11:14.000,Air Quality,Vehicle Idling Odor,640 8 AVENUE,MANHATTAN,40.75666417742652,-73.99019293432467,Closed
70201866,2026-08-26T11:11:09.000,Air Quality,Vehicle Idling Odor,640 8 AVENUE,MANHATTAN,40.75666417742652,-73.99019293432467,Closed
70196116,2026-08-26T11:11:03.000,Air Quality,Vehicle Idling Odor,640 8 AVENUE,MANHATTAN,40.75666417742652,-73.99019293432467,Closed
70197511,2026-08-26T11:11:00.000,Air Quality,Vehicle Idling Odor,640 8 AVENUE,MANHATTAN,40.75666417742652,-73.99019293432467,Closed
70206099,2026-08-26T11:10:54.000,Air Quality,Vehicle Idling Odor,640 8 AVENUE,MANHATTAN,40.75666417742652,-73.99019293432467,Closed
70198992,2026-08-26T11:10:50.000,Air Quality,Vehicle Idling Odor,640 8 AVENUE,MANHATTAN,40.75666417742652,-73.99019293432467,Closed
70204674,2026-08-26T11:10:44.000,Air Quality,Vehicle Idling Odor,640 8 AVENUE,MANHATTAN,40.75666417742652,-73.99019293432467,Closed
70204673,2026-08-26T11:10:40.000,Air Quality,Vehicle Idling Odor,640 8 AVENUE,MANHATTAN,40.75666417742652,-73.99019293432467,Closed
70201865,2026-08-26T11:10:35.000,Air Quality,Vehicle Idling Odor,640 8 AVENUE,MANHATTAN,40.75666417742652,-73.99019293432467,Closed
70201867,2026-08-26T11:10:27.000,Air Quality,Vehicle Idling Odor,640 8 AVENUE,MANHATTAN,40.75666417742652,-73.99019293432467,Closed
70198998,2026-08-26T11:09:26.000,Air Quality,Asbestos Disturbance,447 EAST 57 STREET,MANHATTAN,40.75786321851819,-73.96184307673958,Closed
70198993,2026-08-26T10:58:20.000,Air Quality,Vehicle Idling Odor,25 EAST 20 STREET,MANHATTAN,40.738990662805264,-73.98930782932378,Closed
70198991,2026-08-26T10:57:05.000,Air Quality,Vehicle Idling Odor,AVENUE Y,BROOKLYN,40.59018749225065,-73.95382331079212,Closed
70206104,2026-08-26T10:28:20.000,Air Quality,Asbestos Disturbance,245 DUFFIELD STREET,BROOKLYN,40.69090737963044,-73.98439340414983,Closed
70206098,2026-08-26T10:27:19.000,Air Quality,Vehicle Idling Odor,4350 BULLARD AVENUE,BRONX,40.89853319747606,-73.85969866938525,Closed
70201868,2026-08-26T09:44:59.000,Air Quality,Dust from Construction,405 MAIN STREET,MANHATTAN,40.75774765098507,-73.95358081645875,Closed
70197515,2026-08-26T09:40:58.000,Air Quality,Asbestos Disturbance,89-15 PARSONS BOULEVARD,QUEENS,40.70553708251741,-73.80150947098736,Closed
70206102,2026-08-26T09:21:21.000,Air Quality,Dust from Construction,280 9 AVENUE,MANHATTAN,40.74871031879888,-73.99970044561495,Closed
70198995,2026-08-26T09:19:03.000,Air Quality,Vehicle Idling Odor,132 STREET,QUEENS,40.78463255090529,-73.83633330305382,Closed
70196118,2026-08-26T08:39:42.000,Air Quality,Dust,1810 VOORHIES AVENUE,BROOKLYN,40.58603886569018,-73.95085233298242,In Progress
70197512,2026-08-26T08:28:07.000,Air Quality,Restaurant Odor,2015 BROADWAY,MANHATTAN,40.77610421457123,-73.98215654482006,Closed
70196119,2026-08-26T07:56:50.000,Air Quality,Asbestos Disturbance,3569 DEKALB AVENUE,BRONX,40.88418384207384,-73.878979301389,Closed
70204678,2026-08-26T07:08:40.000,Air Quality,Asbestos Disturbance,1362 GRAND CONCOURSE,BRONX,40.837819201762,-73.91448734071129,Closed
70203248,2026-08-26T06:57:18.000,Air Quality,Vehicle Idling Odor,157 STREET,QUEENS,40.67584368520417,-73.7830421082411,Closed
70200411,2026-08-26T05:29:36.000,Air Quality,Vehicle Idling Odor,121 AVENUE,QUEENS,40.677967242770585,-73.78696494560916,Closed
70184308,2026-08-26T00:41:40.000,Air Quality,Vehicle Idling Odor,2262 LINDEN BOULEVARD,BROOKLYN,40.66330164730175,-73.87962515290106,In Progress
70190292,2026-08-25T22:51:05.000,Air Quality,Vehicle Idling Odor,247 STARR STREET,BROOKLYN,40.70572881755821,-73.9225375636353,In Progress
70191770,2026-08-25T20:31:52.000,Air Quality,Asbestos Disturbance,1185 CARROLL STREET,BROOKLYN,40.66712768077816,-73.94964990195497,Closed
70190295,2026-08-25T20:26:59.000,Air Quality,Vehicle Idling Odor,120-14 ATLANTIC AVENUE,QUEENS,40.69436813769891,-73.82671368709654,In Progress
70187272,2026-08-25T20:04:05.000,Air Quality,Asbestos Disturbance,122 EAST 42 STREET,MANHATTAN,40.75160087571556,-73.97644967230369,Closed
70190287,2026-08-25T19:44:22.000,Air Quality,Vehicle Idling Odor,1 WEST 40 STREET,MANHATTAN,40.75230728695433,-73.98206546840244,Closed
70190289,2026-08-25T18:54:10.000,Air Quality,Vehicle Idling Odor,95-12 104 STREET,QUEENS,40.68890658981628,-73.8403796610302,Closed
70188773,2026-08-25T18:13:08.000,Air Quality,Vehicle Idling Odor,315 EAST 72 STREET,MANHATTAN,40.7684536674536,-73.95751925856608,Closed
70185787,2026-08-25T18:07:52.000,Air Quality,Vehicle Idling Odor,29-26 12 STREET,QUEENS,40.771786419970624,-73.93057316281362,Closed
70190290,2026-08-25T18:04:48.000,Air Quality,Vehicle Idling Odor,640 8 AVENUE,MANHATTAN,40.75666417742652,-73.99019293432467,Closed
70193196,2026-08-25T18:04:44.000,Air Quality,Vehicle Idling Odor,640 8 AVENUE,MANHATTAN,40.75666417742652,-73.99019293432467,Closed
70193194,2026-08-25T18:04:40.000,Air Quality,Vehicle Idling Odor,640 8 AVENUE,MANHATTAN,40.75666417742652,-73.99019293432467,Closed
70191765,2026-08-25T18:04:10.000,Air Quality,Vehicle Idling Odor,640 8 AVENUE,MANHATTAN,40.75666417742652,-73.99019293432467,Closed
70188772,2026-08-25T18:04:05.000,Air Quality,Vehicle Idling Odor,640 8 AVENUE,MANHATTAN,40.75666417742652,-73.99019293432467,Closed
70188776,2026-08-25T18:04:01.000,Air Quality,Vehicle Idling Odor,640 8 AVENUE,MANHATTAN,40.75666417742652,-73.99019293432467,Closed
70190288,2026-08-25T18:03:57.000,Air Quality,Vehicle Idling Odor,640 8 AVENUE,MANHATTAN,40.75666417742652,-73.99019293432467,Closed
70191768,2026-08-25T17:44:10.000,Air Quality,Vehicle Idling Odor,305 COURT STREET,BROOKLYN,40.68363744308253,-73.99527310155337,Closed
70193198,2026-08-25T17:07:00.000,Air Quality,Dust from Construction,775 RIVERSIDE DRIVE,MANHATTAN,40.83461400268721,-73.94768736804515,Closed
70185789,2026-08-25T16:14:20.000,Air Quality,Vehicle Idling Odor,408 WEST 57 STREET,MANHATTAN,40.76815876369282,-73.9863067278738,Closed
70194652,2026-08-25T15:54:18.000,Air Quality,Asbestos Disturbance,217 EAST 82 STREET,MANHATTAN,40.77599535865998,-73.95526867403207,Closed
70193199,2026-08-25T15:53:55.000,Air Quality,Dust from Construction,225 STERLING PLACE,BROOKLYN,40.67610482652345,-73.97042687322985,Closed
70190297,2026-08-25T15:10:07.000,Air Quality,Vehicle Idling Odor,604 RIVERSIDE DRIVE,MANHATTAN,40.82255166990045,-73.95589857491959,Closed
70190296,2026-08-25T15:03:58.000,Air Quality,Vehicle Idling Odor,WEST 67 STREET,MANHATTAN,40.77303218808042,-73.97828340102534,Closed
70185788,2026-08-25T14:40:14.000,Air Quality,Vehicle Idling Odor,SCHENECTADY AVENUE,BROOKLYN,40.63338208114581,-73.93135125352912,Closed
70194651,2026-08-25T14:33:00.000,Air Quality,Other Air Problem,736 CONEY ISLAND AVENUE,BROOKLYN,40.63960432844365,-73.9688864725134,In Progress
70188779,2026-08-25T14:20:56.000,Air Quality,Asbestos Disturbance,2163 72 STREET,BROOKLYN,40.61044159628626,-73.98644712724705,Closed
70184309,2026-08-25T13:47:48.000,Air Quality,Restaurant Odor,558 WEST 181 STREET,MANHATTAN,40.84897766372195,-73.93293601807679,Closed
70187273,2026-08-25T13:47:11.000,Air Quality,Asbestos Disturbance,750 BRYANT AVENUE,BRONX,40.815773549995136,-73.885852282221,In Progress
70194650,2026-08-25T13:21:22.000,Air Quality,Restaurant Odor,108-22 QUEENS BOULEVARD,QUEENS,40.72112315790228,-73.84326073413891,Closed
70188774,2026-08-25T12:56:48.000,Air Quality,Vehicle Idling Odor,202 WEST 93 STREET,MANHATTAN,40.79217533396455,-73.97191017831028,Closed
70190298,2026-08-25T12:51:22.000,Air Quality,Vehicle Exhaust Smoke,30-19 CRESCENT STREET,QUEENS,40.7680173746134,-73.92535683455678,Closed
70193197,2026-08-25T12:39:28.000,Air Quality,Vehicle Exhaust Smoke,202 WEST 93 STREET,MANHATTAN,40.79217533396455,-73.97191017831028,Closed
70191766,2026-08-25T12:37:39.000,Air Quality,Vehicle Idling Odor,202 WEST 93 STREET,MANHATTAN,40.79217533396455,-73.97191017831028,Closed
70185790,2026-08-25T12:30:30.000,Air Quality,Vehicle Exhaust Smoke,202 WEST 93 STREET,MANHATTAN,40.79217533396455,-73.97191017831028,Closed
70187268,2026-08-25T12:27:23.000,Air Quality,Vehicle Idling Odor,202 WEST 93 STREET,MANHATTAN,40.79217533396455,-73.97191017831028,Closed
70185792,2026-08-25T12:15:28.000,Air Quality,Asbestos Disturbance,2501 86 STREET,BROOKLYN,40.59786501220483,-73.98707624276909,Closed
70185784,2026-08-25T11:45:41.000,Air Quality,Vehicle Idling Odor,640 8 AVENUE,MANHATTAN,40.75666417742652,-73.99019293432467,Closed
70190294,2026-08-25T11:45:35.000,Air Quality,Vehicle Idling Odor,640 8 AVENUE,MANHATTAN,40.75666417742652,-73.99019293432467,Closed
70193195,2026-08-25T11:45:31.000,Air Quality,Vehicle Idling Odor,640 8 AVENUE,MANHATTAN,40.75666417742652,-73.99019293432467,Closed
70194648,2026-08-25T11:45:27.000,Air Quality,Vehicle Idling Odor,640 8 AVENUE,MANHATTAN,40.75666417742652,-73.99019293432467,Closed
70190293,2026-08-25T11:45:21.000,Air Quality,Vehicle Idling Odor,640 8 AVENUE,MANHATTAN,40.75666417742652,-73.99019293432467,Closed
70187269,2026-08-25T11:45:16.000,Air Quality,Vehicle Idling Odor,640 8 AVENUE,MANHATTAN,40.75666417742652,-73.99019293432467,Closed
70185786,2026-08-25T11:45:12.000,Air Quality,Vehicle Idling Odor,640 8 AVENUE,MANHATTAN,40.75666417742652,-73.99019293432467,Closed
70193193,2026-08-25T11:45:07.000,Air Quality,Vehicle Idling Odor,640 8 AVENUE,MANHATTAN,40.75666417742652,-73.99019293432467,Closed
70194647,2026-08-25T11:45:02.000,Air Quality,Vehicle Idling Odor,640 8 AVENUE,MANHATTAN,40.75666417742652,-73.99019293432467,Closed
70188775,2026-08-25T11:44:58.000,Air Quality,Vehicle Idling Odor,640 8 AVENUE,MANHATTAN,40.75666417742652,-73.99019293432467,Closed
70194649,2026-08-25T11:33:19.000,Air Quality,Vehicle Exhaust Smoke,202 WEST 93 STREET,MANHATTAN,40.79217533396455,-73.97191017831028,Closed
70191767,2026-08-25T11:28:32.000,Air Quality,Vehicle Idling Odor,202 WEST 93 STREET,MANHATTAN,40.79217533396455,-73.97191017831028,Closed
70193200,2026-08-25T11:25:37.000,Air Quality,Dust from Construction,350 PRESIDENT STREET,BROOKLYN,40.68015692885482,-73.99257291945118,In Progress
70188778,2026-08-25T11:17:10.000,Air Quality,Dust from Construction,880 MORRIS AVENUE,BRONX,40.82588792939953,-73.91827132137125,Closed
70188777,2026-08-25T11:14:31.000,Air Quality,Vehicle Exhaust Smoke,202 WEST 93 STREET,MANHATTAN,40.79217533396455,-73.97191017831028,Closed
70185785,2026-08-25T11:12:30.000,Air Quality,Vehicle Idling Odor,202 WEST 93 STREET,MANHATTAN,40.79217533396455,-73.97191017831028,Closed
70191769,2026-08-25T10:53:29.000,Air Quality,Restaurant Odor,136 GREENPOINT AVENUE,BROOKLYN,40.730078548164975,-73.9554185631271,In Progress
70194646,2026-08-25T10:10:57.000,Air Quality,Vehicle Idling Odor,326 EAST 78 STREET,MANHATTAN,40.77231172352551,-73.95476569671754,Closed
70190291,2026-08-25T10:06:05.000,Air Quality,Vehicle Idling Odor,212-14 15 AVENUE,QUEENS,40.78568580011119,-73.78129390968765,Closed
70193192,2026-08-25T10:00:59.000,Air Quality,Vehicle Idling Odor,326 EAST 78 STREET,MANHATTAN,40.77231172352551,-73.95476569671754,Closed
70190299,2026-08-25T09:52:50.000,Air Quality,Dust from Construction,42 TROUTMAN STREET,BROOKLYN,40.698304812813745,-73.93216796213004,In Progress
70187270,2026-08-25T09:19:58.000,Air Quality,Restaurant Odor,2015 BROADWAY,MANHATTAN,40.77610421457123,-73.98215654482006,Closed
70185791,2026-08-25T09:18:06.000,Air Quality,Dust from Construction,1538 BERGEN STREET,BROOKLYN,40.67512251222719,-73.93223840686683,Closed
70187271,2026-08-25T09:09:45.000,Air Quality,Chimney/Vent Smoke,1729 PITKIN AVENUE,BROOKLYN,40.6699053765992,-73.90931701232769,Closed
70190300,2026-08-25T08:59:46.000,Air Quality,Dust from Construction,267 ROSE AVENUE,STATEN ISLAND,40.57126094162299,-74.11451456464432,Closed
70178077,2026-08-24T22:41:55.000,Air Quality,Restaurant Odor,906 THIRD AVENUE,MANHATTAN,40.75875182071105,-73.96863589765839,In Progress
70173470,2026-08-24T21:51:38.000,Air Quality,Vehicle Idling Odor,EAST 85 STREET,MANHATTAN,40.778814516637816,-73.95608280319802,In Progress
70179627,2026-08-24T21:49:55.000,Air Quality,Asbestos Disturbance,455 CARLTON AVENUE,BROOKLYN,40.6841279566602,-73.97104708283445,Closed
70175044,2026-08-24T21:44:30.000,Air Quality,Dust from Construction,22 EAST 41 STREET,MANHATTAN,40.75234267602012,-73.98027525309057,In Progress
70171889,2026-08-24T19:54:31.000,Air Quality,Dust,2735 SAMPSON AVENUE,BRONX,40.81848972084433,-73.82391205018938,Closed
70175038,2026-08-24T18:08:44.000,Air Quality,Vehicle Idling Odor,640 8 AVENUE,MANHATTAN,40.75666417742652,-73.99019293432467,Closed
70181188,2026-08-24T18:08:43.000,Air Quality,Dust from Construction,56 MESEROLE STREET,BROOKLYN,40.70762600406089,-73.94790965845478,Closed
70173472,2026-08-24T18:08:33.000,Air Quality,Vehicle Idling Odor,640 8 AVENUE,MANHATTAN,40.75666417742652,-73.99019293432467,Closed
70181186,2026-08-24T18:08:27.000,Air Quality,Vehicle Idling Odor,640 8 AVENUE,MANHATTAN,40.75666417742652,-73.99019293432467,Closed
70181183,2026-08-24T18:08:22.000,Air Quality,Vehicle Idling Odor,640 8 AVENUE,MANHATTAN,40.75666417742652,-73.99019293432467,Closed
70182701,2026-08-24T18:08:18.000,Air Quality,Vehicle Idling Odor,640 8 AVENUE,MANHATTAN,40.75666417742652,-73.99019293432467,Closed
70175041,2026-08-24T18:08:15.000,Air Quality,Vehicle Idling Odor,640 8 AVENUE,MANHATTAN,40.75666417742652,-73.99019293432467,Closed
70175040,2026-08-24T18:08:06.000,Air Quality,Vehicle Idling Odor,640 8 AVENUE,MANHATTAN,40.75666417742652,-73.99019293432467,Closed
70179628,2026-08-24T17:43:38.000,Air Quality,Asbestos Disturbance,9 MENAHAN STREET,BROOKLYN,40.69254574257044,-73.92260336428312,Closed
70179626,2026-08-24T17:31:28.000,Air Quality,Dust,51-51 69 PLACE,QUEENS,40.73436233175764,-73.89503779187294,Closed
70175042,2026-08-24T16:28:27.000,Air Quality,Other Air Problem,443 EAST 162 STREET,BRONX,40.82448390476625,-73.91252083075378,Closed
70173471,2026-08-24T16:06:17.000,Air Quality,Vehicle Idling Odor,162 AMSTERDAM AVENUE,STATEN ISLAND,40.603226832729916,-74.16815208329628,Closed
70179622,2026-08-24T15:55:14.000,Air Quality,Vehicle Idling Odor,37 VEDDER AVENUE,STATEN ISLAND,40.62193983381915,-74.14900649089822,Closed
70178079,2026-08-24T15:51:58.000,Air Quality,Dust from Construction,CENTRAL PARK WEST,MANHATTAN,40.772420193583955,-73.97872406623014,In Progress
70175043,2026-08-24T14:42:10.000,Air Quality,Dust from Construction,575 GREENE AVENUE,BROOKLYN,40.68886512056556,-73.9470372754859,Closed
70182706,2026-08-24T13:38:40.000,Air Quality,Chimney/Vent Smoke,624 SOUTH CONDUIT BOULEVARD,BROOKLYN,40.67590510222738,-73.86665990579837,Closed
70176557,2026-08-24T12:30:50.000,Air Quality,Dust from Construction,6208 8 AVENUE,BROOKLYN,40.6342447099447,-74.01087354751157,Closed
70178078,2026-08-24T12:20:18.000,Air Quality,Restaurant Odor,3533 BROADWAY,MANHATTAN,40.826205494529766,-73.95062435913916,Closed
70178074,2026-08-24T12:17:47.000,Air Quality,Vehicle Idling Odor,640 8 AVENUE,MANHATTAN,40.75666417742652,-73.99019293432467,In Progress
70171885,2026-08-24T12:17:17.000,Air Quality,Vehicle Idling Odor,640 8 AVENUE,MANHATTAN,40.75666417742652,-73.99019293432467,In Progress
70178076,2026-08-24T12:17:02.000,Air Quality,Vehicle Idling Odor,640 8 AVENUE,MANHATTAN,40.75666417742652,-73.99019293432467,In Progress
70171884,2026-08-24T12:16:49.000,Air Quality,Vehicle Idling Odor,640 8 AVENUE,MANHATTAN,40.75666417742652,-73.99019293432467,In Progress
70179624,2026-08-24T12:16:34.000,Air Quality,Vehicle Idling Odor,640 8 AVENUE,MANHATTAN,40.75666417742652,-73.99019293432467,In Progress
70179623,2026-08-24T12:16:09.000,Air Quality,Vehicle Idling Odor,640 8 AVENUE,MANHATTAN,40.75666417742652,-73.99019293432467,In Progress
70182703,2026-08-24T12:15:45.000,Air Quality,Vehicle Idling Odor,640 8 AVENUE,MANHATTAN,40.75666417742652,-73.99019293432467,In Progress
70171886,2026-08-24T12:15:33.000,Air Quality,Vehicle Idling Odor,640 8 AVENUE,MANHATTAN,40.75666417742652,-73.99019293432467,In Progress
70181182,2026-08-24T12:15:23.000,Air Quality,Vehicle Idling Odor,640 8 AVENUE,MANHATTAN,40.75666417742652,-73.99019293432467,In Progress
70176552,2026-08-24T12:15:11.000,Air Quality,Vehicle Idling Odor,640 8 AVENUE,MANHATTAN,40.75666417742652,-73.99019293432467,In Progress
70181184,2026-08-24T12:15:01.000,Air Quality,Vehicle Idling Odor,640 8 AVENUE,MANHATTAN,40.75666417742652,-73.99019293432467,In Progress
70176555,2026-08-24T12:14:50.000,Air Quality,Vehicle Idling Odor,640 8 AVENUE,MANHATTAN,40.75666417742652,-73.99019293432467,In Progress
70178075,2026-08-24T12:14:38.000,Air Quality,Vehicle Idling Odor,640 8 AVENUE,MANHATTAN,40.75666417742652,-73.99019293432467,In Progress
70173473,2026-08-24T12:14:14.000,Air Quality,Vehicle Idling Odor,640 8 AVENUE,MANHATTAN,40.75666417742652,-73.99019293432467,In Progress
70171888,2026-08-24T12:14:02.000,Air Quality,Vehicle Idling Odor,640 8 AVENUE,MANHATTAN,40.75666417742652,-73.99019293432467,In Progress
70176553,2026-08-24T12:12:42.000,Air Quality,Vehicle Idling Odor,640 8 AVENUE,MANHATTAN,40.75666417742652,-73.99019293432467,In Progress
70181185,2026-08-24T12:12:23.000,Air Quality,Vehicle Idling Odor,640 8 AVENUE,MANHATTAN,40.75666417742652,-73.99019293432467,In Progress
70178073,2026-08-24T12:11:21.000,Air Quality,Vehicle Idling Odor,640 8 AVENUE,MANHATTAN,40.75666417742652,-73.99019293432467,In Progress
70176558,2026-08-24T11:49:39.000,Air Quality,Asbestos Disturbance,317 CARROLL STREET,BROOKLYN,40.67934169973576,-73.99210071137854,Closed
70175039,2026-08-24T11:38:59.000,Air Quality,Vehicle Idling Odor,FOREST HILL ROAD,STATEN ISLAND,40.57260243971694,-74.16667835229653,Closed
70173474,2026-08-24T10:23:03.000,Air Quality,Restaurant Odor,344 7 AVENUE,BROOKLYN,40.66649500153321,-73.98192633269691,In Progress
70182702,2026-08-24T10:22:01.000,Air Quality,Vehicle Idling Odor,432 WEST 162 STREET,MANHATTAN,40.835328755400376,-73.93882218293369,In Progress
70175045,2026-08-24T10:11:30.000,Air Quality,Dust from Construction,479 CENTRAL AVENUE,BROOKLYN,40.69142208687922,-73.91343103100255,Closed
70176554,2026-08-24T09:35:42.000,Air Quality,Vehicle Idling Odor,97-17 95 AVENUE,QUEENS,40.68776309464232,-73.84518531859803,Closed
70176556,2026-08-24T09:25:09.000,Air Quality,Dust from Construction,EAST 120 STREET,MANHATTAN,40.799577189828355,-73.93589693679573,Closed
70179625,2026-08-24T09:24:31.000,Air Quality,Vehicle Exhaust Smoke,5-19 BORDEN AVENUE,QUEENS,40.74162045582265,-73.95598823292852,Closed
70171887,2026-08-24T08:30:12.000,Air Quality,Vehicle Idling Odor,9 AVENUE,QUEENS,40.791970483259334,-73.82057660337242,In Progress
70181187,2026-08-24T08:25:19.000,Air Quality,Asbestos Disturbance,491 EAST 166 STREET,BRONX,40.82802652267602,-73.90795245784298,Closed
70182704,2026-08-24T03:14:30.000,Air Quality,Vehicle Idling Odor,223 KENT AVENUE,BROOKLYN,40.71689615531015,-73.96537649776059,Closed
70182705,2026-08-24T02:29:18.000,Air Quality,Sweet Odor From Unknown Source,75-25 153 STREET,QUEENS,40.725522844148855,-73.81366970477723,Closed
70163992,2026-08-23T22:56:48.000,Air Quality,Vehicle Idling Odor,236 16 STREET,BROOKLYN,40.66396234024786,-73.98776271031132,Closed
70163993,2026-08-23T21:07:58.000,Air Quality,Vehicle Idling Odor,183 TERRACE STREET,BRONX,40.85762469670729,-73.78996111690373,In Progress
70167876,2026-08-23T20:35:50.000,Air Quality,Asbestos Disturbance,1185 CARROLL STREET,BROOKLYN,40.66712768077816,-73.94964990195497,Closed
70170513,2026-08-23T19:53:02.000,Air Quality,Restaurant Odor,181 BLEECKER STREET,MANHATTAN,40.72902220978672,-74.00087314148894,Closed
70165228,2026-08-23T18:39:05.000,Air Quality,Vehicle Idling Odor,103 STREET,QUEENS,40.678250414096624,-73.83580122131593,Closed
70170512,2026-08-23T17:23:55.000,Air Quality,Vehicle Idling Odor,TOMPKINS AVENUE,BROOKLYN,,,In Progress
70166532,2026-08-23T16:17:27.000,Air Quality,Restaurant Odor,975 NOSTRAND AVENUE,BROOKLYN,40.66478970490299,-73.9509817452796,Closed
70161411,2026-08-23T14:55:18.000,Air Quality,Asbestos Disturbance,1260 BURKE AVENUE,BRONX,40.871184506510836,-73.85048199779823,Closed
70165229,2026-08-23T12:37:41.000,Air Quality,Other Air Problem,226 27 STREET,BROOKLYN,40.658728682301046,-73.99816184739787,Closed
70162734,2026-08-23T09:53:49.000,Air Quality,Nail Salon Odor,736 WEST 181 STREET,MANHATTAN,40.85068195921058,-73.93752848535009,Closed
70166533,2026-08-23T04:12:40.000,Air Quality,Dust from Construction,148 WEST 124 STREET,MANHATTAN,40.80767719518998,-73.94736898433382,Closed
70150837,2026-08-23T01:46:59.000,Air Quality,Vehicle Idling Odor,454 VAN SICKLEN STREET,BROOKLYN,40.59318874532464,-73.97554775982502,Closed
70156073,2026-08-23T00:39:14.000,Air Quality,Vehicle Exhaust Smoke,529 WEST 138 STREET,MANHATTAN,40.82141388579087,-73.95220680970206,Closed
70158742,2026-08-22T19:55:12.000,Air Quality,Chimney/Vent Smoke,2199 5 AVENUE,MANHATTAN,40.8118940546831,-73.93824765923902,In Progress
70152141,2026-08-22T18:51:45.000,Air Quality,Vehicle Idling Odor,1513 49 STREET,BROOKLYN,40.63205965907327,-73.98718851259405,Closed
70160118,2026-08-22T17:51:48.000,Air Quality,Restaurant Odor,76 MOTT STREET,MANHATTAN,40.716390819105676,-73.99801235626208,Closed
70156071,2026-08-22T16:49:39.000,Air Quality,Vehicle Idling Odor,EAST 31 STREET,MANHATTAN,40.74586020599367,-73.98434444172125,In Progress
70153448,2026-08-22T15:40:00.000,Air Quality,Restaurant Odor,25 THAMES STREET,BROOKLYN,40.70487573542347,-73.93208553490348,Closed
70154703,2026-08-22T14:40:18.000,Air Quality,Vehicle Idling Odor,421 UNION STREET,BROOKLYN,40.68062070385518,-73.99126771155471,In Progress
70156075,2026-08-22T13:53:24.000,Air Quality,Asbestos Disturbance,770 FULTON STREET,BROOKLYN,40.68480308376534,-73.97070425482374,Closed
70153449,2026-08-22T13:48:27.000,Air Quality,Asbestos Disturbance,770 FULTON STREET,BROOKLYN,40.68480308376534,-73.97070425482374,Closed
70150838,2026-08-22T12:19:39.000,Air Quality,Vehicle Idling Odor,200 LAWRENCE AVENUE,BROOKLYN,40.631022372665534,-73.97281023795009,In Progress
70160119,2026-08-22T11:58:21.000,Air Quality,Restaurant Odor,524 BROADWAY,MANHATTAN,40.72274769468882,-73.9990331409584,Closed
70160117,2026-08-22T11:46:35.000,Air Quality,Vehicle Idling Odor,2755 EAST 11 STREET,BROOKLYN,40.58379134555581,-73.95905879046644,In Progress
70156072,2026-08-22T10:56:21.000,Air Quality,Vehicle Idling Odor,2860 ROOSEVELT AVENUE,BRONX,40.82526151418417,-73.82248857639048,Closed
70158741,2026-08-22T10:30:24.000,Air Quality,Vehicle Idling Odor,113 WEST 25 STREET,MANHATTAN,40.74447492942411,-73.99253326960856,In Progress
70157417,2026-08-22T10:00:54.000,Air Quality,Vehicle Idling Odor,MYRTLE AVENUE,QUEENS,40.702761863826396,-73.87073214487003,Closed
70156074,2026-08-22T09:46:01.000,Air Quality,Dust from Construction,125 BEACH 19 STREET,QUEENS,40.59365369795934,-73.75320352537565,In Progress
70154704,2026-08-22T09:44:54.000,Air Quality,Dust,542 VARICK AVENUE,BROOKLYN,40.7246943602258,-73.93457996735279,Closed
70153447,2026-08-22T09:44:35.000,Air Quality,Vehicle Idling Odor,200 LAWRENCE AVENUE,BROOKLYN,40.631022372665534,-73.97281023795009,In Progress
70154705,2026-08-22T09:38:09.000,Air Quality,Asbestos Disturbance,1185 CARROLL STREET,BROOKLYN,40.66712768077816,-73.94964990195497,Closed
70160115,2026-08-22T08:55:34.000,Air Quality,Vehicle Idling Odor,116-06 229 STREET,QUEENS,40.69408127538187,-73.73158076099357,Closed
70160116,2026-08-22T08:13:59.000,Air Quality,Vehicle Idling Odor,429 5 AVENUE,BROOKLYN,40.66955873712393,-73.98597009491859,In Progress
70138257,2026-08-22T00:45:09.000,Air Quality,Vehicle Idling Odor,1 TENNIS PLACE,QUEENS,40.719006004974794,-73.84663871262093,Closed
70146294,2026-08-21T22:26:53.000,Air Quality,Vehicle Idling Odor,640 8 AVENUE,MANHATTAN,40.75666417742652,-73.99019293432467,In Progress
70143098,2026-08-21T22:26:52.000,Air Quality,Vehicle Idling Odor,640 8 AVENUE,MANHATTAN,40.75666417742652,-73.99019293432467,In Progress
70146291,2026-08-21T22:26:50.000,Air Quality,Vehicle Idling Odor,640 8 AVENUE,MANHATTAN,40.75666417742652,-73.99019293432467,In Progress
70147889,2026-08-21T22:26:48.000,Air Quality,Vehicle Idling Odor,640 8 AVENUE,MANHATTAN,40.75666417742652,-73.99019293432467,In Progress
70139810,2026-08-21T22:26:47.000,Air Quality,Vehicle Idling Odor,640 8 AVENUE,MANHATTAN,40.75666417742652,-73.99019293432467,In Progress
70146290,2026-08-21T22:26:45.000,Air Quality,Vehicle Idling Odor,640 8 AVENUE,MANHATTAN,40.75666417742652,-73.99019293432467,In Progress
70141471,2026-08-21T22:26:44.000,Air Quality,Vehicle Idling Odor,640 8 AVENUE,MANHATTAN,40.75666417742652,-73.99019293432467,In Progress
70141473,2026-08-21T22:26:42.000,Air Quality,Vehicle Idling Odor,640 8 AVENUE,MANHATTAN,40.75666417742652,-73.99019293432467,In Progress
70146292,2026-08-21T22:26:41.000,Air Quality,Vehicle Idling Odor,640 8 AVENUE,MANHATTAN,40.75666417742652,-73.99019293432467,In Progress
70149421,2026-08-21T22:25:53.000,Air Quality,Vehicle Idling Odor,104-22 107 STREET,QUEENS,40.68298322248991,-73.83445191303512,Closed
70143099,2026-08-21T19:36:02.000,Air Quality,Vehicle Idling Odor,274 GARFIELD PLACE,BROOKLYN,40.67090437519678,-73.97415662389398,Closed
70144765,2026-08-21T16:13:58.000,Air Quality,Vehicle Idling Odor,1511 OLMSTEAD AVENUE,BRONX,40.8363354882511,-73.85518965559545,Closed
70139808,2026-08-21T16:10:18.000,Air Quality,Vehicle Idling Odor,1511 OLMSTEAD AVENUE,BRONX,40.8363354882511,-73.85518965559545,Closed
70144767,2026-08-21T15:04:08.000,Air Quality,Vehicle Idling Odor,174 KOSCIUSZKO STREET,BROOKLYN,40.69105021610757,-73.94760167688648,In Progress
70138258,2026-08-21T14:52:50.000,Air Quality,Vehicle Idling Odor,LEFFERTS BOULEVARD,QUEENS,40.68623426262027,-73.82417476733417,Closed
70138261,2026-08-21T14:46:51.000,Air Quality,Vehicle Idling Odor,601 WEST 136 STREET,MANHATTAN,40.82094840199287,-73.95498554661327,Closed
70147891,2026-08-21T14:22:09.000,Air Quality,Dust from Construction,EAST 118 STREET,MANHATTAN,,,Closed
70141470,2026-08-21T12:52:23.000,Air Quality,Vehicle Idling Odor,373 PARK AVENUE SOUTH,MANHATTAN,40.74237442875732,-73.98475665783369,Closed
70147890,2026-08-21T12:45:41.000,Air Quality,Vehicle Idling Odor,640 8 AVENUE,MANHATTAN,40.75666417742652,-73.99019293432467,In Progress
70138260,2026-08-21T12:44:19.000,Air Quality,Vehicle Idling Odor,640 8 AVENUE,MANHATTAN,40.75666417742652,-73.99019293432467,In Progress
70149423,2026-08-21T12:42:31.000,Air Quality,Vehicle Idling Odor,640 8 AVENUE,MANHATTAN,40.75666417742652,-73.99019293432467,In Progress
70139809,2026-08-21T12:38:41.000,Air Quality,Vehicle Idling Odor,640 8 AVENUE,MANHATTAN,40.75666417742652,-73.99019293432467,In Progress
70141474,2026-08-21T12:36:28.000,Air Quality,Vehicle Idling Odor,640 8 AVENUE,MANHATTAN,40.75666417742652,-73.99019293432467,In Progress
70149420,2026-08-21T12:33:47.000,Air Quality,Vehicle Idling Odor,640 8 AVENUE,MANHATTAN,40.75666417742652,-73.99019293432467,In Progress
70147892,2026-08-21T12:02:48.000,Air Quality,Asbestos Disturbance,372 EAST 235 STREET,BRONX,40.89785572732723,-73.86468820674861,Closed
70146295,2026-08-21T11:48:49.000,Air Quality,Chimney/Vent Smoke,25-04 33 AVENUE,QUEENS,40.76276892133812,-73.92889676159974,Closed
70146293,2026-08-21T11:42:18.000,Air Quality,Vehicle Idling Odor,DRIGGS AVENUE,BROOKLYN,40.72170509226293,-73.95064766614973,Closed
70138262,2026-08-21T11:21:34.000,Air Quality,Other Air Problem,CRANFORD AVENUE,BRONX,40.90396991795598,-73.84230136616549,In Progress
70144768,2026-08-21T10:14:02.000,Air Quality,Dust from Construction,1407 BROADWAY,MANHATTAN,40.75343880205395,-73.98715073117594,Closed
70149422,2026-08-21T09:48:53.000,Air Quality,Vehicle Idling Odor,367 WADSWORTH AVENUE,MANHATTAN,40.85632085432521,-73.93017765242645,Closed
70141475,2026-08-21T09:43:48.000,Air Quality,Dust from Construction,1009 SECOND AVENUE,MANHATTAN,40.75696728421741,-73.96701605599206,Closed
70141472,2026-08-21T09:24:28.000,Air Quality,Vehicle Idling Odor,286 WEST 151 STREET,MANHATTAN,40.82619123940585,-73.93814044522938,Closed
70143101,2026-08-21T08:29:29.000,Air Quality,Asbestos Disturbance,120 CHAUNCEY STREET,BROOKLYN,40.68039353078744,-73.92942084455248,Closed
70144766,2026-08-21T08:16:09.000,Air Quality,Vehicle Idling Odor,160 IMLAY STREET,BROOKLYN,40.68065900995755,-74.01019969373112,In Progress
70138259,2026-08-21T08:08:45.000,Air Quality,Vehicle Idling Odor,160 IMLAY STREET,BROOKLYN,40.68065900995755,-74.01019969373112,In Progress
70143100,2026-08-21T07:33:51.000,Air Quality,Vehicle Exhaust Smoke,KNICKERBOCKER AVENUE,BROOKLYN,,,In Progress
70136737,2026-08-20T22:03:41.000,Air Quality,Vehicle Idling Odor,56 TROUTMAN STREET,BROOKLYN,40.69846653021684,-73.93178912872675,Closed
70130944,2026-08-20T21:55:26.000,Air Quality,Asbestos Disturbance,120 CHAUNCEY STREET,BROOKLYN,40.68039353078744,-73.92942084455248,Closed
70136733,2026-08-20T21:44:24.000,Air Quality,Vehicle Idling Odor,104-22 107 STREET,QUEENS,40.68298322248991,-73.83445191303512,Closed
70132406,2026-08-20T21:12:49.000,Air Quality,Vehicle Idling Odor,408 WEST 57 STREET,MANHATTAN,40.76815876369282,-73.9863067278738,Closed
70136738,2026-08-20T20:43:39.000,Air Quality,Vehicle Idling Odor,56 TROUTMAN STREET,BROOKLYN,40.69846653021684,-73.93178912872675,Closed
70133907,2026-08-20T20:41:36.000,Air Quality,Vehicle Idling Odor,640 8 AVENUE,MANHATTAN,40.75666417742652,-73.99019293432467,Closed
70133911,2026-08-20T20:41:08.000,Air Quality,Vehicle Idling Odor,640 8 AVENUE,MANHATTAN,40.75666417742652,-73.99019293432467,Closed
70132408,2026-08-20T20:40:00.000,Air Quality,Vehicle Idling Odor,640 8 AVENUE,MANHATTAN,40.75666417742652,-73.99019293432467,Closed
70129485,2026-08-20T20:39:07.000,Air Quality,Vehicle Idling Odor,640 8 AVENUE,MANHATTAN,40.75666417742652,-73.99019293432467,Closed
70135284,2026-08-20T20:38:31.000,Air Quality,Vehicle Idling Odor,640 8 AVENUE,MANHATTAN,40.75666417742652,-73.99019293432467,Closed
70132407,2026-08-20T20:38:15.000,Air Quality,Vehicle Idling Odor,640 8 AVENUE,MANHATTAN,40.75666417742652,-73.99019293432467,Closed
70128041,2026-08-20T20:38:07.000,Air Quality,Vehicle Idling Odor,640 8 AVENUE,MANHATTAN,40.75666417742652,-73.99019293432467,Closed
70133906,2026-08-20T20:37:59.000,Air Quality,Vehicle Idling Odor,640 8 AVENUE,MANHATTAN,40.75666417742652,-73.99019293432467,Closed
70133909,2026-08-20T20:37:51.000,Air Quality,Vehicle Idling Odor,640 8 AVENUE,MANHATTAN,40.75666417742652,-73.99019293432467,Closed
70128043,2026-08-20T19:48:27.000,Air Quality,Nail Salon Odor,136-68 ROOSEVELT AVENUE,QUEENS,40.760191601717516,-73.82760369687921,Closed
70136734,2026-08-20T18:19:45.000,Air Quality,Vehicle Idling Odor,827 DEAN STREET,BROOKLYN,40.67909162943131,-73.96266689670611,Closed
70132412,2026-08-20T17:46:01.000,Air Quality,Asbestos Disturbance,94A COFFEY STREET,BROOKLYN,40.67575925749034,-74.01342554574973,In Progress
70136744,2026-08-20T17:39:23.000,Air Quality,Asbestos Disturbance,372 EAST 235 STREET,BRONX,40.89785572732723,-73.86468820674861,Closed
70130941,2026-08-20T17:35:37.000,Air Quality,Dust from Construction,120 CHAUNCEY STREET,BROOKLYN,40.68039353078744,-73.92942084455248,Closed
70129487,2026-08-20T15:38:34.000,Air Quality,Dust,604 FLATBUSH AVENUE,BROOKLYN,40.65889210398099,-73.96053728858053,Closed
70130943,2026-08-20T14:55:33.000,Air Quality,Asbestos Disturbance,792 COLUMBUS AVENUE,MANHATTAN,40.79540999565012,-73.96674419547618,Closed
70132411,2026-08-20T14:10:34.000,Air Quality,Dust from Construction,247 EAST 39 STREET,MANHATTAN,40.74828753761745,-73.97444420277945,Closed
70133913,2026-08-20T14:07:22.000,Air Quality,Dust from Construction,84 DEAN STREET,BROOKLYN,40.687177823752165,-73.98958296361728,In Progress
70136741,2026-08-20T13:53:57.000,Air Quality,Other Air Problem,133-25 114 PLACE,QUEENS,40.67288489909137,-73.82498863823915,Closed
70126617,2026-08-20T13:34:52.000,Air Quality,Dust from Construction,444 EAST 87 STREET,MANHATTAN,40.777106599232766,-73.94784086459615,Closed
70126616,2026-08-20T13:29:30.000,Air Quality,Dust from Construction,44 EAST 87 STREET,MANHATTAN,40.781403529768895,-73.95803457163352,Closed
70126618,2026-08-20T13:22:41.000,Air Quality,Asbestos Disturbance,792 COLUMBUS AVENUE,MANHATTAN,40.79540999565012,-73.96674419547618,Closed
70130940,2026-08-20T13:06:28.000,Air Quality,Dust from Construction,73 MONROE STREET,BROOKLYN,40.684872444830475,-73.95583098335851,Closed
70136743,2026-08-20T12:59:26.000,Air Quality,Asbestos Disturbance,88 COFFEY STREET,BROOKLYN,40.67566320711589,-74.01328132097363,In Progress
70130942,2026-08-20T12:52:42.000,Air Quality,Chimney/Vent Smoke,202 AVENUE OF THE AMERICAS,MANHATTAN,40.726787928274874,-74.00350327256554,Closed
70133910,2026-08-20T12:15:16.000,Air Quality,Vehicle Idling Odor,23-20 BELL BOULEVARD,QUEENS,40.7820393627927,-73.77626506068275,Closed
70128044,2026-08-20T11:29:25.000,Air Quality,Asbestos Disturbance,1185 CARROLL STREET,BROOKLYN,40.66712768077816,-73.94964990195497,Closed
70136740,2026-08-20T11:15:48.000,Air Quality,Restaurant Odor,5722 7 AVENUE,BROOKLYN,40.63835646459978,-74.01017881526678,Closed
70135282,2026-08-20T11:03:00.000,Air Quality,Vehicle Idling Odor,640 8 AVENUE,MANHATTAN,40.75666417742652,-73.99019293432467,In Progress
70135283,2026-08-20T10:59:34.000,Air Quality,Vehicle Idling Odor,640 8 AVENUE,MANHATTAN,40.75666417742652,-73.99019293432467,In Progress
70136731,2026-08-20T10:59:25.000,Air Quality,Vehicle Idling Odor,640 8 AVENUE,MANHATTAN,40.75666417742652,-73.99019293432467,In Progress
70132410,2026-08-20T10:59:05.000,Air Quality,Vehicle Idling Odor,640 8 AVENUE,MANHATTAN,40.75666417742652,-73.99019293432467,In Progress
70126615,2026-08-20T10:58:31.000,Air Quality,Vehicle Idling Odor,640 8 AVENUE,MANHATTAN,40.75666417742652,-73.99019293432467,In Progress
70130939,2026-08-20T10:57:59.000,Air Quality,Vehicle Idling Odor,640 8 AVENUE,MANHATTAN,40.75666417742652,-73.99019293432467,In Progress
70128042,2026-08-20T10:57:51.000,Air Quality,Vehicle Idling Odor,640 8 AVENUE,MANHATTAN,40.75666417742652,-73.99019293432467,In Progress
70126614,2026-08-20T10:57:44.000,Air Quality,Vehicle Idling Odor,640 8 AVENUE,MANHATTAN,40.75666417742652,-73.99019293432467,In Progress
70136732,2026-08-20T10:57:35.000,Air Quality,Vehicle Idling Odor,640 8 AVENUE,MANHATTAN,40.75666417742652,-73.99019293432467,In Progress
70136735,2026-08-20T10:57:31.000,Air Quality,Vehicle Idling Odor,640 8 AVENUE,MANHATTAN,40.75666417742652,-73.99019293432467,In Progress
70126613,2026-08-20T10:57:27.000,Air Quality,Vehicle Idling Odor,640 8 AVENUE,MANHATTAN,40.75666417742652,-73.99019293432467,In Progress
70132409,2026-08-20T10:57:23.000,Air Quality,Vehicle Idling Odor,640 8 AVENUE,MANHATTAN,40.75666417742652,-73.99019293432467,In Progress
70130938,2026-08-20T10:57:18.000,Air Quality,Vehicle Idling Odor,640 8 AVENUE,MANHATTAN,40.75666417742652,-73.99019293432467,In Progress
70129486,2026-08-20T10:57:13.000,Air Quality,Vehicle Idling Odor,640 8 AVENUE,MANHATTAN,40.75666417742652,-73.99019293432467,In Progress
70136739,2026-08-20T10:57:09.000,Air Quality,Vehicle Idling Odor,640 8 AVENUE,MANHATTAN,40.75666417742652,-73.99019293432467,In Progress
70133908,2026-08-20T10:57:04.000,Air Quality,Vehicle Idling Odor,640 8 AVENUE,MANHATTAN,40.75666417742652,-73.99019293432467,In Progress
70136736,2026-08-20T10:57:00.000,Air Quality,Vehicle Idling Odor,640 8 AVENUE,MANHATTAN,40.75666417742652,-73.99019293432467,In Progress
70133912,2026-08-20T09:44:31.000,Air Quality,Dust from Construction,420 STERLING PLACE,BROOKLYN,40.674843285615744,-73.96445740043607,Closed
70136745,2026-08-20T09:32:48.000,Air Quality,Asbestos Disturbance,COLUMBUS AVENUE,MANHATTAN,40.77422664785725,-73.98111362151931,Closed
70133914,2026-08-20T09:25:32.000,Air Quality,Asbestos Disturbance,1679 BEDFORD AVENUE,BROOKLYN,40.665566104686754,-73.95690712189989,Closed
70136742,2026-08-20T09:13:39.000,Air Quality,Chimney/Vent Smoke,1475 WYTHE PLACE,BRONX,40.84079136840153,-73.9140100749652,Closed
70135281,2026-08-20T08:35:50.000,Air Quality,Vehicle Idling Odor,85-04 ABINGDON ROAD,QUEENS,40.706245323787044,-73.82892263319238,Closed
70135285,2026-08-20T04:33:16.000,Air Quality,Vehicle Idling Odor,GRATTAN STREET,BROOKLYN,40.70644526205035,-73.92682521873122,In Progress
70120874,2026-08-19T22:22:21.000,Air Quality,Vehicle Idling Odor,640 8 AVENUE,MANHATTAN,40.75666417742652,-73.99019293432467,In Progress
70120877,2026-08-19T22:22:19.000,Air Quality,Vehicle Idling Odor,640 8 AVENUE,MANHATTAN,40.75666417742652,-73.99019293432467,In Progress
70125175,2026-08-19T22:22:18.000,Air Quality,Vehicle Idling Odor,640 8 AVENUE,MANHATTAN,40.75666417742652,-73.99019293432467,In Progress
70115185,2026-08-19T22:22:16.000,Air Quality,Vehicle Idling Odor,640 8 AVENUE,MANHATTAN,40.75666417742652,-73.99019293432467,In Progress
70115188,2026-08-19T22:22:14.000,Air Quality,Vehicle Idling Odor,640 8 AVENUE,MANHATTAN,40.75666417742652,-73.99019293432467,In Progress
70118048,2026-08-19T22:22:13.000,Air Quality,Vehicle Idling Odor,640 8 AVENUE,MANHATTAN,40.75666417742652,-73.99019293432467,In Progress
70116620,2026-08-19T21:50:06.000,Air Quality,Vehicle Idling Odor,EAST 85 STREET,MANHATTAN,40.778814516637816,-73.95608280319802,In Progress
70115181,2026-08-19T21:46:54.000,Air Quality,Vehicle Idling Odor,408 WEST 57 STREET,MANHATTAN,40.76815876369282,-73.9863067278738,In Progress
70115182,2026-08-19T21:27:48.000,Air Quality,Vehicle Idling Odor,570 CLAWSON STREET,STATEN ISLAND,40.56597735732959,-74.11706815181962,Closed
70125176,2026-08-19T17:22:09.000,Air Quality,Dust from Construction,141 EAST 44 STREET,MANHATTAN,40.75245405537966,-73.9744029021442,Closed
70119437,2026-08-19T16:57:27.000,Air Quality,Restaurant Odor,5911 4 AVENUE,BROOKLYN,40.641297926218456,-74.01794072762777,Closed
70115189,2026-08-19T16:03:57.000,Air Quality,Other Air Problem,133-25 114 PLACE,QUEENS,40.67288489909137,-73.82498863823915,Closed
70119435,2026-08-19T15:49:55.000,Air Quality,Vehicle Idling Odor,18 MILBANK ROAD,STATEN ISLAND,40.561154772543695,-74.10267465976658,Closed
70116624,2026-08-19T14:59:22.000,Air Quality,Other Air Problem,22-05 43 AVENUE,QUEENS,40.75001436377456,-73.94436840979924,Closed
70123772,2026-08-19T14:33:33.000,Air Quality,Vehicle Idling Odor,247 NORTH 8 STREET,BROOKLYN,40.7163651240392,-73.95386575837125,Closed
70115183,2026-08-19T13:23:39.000,Air Quality,Vehicle Idling Odor,63-07 60 PLACE,QUEENS,40.71090973260951,-73.9028587244321,Closed
70115184,2026-08-19T13:06:17.000,Air Quality,Vehicle Idling Odor,75 1 PLACE,BROOKLYN,40.680678660631436,-73.99815403155965,In Progress
70118045,2026-08-19T12:41:35.000,Air Quality,Vehicle Idling Odor,505 EAST 68 STREET,MANHATTAN,40.76421498965411,-73.95541015327446,In Progress
70116625,2026-08-19T12:05:00.000,Air Quality,Dust from Construction,301 BEACH 86 STREET,QUEENS,40.589237900278455,-73.81148283475444,Closed
70120875,2026-08-19T11:48:40.000,Air Quality,Vehicle Idling Odor,640 8 AVENUE,MANHATTAN,40.75666417742652,-73.99019293432467,In Progress
70116621,2026-08-19T11:48:29.000,Air Quality,Vehicle Idling Odor,640 8 AVENUE,MANHATTAN,40.75666417742652,-73.99019293432467,In Progress
70119434,2026-08-19T11:48:22.000,Air Quality,Vehicle Idling Odor,640 8 AVENUE,MANHATTAN,40.75666417742652,-73.99019293432467,In Progress
70118047,2026-08-19T11:48:17.000,Air Quality,Vehicle Idling Odor,640 8 AVENUE,MANHATTAN,40.75666417742652,-73.99019293432467,In Progress
70122337,2026-08-19T11:48:14.000,Air Quality,Vehicle Idling Odor,640 8 AVENUE,MANHATTAN,40.75666417742652,-73.99019293432467,In Progress
70120873,2026-08-19T11:48:09.000,Air Quality,Vehicle Idling Odor,640 8 AVENUE,MANHATTAN,40.75666417742652,-73.99019293432467,In Progress
70271247,2026-09-02T01:59:47.000,Noise - Commercial,Loud Music/Party,213-10 41 AVENUE,QUEENS,40.76352258807342,-73.7717065858313,In Progress
70265824,2026-09-02T01:52:16.000,Noise - Commercial,Loud Talking,122-14 116 AVENUE,QUEENS,40.67605476860137,-73.81596740814614,In Progress
70268658,2026-09-02T01:42:37.000,Noise - Commercial,Loud Music/Party,71 WEST 55 STREET,MANHATTAN,40.76255800986483,-73.97700532315454,In Progress
70267314,2026-09-02T01:23:24.000,Noise - Commercial,Loud Music/Party,2014 FREDERICK DOUGLASS BOULEVARD,MANHATTAN,40.80094870772344,-73.95789222050281,In Progress
70271978,2026-09-02T01:21:42.000,Noise - Commercial,Loud Music/Party,267 TROY AVENUE,BROOKLYN,40.67016790333938,-73.93654761940525,In Progress
70272626,2026-09-02T01:16:21.000,Noise - Commercial,Loud Music/Party,213-10 41 AVENUE,QUEENS,40.76352258807342,-73.7717065858313,Closed
70267998,2026-09-02T01:12:51.000,Noise - Commercial,Banging/Pounding,949 GRAND STREET,BROOKLYN,40.713005423300324,-73.93635894656738,In Progress
70265880,2026-09-02T01:11:09.000,Noise - Commercial,Loud Music/Party,213-10 41 AVENUE,QUEENS,40.76352258807342,-73.7717065858313,Closed
70264566,2026-09-02T00:48:22.000,Noise - Commercial,Banging/Pounding,40 AVENUE,QUEENS,40.76426566610473,-73.77132860459679,Closed
70267228,2026-09-02T00:37:06.000,Noise - Commercial,Loud Music/Party,213-10 41 AVENUE,QUEENS,40.76352258807342,-73.7717065858313,Closed
70269881,2026-09-02T00:35:34.000,Noise - Commercial,Loud Music/Party,40-12 BELL BOULEVARD,QUEENS,40.764106321118824,-73.77125334303817,Closed
70267995,2026-09-02T00:33:53.000,Noise - Commercial,Loud Music/Party,151 AVENUE C,MANHATTAN,40.72553423319804,-73.97780460597261,In Progress
70269880,2026-09-02T00:29:14.000,Noise - Commercial,Loud Music/Party,40-12 BELL BOULEVARD,QUEENS,40.764106321118824,-73.77125334303817,Closed
70264565,2026-09-02T00:27:39.000,Noise - Commercial,Loud Music/Party,213-10 41 AVENUE,QUEENS,40.76352258807342,-73.7717065858313,Closed
70272022,2026-09-02T00:21:06.000,Noise - Commercial,Loud Music/Party,749 METROPOLITAN AVENUE,BROOKLYN,40.71457939477639,-73.94399397442777,Closed
70264502,2026-09-02T00:07:16.000,Noise - Commercial,Loud Music/Party,57-36 MYRTLE AVENUE,QUEENS,40.70047913709342,-73.90228606667296,Closed
70263197,2026-09-02T00:04:04.000,Noise - Commercial,Banging/Pounding,39 AVENUE,QUEENS,40.765320774042614,-73.77189536218215,Closed
70268498,2026-09-02T00:01:13.000,Noise - Commercial,Banging/Pounding,WEST HOUSTON STREET,MANHATTAN,,,Closed
70262399,2026-09-01T23:36:05.000,Noise - Commercial,Loud Talking,4340 WHITE PLAINS ROAD,BRONX,40.89670010784821,-73.85553922303484,Closed
70266658,2026-09-01T23:35:22.000,Noise - Commercial,Loud Talking,19 GREENPOINT AVENUE,BROOKLYN,40.72966573915436,-73.9599036553285,Closed
70270546,2026-09-01T23:25:43.000,Noise - Commercial,Loud Music/Party,UNION STREET,BROOKLYN,,,Closed
70272688,2026-09-01T23:15:44.000,Noise - Commercial,Loud Music/Party,2021 LEXINGTON AVENUE,MANHATTAN,40.80297379959426,-73.93843292428943,In Progress
70271996,2026-09-01T23:10:10.000,Noise - Commercial,Loud Talking,1329 FULTON STREET,BROOKLYN,40.68032944479324,-73.94828070283964,Closed
70263752,2026-09-01T23:01:38.000,Noise - Commercial,Banging/Pounding,2487 CONEY ISLAND AVENUE,BROOKLYN,40.59648399158953,-73.96104228428698,In Progress
70271352,2026-09-01T23:01:25.000,Noise - Commercial,Loud Music/Party,2082 FREDRICK DOUGLAS BOULEVARD,MANHATTAN,40.80225484364876,-73.95693421623459,Closed
70269965,2026-09-01T22:48:19.000,Noise - Commercial,Loud Music/Party,2082 FREDERICK DOUGLASS BOULEVARD,MANHATTAN,40.80225484364876,-73.95693421623459,Closed
70271351,2026-09-01T22:45:31.000,Noise - Commercial,Loud Music/Party,2082 FREDERICK DOUGLAS BOULEVARD,MANHATTAN,40.80225484364876,-73.95693421623459,Closed
70268683,2026-09-01T22:44:30.000,Noise - Commercial,Loud Music/Party,2082 FREDERICK DOUGLASS BOULEVARD,MANHATTAN,40.80225484364876,-73.95693421623459,Closed
70267247,2026-09-01T22:32:55.000,Noise - Commercial,Loud Music/Party,25-72 STEINWAY STREET,QUEENS,40.76753588454479,-73.91204328591014,Closed
70267776,2026-09-01T22:17:52.000,Noise - Commercial,Loud Music/Party,63 SPRING STREET,MANHATTAN,40.722360654854754,-73.99724374620143,Closed
70266422,2026-09-01T22:16:08.000,Noise - Commercial,Banging/Pounding,11 PELL STREET,MANHATTAN,40.71473846692861,-73.99768053858439,Closed
70266421,2026-09-01T22:15:35.000,Noise - Commercial,Loud Music/Party,240 MULBERRY STREET,MANHATTAN,40.72287388416484,-73.99588723360148,Closed
70265928,2026-09-01T22:14:17.000,Noise - Commercial,Car/Truck Horn,2636 HYLAN BOULEVARD,STATEN ISLAND,40.5674611130397,-74.11276598978917,Closed
70266659,2026-09-01T21:58:05.000,Noise - Commercial,Loud Music/Party,741 METROPOLITAN AVENUE,BROOKLYN,40.714565741078644,-73.94413827553514,Closed
70265961,2026-09-01T21:54:30.000,Noise - Commercial,Loud Music/Party,2082 FREDERICK DOUGLAS BOULEVARD,MANHATTAN,40.80225484364876,-73.95693421623459,Closed
70269162,2026-09-01T21:38:49.000,Noise - Commercial,Loud Music/Party,1861 CROPSEY AVENUE,BROOKLYN,40.60172478341943,-74.00568620571462,Closed
70262597,2026-09-01T21:28:07.000,Noise - Commercial,Loud Music/Party,158 ROEBLING STREET,BROOKLYN,40.71410496572587,-73.95784247439096,Closed
70265292,2026-09-01T21:22:41.000,Noise - Commercial,Loud Music/Party,390 METROPOLITAN AVENUE,BROOKLYN,40.714065515158836,-73.95513348200073,Closed
70266655,2026-09-01T20:55:17.000,Noise - Commercial,Loud Music/Party,158 ROEBLING STREET,BROOKLYN,40.71410496572587,-73.95784247439096,Closed
70263213,2026-09-01T20:46:23.000,Noise - Commercial,Banging/Pounding,40-46 24 STREET,QUEENS,40.75329999967202,-73.93927649865398,In Progress
70263193,2026-09-01T20:27:16.000,Noise - Commercial,Banging/Pounding,104-40 CORONA AVENUE,QUEENS,40.74389799732929,-73.8571336424811,Closed
70268001,2026-09-01T20:15:08.000,Noise - Commercial,Loud Music/Party,158 ROEBLING STREET,BROOKLYN,40.71410496572587,-73.95784247439096,Closed
70269251,2026-09-01T20:05:08.000,Noise - Commercial,Banging/Pounding,1179 ELTON STREET,BROOKLYN,40.65580184655072,-73.87352618912523,Closed
70269191,2026-09-01T20:01:12.000,Noise - Commercial,Loud Music/Party,9609 DITMAS AVENUE,BROOKLYN,40.651126179168834,-73.91007411123938,Closed
70267318,2026-09-01T19:43:16.000,Noise - Commercial,Loud Music/Party,2082 FREDRICK DOUGLASS BOULEVARD,MANHATTAN,40.80225484364876,-73.95693421623459,Closed
70263863,2026-09-01T19:06:32.000,Noise - Commercial,Loud Music/Party,494 LIBERTY AVENUE,BROOKLYN,40.675129781886206,-73.89155113937794,Closed
70264548,2026-09-01T18:47:02.000,Noise - Commercial,Loud Music/Party,137-72 NORTHERN BOULEVARD,QUEENS,40.7638134402157,-73.82861953775803,Closed
70270608,2026-09-01T18:22:04.000,Noise - Commercial,Banging/Pounding,918 ATLANTIC AVENUE,BROOKLYN,40.68098314768348,-73.96382317885221,Closed
70266650,2026-09-01T18:07:05.000,Noise - Commercial,Loud Music/Party,141 2 AVENUE,MANHATTAN,40.729018776682125,-73.98737913726657,Closed
70263928,2026-09-01T17:59:02.000,Noise - Commercial,Banging/Pounding,56 BOGART STREET,BROOKLYN,40.705532473920975,-73.93335083591428,Closed
70264636,2026-09-01T16:31:19.000,Noise - Commercial,Loud Music/Party,1595 MADISON AVENUE,MANHATTAN,40.794492193305906,-73.94884931782872,In Progress
70269260,2026-09-01T16:15:45.000,Noise - Commercial,Banging/Pounding,918 ATLANTIC AVENUE,BROOKLYN,40.68098314768348,-73.96382317885221,Closed
70272540,2026-09-01T15:51:22.000,Noise - Commercial,Loud Music/Party,105-06 JAMAICA AVENUE,QUEENS,40.695224304607805,-73.84182144045994,Closed
70269912,2026-09-01T13:55:05.000,Noise - Commercial,Car/Truck Music,30-50 77 STREET,QUEENS,40.75971996499223,-73.89087917827256,Closed
70263923,2026-09-01T12:05:19.000,Noise - Commercial,Loud Music/Party,11 AVENUE D,MANHATTAN,40.72037146753582,-73.97845929268045,Closed
70263877,2026-09-01T10:41:39.000,Noise - Commercial,Banging/Pounding,918 ATLANTIC AVENUE,BROOKLYN,40.68098314768348,-73.96382317885221,Closed
70270379,2026-09-01T07:39:51.000,Noise - Commercial,Banging/Pounding,1055 OGDEN AVENUE,BRONX,40.83466951959193,-73.92840795314878,Closed
70271809,2026-09-01T07:14:22.000,Noise - Commercial,Loud Music/Party,102 FORSYTH STREET,MANHATTAN,40.7184656501565,-73.99280674228743,Closed
70263744,2026-09-01T07:12:00.000,Noise - Commercial,Loud Music/Party,67 EAST 11 STREET,MANHATTAN,40.732834412142914,-73.99217735930414,Closed
70269118,2026-09-01T06:45:26.000,Noise - Commercial,Banging/Pounding,88 DIVISION STREET,MANHATTAN,40.71431014114397,-73.99380999966628,Closed
70269856,2026-09-01T06:27:23.000,Noise - Commercial,Car/Truck Music,15-30 PETRACCA PLACE,QUEENS,40.78339862101712,-73.8277422136079,Closed
70265933,2026-09-01T05:46:37.000,Noise - Commercial,Banging/Pounding,247 THIRD AVENUE,MANHATTAN,40.73715385745763,-73.9843573127709,Closed
70271806,2026-09-01T05:21:41.000,Noise - Commercial,Loud Music/Party,2205 EAST TREMONT AVENUE,BRONX,40.84204960499701,-73.85708910648162,Closed
70267874,2026-09-01T04:16:21.000,Noise - Commercial,Loud Music/Party,1663 RALPH AVENUE,BROOKLYN,40.63627531109799,-73.9190367941174,Closed
70263904,2026-09-01T03:26:05.000,Noise - Commercial,Banging/Pounding,420 TROUTMAN STREET,BROOKLYN,40.707070877854704,-73.92234484179741,Closed
70264604,2026-09-01T03:21:53.000,Noise - Commercial,Loud Music/Party,702 NEW DORP LANE,STATEN ISLAND,40.5659051445194,-74.10058001940575,Closed
70264516,2026-09-01T02:54:06.000,Noise - Commercial,Loud Talking,122-14 116 AVENUE,QUEENS,40.67605476860137,-73.81596740814614,Closed
70265268,2026-09-01T02:15:16.000,Noise - Commercial,Loud Music/Party,4 IRVING AVENUE,BROOKLYN,40.7055773447715,-73.92593169619619,Closed
70268002,2026-09-01T02:11:55.000,Noise - Commercial,Loud Music/Party,278 METROPOLITAN AVENUE,BROOKLYN,40.71467603499408,-73.95827859002164,Closed
70254916,2026-09-01T01:10:39.000,Noise - Commercial,Loud Music/Party,1981 HUGHES AVENUE,BRONX,40.846753375600635,-73.89178097149815,Closed
70251310,2026-09-01T00:47:16.000,Noise - Commercial,Banging/Pounding,146-26 NORTHERN BOULEVARD,QUEENS,40.76503033615667,-73.82025208141133,Closed
70253481,2026-09-01T00:35:37.000,Noise - Commercial,Loud Music/Party,1408 NOSTRAND AVENUE,BROOKLYN,40.65214944795982,-73.94972607552805,Closed
70254368,2026-09-01T00:26:54.000,Noise - Commercial,Loud Talking,3612 BROADWAY,MANHATTAN,40.82872981821377,-73.9487579560851,Closed
70251217,2026-09-01T00:15:15.000,Noise - Commercial,Loud Music/Party,1044 BEACH 21 STREET,QUEENS,40.6033223048419,-73.7538520217726,Closed
70259419,2026-09-01T00:12:18.000,Noise - Commercial,Loud Music/Party,955 CROES AVENUE,BRONX,40.824242804295565,-73.869433875046,Closed
70251892,2026-09-01T00:02:48.000,Noise - Commercial,Loud Music/Party,2205 EAST TREMONT AVENUE,BRONX,40.84204960499701,-73.85708910648162,Closed
70251888,2026-08-31T23:59:06.000,Noise - Commercial,Loud Music/Party,1981 HUGHES AVENUE,BRONX,40.846753375600635,-73.89178097149815,Closed
70250628,2026-08-31T23:54:06.000,Noise - Commercial,Loud Talking,1108 BEDFORD AVENUE,BROOKLYN,40.686815268357435,-73.95461095653465,Closed
70260420,2026-08-31T23:45:00.000,Noise - Commercial,Loud Music/Party,705 9 AVENUE,MANHATTAN,40.76248573565042,-73.98969391985037,Closed
70256639,2026-08-31T23:13:03.000,Noise - Commercial,Loud Music/Party,1086 FULTON STREET,BROOKLYN,40.68152172443774,-73.95754939836452,Closed
70251893,2026-08-31T22:56:13.000,Noise - Commercial,Loud Music/Party,2205 EAST TREMONT AVENUE,BRONX,40.84204960499701,-73.85708910648162,Closed
70261146,2026-08-31T22:54:43.000,Noise - Commercial,Loud Music/Party,1389 ST JOHN'S PLACE,BROOKLYN,40.67066504048014,-73.9323150328069,Closed
70252150,2026-08-31T22:54:12.000,Noise - Commercial,Loud Talking,79 EAST 7 STREET,MANHATTAN,40.72729771351166,-73.98648830466516,Closed
70261147,2026-08-31T22:51:54.000,Noise - Commercial,Loud Music/Party,662 WASHINGTON AVENUE,BROOKLYN,40.67831249819486,-73.96387149622204,Closed
70257957,2026-08-31T22:38:17.000,Noise - Commercial,Banging/Pounding,11 PELL STREET,MANHATTAN,40.71473846692861,-73.99768053858439,Closed
70253480,2026-08-31T22:28:19.000,Noise - Commercial,Loud Music/Party,2614 NEWKIRK AVENUE,BROOKLYN,40.63975498670418,-73.95203425303694,Closed
70255009,2026-08-31T22:18:39.000,Noise - Commercial,Loud Music/Party,2614 NEWKIRK AVENUE,BROOKLYN,40.63975498670418,-73.95203425303694,Closed
70257972,2026-08-31T22:10:41.000,Noise - Commercial,Banging/Pounding,171 WEST 4 STREET,MANHATTAN,40.73219239504808,-74.00153709078631,Closed
70256671,2026-08-31T21:59:54.000,Noise - Commercial,Loud Music/Party,37 BOX STREET,BROOKLYN,40.737351899055135,-73.95478221362193,Closed
70255762,2026-08-31T21:16:27.000,Noise - Commercial,Banging/Pounding,219-47 JAMAICA AVENUE,QUEENS,40.718660321116815,-73.73494855893776,Closed
70261164,2026-08-31T21:06:36.000,Noise - Commercial,Loud Talking,1329 FULTON STREET,BROOKLYN,40.68032944479324,-73.94828070283964,Closed
70251414,2026-08-31T21:05:36.000,Noise - Commercial,Banging/Pounding,211 WEST 107 STREET,MANHATTAN,40.80142620298141,-73.96593572552614,Closed
70256619,2026-08-31T21:02:34.000,Noise - Commercial,Banging/Pounding,85 COFFEY STREET,BROOKLYN,40.67566320336588,-74.013313767197,Closed
70258873,2026-08-31T20:45:43.000,Noise - Commercial,Loud Music/Party,40-46 24 STREET,QUEENS,40.75329999967202,-73.93927649865398,Closed
70254355,2026-08-31T20:42:37.000,Noise - Commercial,Loud Music/Party,526 AMSTERDAM AVENUE,MANHATTAN,40.78728774725402,-73.97531758340398,Closed
70258901,2026-08-31T20:26:03.000,Noise - Commercial,Car/Truck Music,28 MERRY MOUNT STREET,STATEN ISLAND,40.59254062502365,-74.15699915137436,Closed
70252736,2026-08-31T20:25:57.000,Noise - Commercial,Loud Music/Party,131-23 LIBERTY AVENUE,QUEENS,40.690210130279596,-73.81459414451555,Closed
70255944,2026-08-31T20:07:06.000,Noise - Commercial,Loud Music/Party,595 WEST 207 STREET,MANHATTAN,40.867211318522806,-73.92089240470565,Closed
70257971,2026-08-31T20:04:08.000,Noise - Commercial,Loud Music/Party,67 EAST 11 STREET,MANHATTAN,40.732834412142914,-73.99217735930414,Closed
70255150,2026-08-31T20:00:17.000,Noise - Commercial,Loud Music/Party,175 HIMROD STREET,BROOKLYN,40.69805399996578,-73.92187209378284,Closed
70250388,2026-08-31T19:50:11.000,Noise - Commercial,Loud Music/Party,2155 GRAND CONCOURSE,BRONX,40.85473567166208,-73.90175579950744,Closed
70258038,2026-08-31T19:12:28.000,Noise - Commercial,Loud Music/Party,726 UTICA AVENUE,BROOKLYN,40.65565294741385,-73.93081295630736,Closed
70253412,2026-08-31T18:29:35.000,Noise - Commercial,Loud Music/Party,297 BROOME STREET,MANHATTAN,40.71867145829986,-73.9920635828291,Closed
70254359,2026-08-31T18:27:15.000,Noise - Commercial,Loud Talking,795 COLUMBUS AVENUE,MANHATTAN,40.79455899221026,-73.96627150428745,Closed
70250506,2026-08-31T18:11:56.000,Noise - Commercial,Loud Music/Party,2614 NEWKIRK AVENUE,BROOKLYN,40.63975498670418,-73.95203425303694,Closed
70250372,2026-08-31T17:36:01.000,Noise - Commercial,Loud Music/Party,2964 LAFAYETTE AVENUE,BRONX,40.830475600976065,-73.82370326640891,Closed
70258177,2026-08-31T17:31:20.000,Noise - Commercial,Banging/Pounding,81 EAST 7 STREET,MANHATTAN,40.727264767093544,-73.98640893693863,Closed
70250439,2026-08-31T17:28:55.000,Noise - Commercial,Loud Music/Party,67 EAST 11 STREET,MANHATTAN,40.732834412142914,-73.99217735930414,Closed
70259473,2026-08-31T17:27:42.000,Noise - Commercial,Loud Music/Party,980 BRONX PARK SOUTH,BRONX,40.84488207653463,-73.87858817070433,Closed
70259516,2026-08-31T17:09:24.000,Noise - Commercial,Banging/Pounding,2605 AVENUE U,BROOKLYN,40.60003767591863,-73.94550166666656,Closed
70256440,2026-08-31T17:02:08.000,Noise - Commercial,Loud Talking,4615 3 AVENUE,BRONX,40.856446976510696,-73.8910385963576,Closed
70250447,2026-08-31T16:52:07.000,Noise - Commercial,Loud Music/Party,2605 AVENUE U,BROOKLYN,40.60003767591863,-73.94550166666656,Closed
70260378,2026-08-31T16:14:34.000,Noise - Commercial,Banging/Pounding,20-15 29 STREET,QUEENS,40.77998547259832,-73.90782749673872,Closed
70258182,2026-08-31T16:08:41.000,Noise - Commercial,Banging/Pounding,56 BOGART STREET,BROOKLYN,40.705532473920975,-73.93335083591428,Closed
70261970,2026-08-31T14:20:37.000,Noise - Commercial,Loud Music/Party,217 WEST 145 STREET,MANHATTAN,40.82198725248685,-73.93987862398805,Closed
70252737,2026-08-31T11:26:02.000,Noise - Commercial,Banging/Pounding,102-01 159 DRIVE,QUEENS,40.659131672733274,-73.83108706767946,Closed
70255813,2026-08-31T11:15:32.000,Noise - Commercial,Banging/Pounding,146-26 NORTHERN BOULEVARD,QUEENS,40.76503033615667,-73.82025208141133,Closed
70257437,2026-08-31T10:46:14.000,Noise - Commercial,Loud Talking,HILLSIDE AVENUE,MANHATTAN,40.858744389082254,-73.93011726711445,Closed
70259503,2026-08-31T09:38:59.000,Noise - Commercial,Loud Talking,67 EAST 11 STREET,MANHATTAN,40.732834412142914,-73.99217735930414,Closed
70255032,2026-08-31T09:31:26.000,Noise - Commercial,Banging/Pounding,1050 FLATBUSH AVENUE,BROOKLYN,40.64553237177799,-73.95806237287843,Closed
70253428,2026-08-31T08:26:28.000,Noise - Commercial,Loud Music/Party,67 EAST 11 STREET,MANHATTAN,40.732834412142914,-73.99217735930414,Closed
70260419,2026-08-31T08:13:27.000,Noise - Commercial,Loud Music/Party,696 9 AVENUE,MANHATTAN,40.76204934733639,-73.98998638212981,Closed
70250586,2026-08-31T06:41:04.000,Noise - Commercial,Loud Music/Party,1629 PITKIN AVENUE,BROOKLYN,40.669329201999176,-73.91317132204074,Closed
70254385,2026-08-31T06:28:27.000,Noise - Commercial,Loud Music/Party,601 WEST 191 STREET,MANHATTAN,40.85564240936937,-73.92935055425096,Closed
70259586,2026-08-31T04:57:27.000,Noise - Commercial,Loud Music/Party,1368 FLATBUSH AVENUE,BROOKLYN,40.637007482919444,-73.9521010827831,Closed
70250594,2026-08-31T04:14:24.000,Noise - Commercial,Loud Music/Party,2783 ATLANTIC AVENUE,BROOKLYN,40.67638691148331,-73.89157433137026,Closed
70260949,2026-08-31T03:29:29.000,Noise - Commercial,Loud Music/Party,1845 CARTER AVENUE,BRONX,40.846707835711165,-73.90225921552089,Closed
70260919,2026-08-31T03:21:55.000,Noise - Commercial,Loud Music/Party,1388 JESUP AVENUE,BRONX,40.84091437504712,-73.92097788675667,Closed
70254341,2026-08-31T03:20:23.000,Noise - Commercial,Loud Music/Party,393 2 AVENUE,MANHATTAN,40.73763644520167,-73.98109873371222,Closed
70257938,2026-08-31T03:18:50.000,Noise - Commercial,Car/Truck Music,4600 WHITE PLAINS ROAD,BRONX,40.902255530889,-73.85135986673008,Closed
70260901,2026-08-31T03:16:35.000,Noise - Commercial,Loud Music/Party,BRYANT AVENUE,BRONX,40.82102008247351,-73.88724513198409,Closed
70252919,2026-08-31T02:58:19.000,Noise - Commercial,Loud Music/Party,1555 ST NICHOLAS AVENUE,MANHATTAN,40.85349960696376,-73.93068668271616,Closed
70258018,2026-08-31T02:39:54.000,Noise - Commercial,Loud Music/Party,1610 RALPH AVENUE,BROOKLYN,40.637842715484965,-73.91922225330315,Closed
70255008,2026-08-31T02:30:17.000,Noise - Commercial,Loud Music/Party,833 EAST 52 STREET,BROOKLYN,40.63963759706789,-73.92712548158596,Closed
70251867,2026-08-31T01:51:13.000,Noise - Commercial,Loud Music/Party,1602 INWOOD AVENUE,BRONX,40.84554615930884,-73.91530147821983,Closed
70249101,2026-08-31T01:50:26.000,Noise - Commercial,Loud Music/Party,708 ROGERS AVENUE,BROOKLYN,40.65424504696277,-73.95286716612556,Closed
70244006,2026-08-31T01:49:22.000,Noise - Commercial,Loud Music/Party,162 THROOP AVENUE,BROOKLYN,40.69959035300927,-73.94423377144169,Closed
70244638,2026-08-31T01:37:36.000,Noise - Commercial,Loud Music/Party,206 EAST 34 STREET,MANHATTAN,40.7455874026925,-73.97781236083736,Closed
70245022,2026-08-31T01:23:58.000,Noise - Commercial,Loud Music/Party,16 WEST MOUNT EDEN AVENUE,BRONX,40.84456081545205,-73.91530996138758,Closed
70241050,2026-08-31T01:15:45.000,Noise - Commercial,Loud Music/Party,576 CITY ISLAND AVENUE,BRONX,40.8540465694969,-73.79049656449524,Closed
70241767,2026-08-31T01:07:00.000,Noise - Commercial,Loud Music/Party,63-01 FRESH POND ROAD,QUEENS,40.711810419130664,-73.90012323508752,Closed
70239835,2026-08-31T01:05:48.000,Noise - Commercial,Loud Music/Party,708 ROGERS AVENUE,BROOKLYN,40.65424504696277,-73.95286716612556,Closed
70249273,2026-08-31T01:03:30.000,Noise - Commercial,Banging/Pounding,1008 MANHATTAN AVENUE,BROOKLYN,40.73341043093968,-73.95477767177844,Closed
70241781,2026-08-31T00:52:54.000,Noise - Commercial,Loud Music/Party,68-17 FOREST AVENUE,QUEENS,40.70314344425539,-73.90127591325967,Closed
70246436,2026-08-31T00:48:42.000,Noise - Commercial,Loud Music/Party,2645 BRIGGS AVENUE,BRONX,40.86535764249122,-73.892495473103,Closed
70247080,2026-08-31T00:43:57.000,Noise - Commercial,Loud Music/Party,341 ST NICHOLAS AVENUE,QUEENS,40.700545671364274,-73.90981991340574,Closed
70247193,2026-08-31T00:41:03.000,Noise - Commercial,Loud Music/Party,30-10 STEINWAY STREET,QUEENS,40.76332801225485,-73.91546740184359,Closed
70243111,2026-08-31T00:34:56.000,Noise - Commercial,Loud Music/Party,68-17 FOREST AVENUE,QUEENS,40.70314344425539,-73.90127591325967,Closed
70247290,2026-08-31T00:31:03.000,Noise - Commercial,Loud Talking,1282 ST NICHOLAS AVENUE,MANHATTAN,40.84493695838399,-73.93691944779661,Closed
70245047,2026-08-31T00:28:01.000,Noise - Commercial,Loud Talking,1815 GRAND CONCOURSE,BRONX,40.84731104281934,-73.908175168756,Closed
70247081,2026-08-31T00:27:57.000,Noise - Commercial,Loud Music/Party,341 ST NICHOLAS AVENUE,QUEENS,40.700545671364274,-73.90981991340574,Closed
70245968,2026-08-31T00:26:38.000,Noise - Commercial,Loud Music/Party,2104 FREDERICK DOUGLASS BOULEVARD,MANHATTAN,40.80296279006334,-73.95642084980501,Closed
70245777,2026-08-31T00:15:36.000,Noise - Commercial,Loud Talking,217-10 JAMAICA AVENUE,QUEENS,40.71773908933855,-73.73778766106099,Closed
70239834,2026-08-31T00:14:47.000,Noise - Commercial,Loud Music/Party,3703 CHURCH AVENUE,BROOKLYN,40.651127834831755,-73.94267418751795,Closed
70241780,2026-08-31T00:14:29.000,Noise - Commercial,Loud Music/Party,63-01 FRESH POND ROAD,QUEENS,40.711810419130664,-73.90012323508752,Closed
70241223,2026-08-31T00:11:14.000,Noise - Commercial,Loud Music/Party,1368 FLATBUSH AVENUE,BROOKLYN,40.637007482919444,-73.9521010827831,Closed
70241041,2026-08-31T00:08:20.000,Noise - Commercial,Loud Music/Party,JESUP AVENUE,BRONX,40.84028891251399,-73.92146291355864,Closed
70241779,2026-08-31T00:07:58.000,Noise - Commercial,Loud Music/Party,68-17 FOREST AVENUE,QUEENS,40.70314344425539,-73.90127591325967,Closed
70241117,2026-08-30T23:58:05.000,Noise - Commercial,Loud Music/Party,122 FORSYTH STREET,MANHATTAN,40.71928630587051,-73.99238096922987,Closed
70248589,2026-08-30T23:55:57.000,Noise - Commercial,Banging/Pounding,221 WEST 107 STREET,MANHATTAN,40.80170361269755,-73.96659296073382,Closed
70241045,2026-08-30T23:55:20.000,Noise - Commercial,Loud Music/Party,1160 GERARD AVENUE,BRONX,40.83435721112315,-73.92090617270485,Closed
70248943,2026-08-30T23:51:18.000,Noise - Commercial,Loud Music/Party,1460 INWOOD AVENUE,BRONX,40.84192776853217,-73.91790104327671,Closed
70246341,2026-08-30T23:47:03.000,Noise - Commercial,Loud Music/Party,1388 JESUP AVENUE,BRONX,40.84091437504712,-73.92097788675667,Closed
70249049,2026-08-30T23:38:27.000,Noise - Commercial,Loud Music/Party,236 EAST GUNHILL ROAD,BRONX,40.880110829880586,-73.87649151982836,Closed
70245024,2026-08-30T23:35:19.000,Noise - Commercial,Loud Music/Party,1160 GERARD AVENUE,BRONX,40.83435721112315,-73.92090617270485,Closed
70249915,2026-08-30T23:34:16.000,Noise - Commercial,Loud Music/Party,100 WEST 143 STREET,MANHATTAN,40.81920000841632,-73.9373340386096,Closed
70245964,2026-08-30T23:34:01.000,Noise - Commercial,Loud Music/Party,32 BRONX SHORE ROAD,MANHATTAN,40.799945575803086,-73.92337784761392,Closed
70247269,2026-08-30T23:32:59.000,Noise - Commercial,Banging/Pounding,32 BRONX SHORE ROAD,MANHATTAN,40.799945575803086,-73.92337784761392,Closed
70248592,2026-08-30T23:31:27.000,Noise - Commercial,Banging/Pounding,32 BRONX SHORE ROAD,MANHATTAN,40.799945575803086,-73.92337784761392,Closed
70241347,2026-08-30T23:29:01.000,Noise - Commercial,Loud Music/Party,141 MESEROLE STREET,BROOKLYN,40.708027587036725,-73.94387323807607,Closed
70247221,2026-08-30T23:28:01.000,Noise - Commercial,Loud Music/Party,112-49 ROOSEVELT AVENUE,QUEENS,40.7520736916229,-73.85420703192248,Closed
70244503,2026-08-30T23:23:36.000,Noise - Commercial,Loud Music/Party,8-08 QUEENS PLAZA SOUTH,QUEENS,40.754130913939996,-73.94906799836494,Closed
70239683,2026-08-30T23:23:03.000,Noise - Commercial,Loud Music/Party,16 WEST MOUNT EDEN AVENUE,BRONX,40.84456081545205,-73.91530996138758,Closed
70239769,2026-08-30T23:22:03.000,Noise - Commercial,Car/Truck Music,40 WEST 225 STREET,BRONX,40.87364352990189,-73.90796162633521,Closed
70239920,2026-08-30T23:21:55.000,Noise - Commercial,Loud Music/Party,24 REED STREET,BROOKLYN,40.6751824163071,-74.01676736663303,Closed
70247789,2026-08-30T23:17:03.000,Noise - Commercial,Loud Music/Party,708 ROGERS AVENUE,BROOKLYN,40.65424504696277,-73.95286716612556,Closed
70247787,2026-08-30T23:16:16.000,Noise - Commercial,Loud Music/Party,832 EAST 52 STREET,BROOKLYN,40.640266207608825,-73.92721127246668,Closed
70245210,2026-08-30T23:15:21.000,Noise - Commercial,Loud Music/Party,708 ROGERS AVENUE,BROOKLYN,40.65424504696277,-73.95286716612556,Closed
70247879,2026-08-30T23:10:03.000,Noise - Commercial,Loud Music/Party,267 TROY AVENUE,BROOKLYN,40.67016790333938,-73.93654761940525,Closed
70245290,2026-08-30T23:07:24.000,Noise - Commercial,Loud Music/Party,1212 LINCOLN PLACE,BROOKLYN,40.67000569213066,-73.93606112152096,Closed
70248410,2026-08-30T22:57:56.000,Noise - Commercial,Loud Music/Party,109-05 209 STREET,QUEENS,40.70925807454871,-73.7490206595493,Closed
70249785,2026-08-30T22:55:14.000,Noise - Commercial,Loud Music/Party,50-09 108 STREET,QUEENS,40.744469650561605,-73.85553008096146,Closed
70243209,2026-08-30T22:54:45.000,Noise - Commercial,Loud Music/Party,107-18 CORONA AVENUE,QUEENS,40.74356690495258,-73.85575217624739,Closed
70246343,2026-08-30T22:52:16.000,Noise - Commercial,Loud Music/Party,1388 JESUP AVENUE,BRONX,40.84091437504712,-73.92097788675667,Closed
70249244,2026-08-30T22:50:54.000,Noise - Commercial,Loud Music/Party,12 PARK STREET,BROOKLYN,40.699398062262304,-73.93853578828099,Closed
70245824,2026-08-30T22:47:32.000,Noise - Commercial,Loud Music/Party,8-08 QUEENS PLAZA SOUTH,QUEENS,40.754130913939996,-73.94906799836494,Closed
70249784,2026-08-30T22:47:26.000,Noise - Commercial,Loud Music/Party,50-09 108 STREET,QUEENS,40.744469650561605,-73.85553008096146,Closed
70245350,2026-08-30T22:47:07.000,Noise - Commercial,Loud Music/Party,141 MESEROLE STREET,BROOKLYN,40.708027587036725,-73.94387323807607,Closed
70248634,2026-08-30T22:45:36.000,Noise - Commercial,Loud Music/Party,20 SEAMAN AVENUE,MANHATTAN,40.866699573508214,-73.92736836296487,Closed
70246579,2026-08-30T22:42:39.000,Noise - Commercial,Loud Music/Party,1130 LINWOOD STREET,BROOKLYN,40.6583828540903,-73.87435747158531,Closed
70246548,2026-08-30T22:40:30.000,Noise - Commercial,Loud Music/Party,1285 NOSTRAND AVENUE,BROOKLYN,40.65567664879958,-73.95008382310712,Closed
70241291,2026-08-30T22:39:24.000,Noise - Commercial,Loud Music/Party,24 REED STREET,BROOKLYN,40.6751824163071,-74.01676736663303,Closed
70249016,2026-08-30T22:34:41.000,Noise - Commercial,Banging/Pounding,11 PELL STREET,MANHATTAN,40.71473846692861,-73.99768053858439,Closed
70241140,2026-08-30T22:34:01.000,Noise - Commercial,Loud Music/Party,256 EAST GUNHILL ROAD,BRONX,40.87976696779728,-73.87576891726542,Closed
70245317,2026-08-30T22:32:47.000,Noise - Commercial,Loud Music/Party,895 BROADWAY,BROOKLYN,40.697947965452556,-73.93694672836828,Closed
70243129,2026-08-30T22:32:25.000,Noise - Commercial,Loud Music/Party,120-04 ROCKAWAY BOULEVARD,QUEENS,40.67593178919098,-73.81802989808206,Closed
70241155,2026-08-30T22:32:04.000,Noise - Commercial,Loud Music/Party,1788 SHEEPSHEAD BAY ROAD,BROOKLYN,40.5841010008306,-73.95077095462739,Closed
70243681,2026-08-30T22:30:05.000,Noise - Commercial,Car/Truck Music,845 CONCOURSE VILLAGE WEST,BRONX,40.82554456288676,-73.92183080208228,Closed
70243939,2026-08-30T22:29:31.000,Noise - Commercial,Loud Music/Party,1285 NOSTRAND AVENUE,BROOKLYN,40.65567664879958,-73.95008382310712,Closed
70245023,2026-08-30T22:28:16.000,Noise - Commercial,Loud Music/Party,1388 JESUP AVENUE,BRONX,40.84091437504712,-73.92097788675667,Closed
70239941,2026-08-30T22:26:10.000,Noise - Commercial,Loud Music/Party,PUTNAM AVENUE,BROOKLYN,40.68470544369706,-73.94418492387305,Closed
70245349,2026-08-30T22:23:19.000,Noise - Commercial,Loud Music/Party,141 MESEROLE STREET,BROOKLYN,40.708027587036725,-73.94387323807607,Closed
70249912,2026-08-30T22:21:37.000,Noise - Commercial,Loud Music/Party,452 WEST 147 STREET,MANHATTAN,40.826101709196,-73.94566339279595,Closed
70246620,2026-08-30T22:21:13.000,Noise - Commercial,Loud Music/Party,12 PARK STREET,BROOKLYN,40.699398062262304,-73.93853578828099,Closed
70243949,2026-08-30T22:17:30.000,Noise - Commercial,Loud Music/Party,938 4 AVENUE,BROOKLYN,40.65474046131653,-74.00398963389353,Closed
70242317,2026-08-30T22:16:46.000,Noise - Commercial,Car/Truck Music,1388 JESUP AVENUE,BRONX,40.84091437504712,-73.92097788675667,Closed
70241325,2026-08-30T22:14:47.000,Noise - Commercial,Loud Music/Party,12 PARK STREET,BROOKLYN,40.699398062262304,-73.93853578828099,Closed
70246603,2026-08-30T22:13:46.000,Noise - Commercial,Loud Talking,662 WASHINGTON AVENUE,BROOKLYN,40.67831249819486,-73.96387149622204,Closed
70246607,2026-08-30T22:10:42.000,Noise - Commercial,Loud Music/Party,370 TOMPKINS AVENUE,BROOKLYN,40.68481525027431,-73.94421728264615,Closed
70246340,2026-08-30T22:09:25.000,Noise - Commercial,Loud Music/Party,16 WEST MOUNT EDEN AVENUE,BRONX,40.84456081545205,-73.91530996138758,Closed
70241046,2026-08-30T22:06:31.000,Noise - Commercial,Loud Music/Party,134 EAST 170 STREET,BRONX,40.83911220271634,-73.91481455225497,Closed
70246345,2026-08-30T22:05:27.000,Noise - Commercial,Loud Music/Party,134 EAST 170 STREET,BRONX,40.83911220271634,-73.91481455225497,Closed
70242335,2026-08-30T22:05:11.000,Noise - Commercial,Loud Music/Party,2155 GRAND CONCOURSE,BRONX,40.85473567166208,-73.90175579950744,Closed
70244045,2026-08-30T22:02:29.000,Noise - Commercial,Loud Music/Party,141 MESEROLE STREET,BROOKLYN,40.708027587036725,-73.94387323807607,Closed
70246014,2026-08-30T22:01:58.000,Noise - Commercial,Loud Music/Party,1555 ST NICHOLAS AVENUE,MANHATTAN,40.85349960696376,-73.93068668271616,Closed
70249015,2026-08-30T22:00:04.000,Noise - Commercial,Loud Music/Party,19 MONROE STREET,MANHATTAN,40.71147214147519,-73.99564265615868,Closed
70247788,2026-08-30T21:58:06.000,Noise - Commercial,Loud Music/Party,833 EAST 52 STREET,BROOKLYN,40.63963759706789,-73.92712548158596,Closed
70248945,2026-08-30T21:50:01.000,Noise - Commercial,Loud Music/Party,1388 JESUP AVENUE,BRONX,40.84091437504712,-73.92097788675667,Closed
70241199,2026-08-30T21:49:50.000,Noise - Commercial,Car/Truck Music,837 EAST 52 STREET,BROOKLYN,40.63956348330233,-73.92711835615209,Closed
70245843,2026-08-30T21:46:32.000,Noise - Commercial,Loud Music/Party,137-72 NORTHERN BOULEVARD,QUEENS,40.7638134402157,-73.82861953775803,Closed
70242315,2026-08-30T21:42:35.000,Noise - Commercial,Loud Music/Party,1401 JESUP AVENUE,BRONX,40.8412600444931,-73.92073894480015,Closed
70249220,2026-08-30T21:41:41.000,Noise - Commercial,Loud Music/Party,1065 PACIFIC STREET,BROOKLYN,40.67893080980579,-73.95796205328756,Closed
70242589,2026-08-30T21:41:07.000,Noise - Commercial,Loud Talking,662 WASHINGTON AVENUE,BROOKLYN,40.67831249819486,-73.96387149622204,Closed
70240655,2026-08-30T21:41:05.000,Noise - Commercial,Banging/Pounding,600 WEST 59 STREET,MANHATTAN,40.77171089577557,-73.99070699647015,Closed
70245789,2026-08-30T21:37:44.000,Noise - Commercial,Loud Music/Party,115-88 LEFFERTS BOULEVARD,QUEENS,40.67464422870562,-73.81960883486667,Closed
70241040,2026-08-30T21:33:21.000,Noise - Commercial,Loud Music/Party,1388 JESUP AVENUE,BRONX,40.84091437504712,-73.92097788675667,Closed
70242590,2026-08-30T21:33:14.000,Noise - Commercial,Loud Music/Party,662 WASHINGTON AVENUE,BROOKLYN,40.67831249819486,-73.96387149622204,Closed
70246655,2026-08-30T21:31:26.000,Noise - Commercial,Loud Music/Party,125 AVENUE D,MANHATTAN,40.72409282087219,-73.97574866514788,Closed
70244053,2026-08-30T21:29:55.000,Noise - Commercial,Loud Music/Party,74 WYTHE AVENUE,BROOKLYN,40.72221013840036,-73.95755955795875,Closed
70248445,2026-08-30T21:27:39.000,Noise - Commercial,Loud Music/Party,52-10 CENTER BOULEVARD,QUEENS,40.741896475708394,-73.96023551436888,Closed
70249663,2026-08-30T21:27:21.000,Noise - Commercial,Loud Music/Party,260 SPRING STREET,MANHATTAN,40.72572009429156,-74.00638227587024,Closed
70247114,2026-08-30T21:23:12.000,Noise - Commercial,Loud Music/Party,52-03 CENTER BOULEVARD,QUEENS,40.742165391306315,-73.96003326472021,Closed
70243998,2026-08-30T21:21:38.000,Noise - Commercial,Loud Music/Party,1065 PACIFIC STREET,BROOKLYN,40.67893080980579,-73.95796205328756,Closed
70249935,2026-08-30T21:18:50.000,Noise - Commercial,Loud Music/Party,1282 ST NICHOLAS AVENUE,MANHATTAN,40.84493695838399,-73.93691944779661,Closed
70246339,2026-08-30T21:17:10.000,Noise - Commercial,Loud Music/Party,JESUP AVENUE,BRONX,40.84208302022405,-73.92010548693675,Closed
70245316,2026-08-30T21:16:53.000,Noise - Commercial,Loud Music/Party,895 BROADWAY,BROOKLYN,40.697947965452556,-73.93694672836828,Closed
70245241,2026-08-30T21:14:42.000,Noise - Commercial,Loud Music/Party,776 FLATBUSH AVENUE,BROOKLYN,40.65401428457633,-73.95954908313057,Closed
70240491,2026-08-30T21:07:48.000,Noise - Commercial,Loud Music/Party,115-88 LEFFERTS BOULEVARD,QUEENS,40.67464422870562,-73.81960883486667,Closed
70239886,2026-08-30T21:06:16.000,Noise - Commercial,Loud Music/Party,740 5 AVENUE,BROOKLYN,40.65959046056335,-73.99526759696761,Closed
70243752,2026-08-30T21:06:12.000,Noise - Commercial,Loud Music/Party,2155 GRAND CONCOURSE,BRONX,40.85473567166208,-73.90175579950744,Closed
70244597,2026-08-30T21:06:02.000,Noise - Commercial,Loud Music/Party,112-51 ROOSEVELT AVENUE,QUEENS,40.752073687054605,-73.8542034226563,Closed
70242316,2026-08-30T21:05:12.000,Noise - Commercial,Loud Music/Party,1388 JESUP AVENUE,BRONX,40.84091437504712,-73.92097788675667,Closed
70249160,2026-08-30T21:04:22.000,Noise - Commercial,Loud Music/Party,1109 NOSTRAND AVENUE,BROOKLYN,40.66062846198153,-73.95061355769256,Closed
70239942,2026-08-30T21:04:11.000,Noise - Commercial,Loud Music/Party,370 TOMPKINS AVENUE,BROOKLYN,40.68481525027431,-73.94421728264615,Closed
70242477,2026-08-30T21:00:31.000,Noise - Commercial,Loud Music/Party,848 EAST 43 STREET,BROOKLYN,40.634380746832456,-73.93533143824904,Closed
70246342,2026-08-30T20:53:19.000,Noise - Commercial,Loud Music/Party,1388 JESUP AVENUE,BRONX,40.84091437504712,-73.92097788675667,Closed
70243160,2026-08-30T20:52:03.000,Noise - Commercial,Loud Music/Party,52-10 CENTER BOULEVARD,QUEENS,40.741896475708394,-73.96023551436888,Closed
70247790,2026-08-30T20:49:11.000,Noise - Commercial,Car/Truck Music,875 EAST 43 STREET,BROOKLYN,40.63383174888852,-73.93525991270967,Closed
70248593,2026-08-30T20:47:49.000,Noise - Commercial,Banging/Pounding,32 BRONX SHORE ROAD,MANHATTAN,40.799945575803086,-73.92337784761392,Closed
70246437,2026-08-30T20:47:47.000,Noise - Commercial,Loud Music/Party,236 EAST GUNHILL ROAD,BRONX,40.880110829880586,-73.87649151982836,Closed
70239945,2026-08-30T20:43:53.000,Noise - Commercial,Loud Talking,236 MALCOLM X BOULEVARD,BROOKLYN,40.6850075335186,-73.92948446815542,Closed
70249773,2026-08-30T20:37:11.000,Noise - Commercial,Loud Music/Party,137-72 NORTHERN BOULEVARD,QUEENS,40.7638134402157,-73.82861953775803,Closed
70249113,2026-08-30T20:35:09.000,Noise - Commercial,Car/Truck Music,875 EAST 43 STREET,BROOKLYN,40.63383174888852,-73.93525991270967,Closed
70246659,2026-08-30T20:30:06.000,Noise - Commercial,Loud Music/Party,141 MESEROLE STREET,BROOKLYN,40.708027587036725,-73.94387323807607,Closed
70248419,2026-08-30T20:19:35.000,Noise - Commercial,Loud Talking,115-88 LEFFERTS BOULEVARD,QUEENS,40.67464422870562,-73.81960883486667,Closed
70245291,2026-08-30T20:16:39.000,Noise - Commercial,Loud Music/Party,1065 PACIFIC STREET,BROOKLYN,40.67893080980579,-73.95796205328756,Closed
70239928,2026-08-30T20:14:20.000,Noise - Commercial,Loud Music/Party,1065 PACIFIC STREET,BROOKLYN,40.67893080980579,-73.95796205328756,Closed
70241221,2026-08-30T20:11:01.000,Noise - Commercial,Loud Music/Party,774 FLATBUSH AVENUE,BROOKLYN,40.6540499680012,-73.95955266546295,Closed
70243349,2026-08-30T20:10:02.000,Noise - Commercial,Loud Music/Party,2420 AMSTERDAM AVENUE,MANHATTAN,40.84755220737575,-73.93131456588488,Closed
70248610,2026-08-30T20:09:20.000,Noise - Commercial,Loud Music/Party,2308 7 AVENUE,MANHATTAN,40.8156185820437,-73.94348264472475,Closed
70249048,2026-08-30T20:05:43.000,Noise - Commercial,Loud Music/Party,236 EAST GUN HILL ROAD,BRONX,40.880110829880586,-73.87649151982836,Closed
70241222,2026-08-30T20:02:18.000,Noise - Commercial,Loud Music/Party,1010 EAST 14 STREET,BROOKLYN,40.62454991391493,-73.96222909588866,Closed
70241043,2026-08-30T19:49:59.000,Noise - Commercial,Loud Music/Party,1372 JESUP AVENUE,BRONX,40.840637303020365,-73.92118783237254,Closed
70249242,2026-08-30T19:48:19.000,Noise - Commercial,Loud Music/Party,12 PARK STREET,BROOKLYN,40.699398062262304,-73.93853578828099,Closed
70246665,2026-08-30T19:46:11.000,Noise - Commercial,Loud Music/Party,749 METROPOLITAN AVENUE,BROOKLYN,40.71457939477639,-73.94399397442777,Closed
70248944,2026-08-30T19:44:11.000,Noise - Commercial,Loud Music/Party,1388 JESUP AVENUE,BRONX,40.84091437504712,-73.92097788675667,Closed
70241345,2026-08-30T19:41:25.000,Noise - Commercial,Loud Music/Party,141 MESEROLE STREET,BROOKLYN,40.708027587036725,-73.94387323807607,Closed
70241044,2026-08-30T19:40:09.000,Noise - Commercial,Loud Music/Party,1388 JESUP AVENUE,BRONX,40.84091437504712,-73.92097788675667,Closed
70248524,2026-08-30T19:37:29.000,Noise - Commercial,Loud Music/Party,18-28 ASTORIA BOULEVARD,QUEENS,40.77225367529494,-73.92717893156177,Closed
70243702,2026-08-30T19:31:18.000,Noise - Commercial,Loud Music/Party,1372 JESUP AVENUE,BRONX,40.840637303020365,-73.92118783237254,Closed
70247317,2026-08-30T19:29:06.000,Noise - Commercial,Loud Music/Party,341 WADSWORTH AVENUE,MANHATTAN,40.855571899703335,-73.93075682087185,Closed
70244698,2026-08-30T19:25:26.000,Noise - Commercial,Loud Music/Party,341 WADSWORTH AVENUE,MANHATTAN,40.855571899703335,-73.93075682087185,Closed
70242496,2026-08-30T19:21:19.000,Noise - Commercial,Banging/Pounding,1330 PAERDEGAT AVENUE NORTH,BROOKLYN,40.62814803958371,-73.90477326655159,Closed
70247941,2026-08-30T19:21:05.000,Noise - Commercial,Loud Talking,999 MANHATTAN AVENUE,BROOKLYN,40.73322652960307,-73.95477058008431,Closed
70243953,2026-08-30T19:20:54.000,Noise - Commercial,Loud Music/Party,31 21 STREET,BROOKLYN,40.66471779986965,-73.9988934048686,Closed
70243112,2026-08-30T19:20:22.000,Noise - Commercial,Loud Music/Party,56-06 COOPER AVENUE,QUEENS,40.69297184068493,-73.90187155210641,Closed
70249919,2026-08-30T19:15:25.000,Noise - Commercial,Loud Music/Party,2308 7 AVENUE,MANHATTAN,40.8156185820437,-73.94348264472475,Closed
70247019,2026-08-30T19:13:47.000,Noise - Commercial,Loud Music/Party,340 WEST BROADWAY,MANHATTAN,40.72257197725354,-74.00362210417377,Closed
70249948,2026-08-30T19:11:56.000,Noise - Commercial,Loud Music/Party,500 WEST 213 STREET,MANHATTAN,40.86833893783111,-73.91636073752241,Closed
70246317,2026-08-30T19:10:06.000,Noise - Commercial,Loud Talking,1171 HAVEMEYER AVENUE,BRONX,40.83186042406053,-73.84787823269062,Closed
70242409,2026-08-30T19:03:07.000,Noise - Commercial,Loud Music/Party,3500 HULL AVENUE,BRONX,40.87904529385364,-73.87340890831005,Closed
70240594,2026-08-30T19:02:46.000,Noise - Commercial,Loud Music/Party,32-16 STEINWAY STREET,QUEENS,40.75854671121321,-73.91935742470702,Closed
70249267,2026-08-30T18:58:26.000,Noise - Commercial,Banging/Pounding,213 UNION AVENUE,BROOKLYN,40.70676251845725,-73.9504351061387,Closed
70246383,2026-08-30T18:57:17.000,Noise - Commercial,Loud Music/Party,1605 INWOOD AVENUE,BRONX,40.84557361166592,-73.91530867195758,Closed
70243498,2026-08-30T18:53:22.000,Noise - Commercial,Banging/Pounding,145-93 GUY BREWER BOULEVARD,QUEENS,40.66370812426095,-73.76851578847516,Closed
70245825,2026-08-30T18:50:47.000,Noise - Commercial,Loud Music/Party,52-10 CENTER BOULEVARD,QUEENS,40.741896475708394,-73.96023551436888,Closed
70241348,2026-08-30T18:41:33.000,Noise - Commercial,Loud Music/Party,141 MONTROSE AVENUE,BROOKLYN,40.70728372457755,-73.94380894115152,Closed
70247315,2026-08-30T18:08:41.000,Noise - Commercial,Loud Music/Party,3803 10 AVENUE,MANHATTAN,40.86226785788603,-73.92051506823228,Closed
70242383,2026-08-30T17:56:47.000,Noise - Commercial,Loud Music/Party,1 CENTRE STREET,MANHATTAN,40.71300098043798,-74.00418069316733,Closed
70248540,2026-08-30T17:53:56.000,Noise - Commercial,Loud Music/Party,79-11 NORTHERN BOULEVARD,QUEENS,40.75529536774556,-73.88795194472522,Closed
70245315,2026-08-30T17:53:49.000,Noise - Commercial,Loud Music/Party,12 PARK STREET,BROOKLYN,40.699398062262304,-73.93853578828099,Closed
70241970,2026-08-30T17:45:45.000,Noise - Commercial,Banging/Pounding,1631 AMSTERDAM AVENUE,MANHATTAN,40.82248321775647,-73.94960461640152,Closed
70241042,2026-08-30T17:37:25.000,Noise - Commercial,Loud Music/Party,1388 JESUP AVENUE,BRONX,40.84091437504712,-73.92097788675667,Closed
70249230,2026-08-30T17:33:58.000,Noise - Commercial,Loud Music/Party,409 LEWIS AVENUE,BROOKLYN,40.68151105147117,-73.93474491616927,Closed
70239887,2026-08-30T17:32:58.000,Noise - Commercial,Banging/Pounding,787 3 AVENUE,BROOKLYN,40.66063905854354,-74.00109571449799,Closed
70246564,2026-08-30T17:25:12.000,Noise - Commercial,Banging/Pounding,787 3 AVENUE,BROOKLYN,40.66063905854354,-74.00109571449799,Closed
70240419,2026-08-30T17:24:02.000,Noise - Commercial,Loud Music/Party,340 WEST BROADWAY,MANHATTAN,40.72257197725354,-74.00362210417377,Closed
70243256,2026-08-30T17:04:59.000,Noise - Commercial,Loud Music/Party,79-11 NORTHERN BOULEVARD,QUEENS,40.75529536774556,-73.88795194472522,Closed
70241180,2026-08-30T16:58:48.000,Noise - Commercial,Loud Music/Party,2143 FLATBUSH AVENUE,BROOKLYN,40.617558331485164,-73.93130269123797,Closed
70243860,2026-08-30T16:57:02.000,Noise - Commercial,Loud Music/Party,2050 BATH AVENUE,BROOKLYN,40.60041291106082,-74.00006481931082,Closed
70240654,2026-08-30T16:52:10.000,Noise - Commercial,Loud Music/Party,743 9 AVENUE,MANHATTAN,40.76363844881447,-73.98884902536795,Closed
70247272,2026-08-30T16:48:59.000,Noise - Commercial,Loud Music/Party,1631 AMSTERDAM AVENUE,MANHATTAN,40.82248321775647,-73.94960461640152,Closed
70243918,2026-08-30T16:45:49.000,Noise - Commercial,Loud Music/Party,EAST 87 STREET,BROOKLYN,,,Closed
70247169,2026-08-30T16:38:30.000,Noise - Commercial,Loud Talking,98-11 ALSTYNE AVENUE,QUEENS,40.743239542348476,-73.86417581776057,Closed
70249934,2026-08-30T16:21:07.000,Noise - Commercial,Loud Music/Party,1285 ST NICHOLAS AVENUE,MANHATTAN,40.84498910186428,-73.93690855540984,Closed
70243297,2026-08-30T15:59:08.000,Noise - Commercial,Loud Talking,1160 3 AVENUE,MANHATTAN,40.766970536678855,-73.96263929642892,Closed
70247286,2026-08-30T15:57:28.000,Noise - Commercial,Loud Music/Party,2308 7 AVENUE,MANHATTAN,40.8156185820437,-73.94348264472475,Closed
70249873,2026-08-30T15:22:09.000,Noise - Commercial,Loud Music/Party,343 WEST 36 STREET,MANHATTAN,40.754026727300854,-73.99379548090039,Closed
70243861,2026-08-30T15:16:41.000,Noise - Commercial,Loud Music/Party,2037 BATH AVENUE,BROOKLYN,40.60071483780555,-74.000471742673,Closed
70247691,2026-08-30T15:08:04.000,Noise - Commercial,Loud Music/Party,BOSTON ROAD,BRONX,,,Closed
70243919,2026-08-30T14:35:26.000,Noise - Commercial,Loud Music/Party,8702 AVENUE L,BROOKLYN,40.63396240192965,-73.9025672096457,Closed
70249122,2026-08-30T14:19:12.000,Noise - Commercial,Loud Music/Party,AVENUE L,BROOKLYN,40.63435440719116,-73.90197936353391,Closed
70243044,2026-08-30T14:18:41.000,Noise - Commercial,Loud Music/Party,67-10 ROCKAWAY BEACH BOULEVARD,QUEENS,40.59068844290121,-73.79615836783032,Closed
70249121,2026-08-30T14:00:58.000,Noise - Commercial,Loud Talking,1439 ROCKAWAY PARKWAY,BROOKLYN,40.644910921473844,-73.90205033879434,Closed
70247316,2026-08-30T13:45:09.000,Noise - Commercial,Loud Music/Party,WEST 204 STREET,MANHATTAN,40.86260529099492,-73.92027605701978,Closed
70247927,2026-08-30T13:42:17.000,Noise - Commercial,Loud Music/Party,136 2 AVENUE,MANHATTAN,40.728818422499614,-73.98749823959777,Closed
70246610,2026-08-30T13:34:46.000,Noise - Commercial,Loud Music/Party,358 LEWIS AVENUE,BROOKLYN,40.6832734069064,-73.9351181686258,Closed
70247314,2026-08-30T13:34:46.000,Noise - Commercial,Loud Music/Party,2420 AMSTERDAM AVENUE,MANHATTAN,40.84755220737575,-73.93131456588488,Closed
70245998,2026-08-30T13:06:09.000,Noise - Commercial,Loud Music/Party,1285 ST NICHOLAS AVENUE,MANHATTAN,40.84498910186428,-73.93690855540984,Closed
70243920,2026-08-30T12:56:25.000,Noise - Commercial,Loud Music/Party,8706 AVENUE L,BROOKLYN,40.633976110593686,-73.90254917520005,Closed
70246661,2026-08-30T12:42:20.000,Noise - Commercial,Banging/Pounding,213 UNION AVENUE,BROOKLYN,40.70676251845725,-73.9504351061387,Closed
70242521,2026-08-30T12:40:47.000,Noise - Commercial,Loud Music/Party,1199 NOSTRAND AVENUE,BROOKLYN,40.658094914116,-73.9503451192844,Closed
70239954,2026-08-30T12:38:09.000,Noise - Commercial,Loud Music/Party,44 WYCKOFF AVENUE,BROOKLYN,40.705851778014875,-73.92171868395766,Closed
70249697,2026-08-30T12:27:10.000,Noise - Commercial,Banging/Pounding,88-28 161 STREET,QUEENS,40.707561323355904,-73.80069911139631,Closed
70242639,2026-08-30T12:08:22.000,Noise - Commercial,Loud Music/Party,10 HOPE STREET,BROOKLYN,40.71377820117416,-73.95746753247961,Closed
70247298,2026-08-30T11:51:13.000,Noise - Commercial,Loud Music/Party,1285 ST NICHOLAS AVENUE,MANHATTAN,40.84498910186428,-73.93690855540984,Closed
70247836,2026-08-30T11:43:20.000,Noise - Commercial,Loud Music/Party,862 4 AVENUE,BROOKLYN,40.65702966667553,-74.00160744153185,Closed
70241917,2026-08-30T11:42:19.000,Noise - Commercial,Car/Truck Music,76-10 31 AVENUE,QUEENS,40.75866098920136,-73.89140430961565,Closed
70241997,2026-08-30T11:37:47.000,Noise - Commercial,Loud Music/Party,AMSTERDAM AVENUE,MANHATTAN,40.847428742993856,-73.93139421118656,Closed
70249243,2026-08-30T11:31:17.000,Noise - Commercial,Loud Music/Party,1119 BROADWAY,BROOKLYN,40.69374963424376,-73.92949325294583,Closed
70247935,2026-08-30T11:07:19.000,Noise - Commercial,Loud Music/Party,10 HOPE STREET,BROOKLYN,40.71377820117416,-73.95746753247961,Closed
70249949,2026-08-30T11:03:33.000,Noise - Commercial,Loud Music/Party,4736 BROADWAY,MANHATTAN,40.86498195950459,-73.9282740890074,Closed
70246660,2026-08-30T10:57:13.000,Noise - Commercial,Loud Music/Party,10 HOPE STREET,BROOKLYN,40.71377820117416,-73.95746753247961,Closed
70241996,2026-08-30T10:54:21.000,Noise - Commercial,Loud Music/Party,2420 AMSTERDAM AVENUE,MANHATTAN,40.84755220737575,-73.93131456588488,Closed
70247934,2026-08-30T10:46:40.000,Noise - Commercial,Loud Music/Party,10 HOPE STREET,BROOKLYN,40.71377820117416,-73.95746753247961,Closed
70249097,2026-08-30T10:12:52.000,Noise - Commercial,Banging/Pounding,752 MCDONALD AVENUE,BROOKLYN,40.63598334221197,-73.97814424844115,Closed
70247926,2026-08-30T10:09:20.000,Noise - Commercial,Loud Music/Party,11 AVENUE D,MANHATTAN,40.72037146753582,-73.97845929268045,Closed
70246000,2026-08-30T10:00:13.000,Noise - Commercial,Loud Music/Party,1285 ST NICHOLAS AVENUE,MANHATTAN,40.84498910186428,-73.93690855540984,Closed
70241149,2026-08-30T09:34:05.000,Noise - Commercial,Loud Music/Party,68 EAST 11 STREET,MANHATTAN,40.732787747136314,-73.99211602493045,Closed
70249950,2026-08-30T09:33:28.000,Noise - Commercial,Loud Music/Party,2420 AMSTERDAM AVENUE,MANHATTAN,40.84755220737575,-73.93131456588488,Closed
70243828,2026-08-30T09:07:36.000,Noise - Commercial,Loud Music/Party,169 THOMPSON STREET,MANHATTAN,40.727655324112916,-74.00033553922681,Closed
70243656,2026-08-30T08:38:35.000,Noise - Commercial,Loud Music/Party,1382 BOSTON ROAD,BRONX,40.832566344830894,-73.89822909950018,Closed
70241346,2026-08-30T07:38:54.000,Noise - Commercial,Loud Music/Party,299 VANDERVORT AVENUE,BROOKLYN,40.7154770910346,-73.93393970196206,Closed
70239985,2026-08-30T07:25:06.000,Noise - Commercial,Loud Music/Party,299 VANDERVOORT AVENUE,BROOKLYN,40.7154770910346,-73.93393970196206,Closed
70246547,2026-08-30T07:06:53.000,Noise - Commercial,Loud Music/Party,1199 NOSTRAND AVENUE,BROOKLYN,40.658094914116,-73.9503451192844,Closed
70242349,2026-08-30T06:49:42.000,Noise - Commercial,Loud Music/Party,1841 CARTER AVENUE,BRONX,40.84664473813887,-73.9022954522807,Closed
70243790,2026-08-30T06:33:25.000,Noise - Commercial,Loud Music/Party,414 EAST TREMONT AVENUE,BRONX,40.847573551132584,-73.90037481228694,Closed
70241224,2026-08-30T05:27:10.000,Noise - Commercial,Banging/Pounding,1904 AVENUE N,BROOKLYN,40.6160524018817,-73.95557035779359,Closed
70247811,2026-08-30T05:22:08.000,Noise - Commercial,Banging/Pounding,1880 OCEAN AVENUE,BROOKLYN,40.6157692783416,-73.95452239283652,Closed
70247709,2026-08-30T05:19:00.000,Noise - Commercial,Loud Music/Party,4615 3 AVENUE,BRONX,40.856446976510696,-73.8910385963576,Closed
70242368,2026-08-30T04:55:55.000,Noise - Commercial,Loud Music/Party,4615 3 AVENUE,BRONX,40.856446976510696,-73.8910385963576,Closed
70241902,2026-08-30T04:29:51.000,Noise - Commercial,Loud Music/Party,34-02 34 AVENUE,QUEENS,40.75848172733981,-73.92472861772626,Closed
70246546,2026-08-30T04:25:31.000,Noise - Commercial,Loud Music/Party,1173 NOSTRAND AVENUE,BROOKLYN,40.65884427164864,-73.95042025028128,Closed
70239909,2026-08-30T04:22:55.000,Noise - Commercial,Loud Music/Party,2783 ATLANTIC AVENUE,BROOKLYN,40.67638691148331,-73.89157433137026,Closed
70247860,2026-08-30T04:13:45.000,Noise - Commercial,Loud Music/Party,2783 ATLANTIC AVENUE,BROOKLYN,40.67638691148331,-73.89157433137026,Closed
70241980,2026-08-30T04:10:46.000,Noise - Commercial,Loud Talking,3480 BROADWAY,MANHATTAN,40.824600320883576,-73.95177093639812,Closed
70239745,2026-08-30T04:10:03.000,Noise - Commercial,Loud Music/Party,2147 CRUGER AVENUE,BRONX,40.85495848107572,-73.86668773837751,Closed
70240615,2026-08-30T04:06:59.000,Noise - Commercial,Loud Music/Party,79-11 NORTHERN BOULEVARD,QUEENS,40.75529536774556,-73.88795194472522,Closed
70244539,2026-08-30T04:06:42.000,Noise - Commercial,Car/Truck Music,127-11 WILLETS POINT BOULEVARD,QUEENS,40.758650131211176,-73.84174301320034,Closed
70242350,2026-08-30T03:54:15.000,Noise - Commercial,Car/Truck Music,1810 CARTER AVENUE,BRONX,40.846063114562426,-73.90259629953476,Closed
70240499,2026-08-30T03:53:36.000,Noise - Commercial,Loud Talking,115-88 LEFFERTS BOULEVARD,QUEENS,40.67464422870562,-73.81960883486667,Closed
70244040,2026-08-30T03:40:05.000,Noise - Commercial,Loud Music/Party,505 EAST 6 STREET,MANHATTAN,40.72530463598404,-73.9835375108037,Closed
70247222,2026-08-30T03:33:26.000,Noise - Commercial,Loud Music/Party,76-19 ROOSEVELT AVENUE,QUEENS,40.747073423764526,-73.88932275837657,Closed
70245099,2026-08-30T03:25:35.000,Noise - Commercial,Loud Talking,BRADY AVENUE,BRONX,,,Closed
70241890,2026-08-30T03:23:06.000,Noise - Commercial,Loud Music/Party,MURDOCK AVENUE,QUEENS,,,Closed
70240718,2026-08-30T03:15:17.000,Noise - Commercial,Loud Music/Party,4441 BROADWAY,MANHATTAN,40.85688767546475,-73.93255208623478,Closed
70241104,2026-08-30T03:11:06.000,Noise - Commercial,Loud Talking,2400 CAMBRELENG AVENUE,BRONX,40.85462716597478,-73.88530121298899,Closed
70245189,2026-08-30T03:07:50.000,Noise - Commercial,Loud Music/Party,5511 AVENUE N,BROOKLYN,40.61927054119226,-73.92185984737166,Closed
70240719,2026-08-30T03:03:23.000,Noise - Commercial,Loud Music/Party,4455 BROADWAY,MANHATTAN,40.857175780096576,-73.9323999650772,Closed
70245872,2026-08-30T03:02:21.000,Noise - Commercial,Loud Music/Party,92-02 CORONA AVENUE,QUEENS,40.742439043264866,-73.87221775214613,Closed
70246537,2026-08-30T02:55:53.000,Noise - Commercial,Loud Music/Party,1494 FLATBUSH AVENUE,BROOKLYN,40.63432734849589,-73.94925310983145,Closed
70243800,2026-08-30T02:44:16.000,Noise - Commercial,Loud Music/Party,18 SPRING STREET,MANHATTAN,40.72141089175726,-73.99497459839357,Closed
70242608,2026-08-30T02:40:46.000,Noise - Commercial,Loud Music/Party,12 PARK STREET,BROOKLYN,40.699398062262304,-73.93853578828099,Closed
70246581,2026-08-30T02:38:43.000,Noise - Commercial,Loud Music/Party,2725 ATLANTIC AVENUE,BROOKLYN,40.676067727938076,-73.89366944856839,Closed
70246397,2026-08-30T02:34:15.000,Noise - Commercial,Loud Music/Party,2400 CAMBRELENG AVENUE,BRONX,40.85462716597478,-73.88530121298899,Closed
70244628,2026-08-30T02:30:51.000,Noise - Commercial,Loud Music/Party,225 ELLIS STREET,STATEN ISLAND,40.51479698515648,-74.24843667559824,Closed
70244003,2026-08-30T02:28:50.000,Noise - Commercial,Loud Music/Party,317 3 AVENUE,BROOKLYN,40.6764399936175,-73.98685191591883,Closed
70246580,2026-08-30T02:27:21.000,Noise - Commercial,Loud Music/Party,2719 ATLANTIC AVENUE,BROOKLYN,40.676043184780085,-73.8938425353388,Closed
70244575,2026-08-30T02:26:56.000,Noise - Commercial,Loud Music/Party,20-30 STEINWAY STREET,QUEENS,40.775789861408725,-73.90248606662297,Closed
70247610,2026-08-30T02:26:53.000,Noise - Commercial,Loud Music/Party,1821 WEST FARMS ROAD,BRONX,40.83681906683625,-73.88215170749311,Closed
70246538,2026-08-30T02:15:53.000,Noise - Commercial,Loud Music/Party,1368 FLATBUSH AVENUE,BROOKLYN,40.637007482919444,-73.9521010827831,Closed
70245999,2026-08-30T02:15:38.000,Noise - Commercial,Loud Music/Party,1282 ST NICHOLAS AVENUE,MANHATTAN,40.84493695838399,-73.93691944779661,Closed
70243711,2026-08-30T02:07:27.000,Noise - Commercial,Loud Music/Party,2918 BRUCKNER BOULEVARD,BRONX,40.83325085108711,-73.82755893872277,Closed
70249245,2026-08-30T02:04:47.000,Noise - Commercial,Loud Music/Party,123 WYCKOFF AVENUE,BROOKLYN,40.70422505232693,-73.91908050290607,Closed
70245740,2026-08-30T02:02:56.000,Noise - Commercial,Loud Music/Party,86-15 LEFFERTS BOULEVARD,QUEENS,40.70085258612968,-73.83128070000103,Closed
70247925,2026-08-30T02:02:28.000,Noise - Commercial,Loud Music/Party,153 2 AVENUE,MANHATTAN,40.72946339104745,-73.98705432886447,Closed
70243110,2026-08-30T02:00:48.000,Noise - Commercial,Loud Music/Party,SENECA AVENUE,Unspecified,40.71053368354269,-73.92075011033744,Closed
70244016,2026-08-30T02:00:08.000,Noise - Commercial,Loud Music/Party,232 KNICKERBOCKER AVENUE,BROOKLYN,40.70297790233337,-73.92570015439001,Closed
70243703,2026-08-30T01:58:23.000,Noise - Commercial,Loud Music/Party,134 EAST 170 STREET,BRONX,40.83911220271634,-73.91481455225497,Closed
70243303,2026-08-30T01:57:29.000,Noise - Commercial,Loud Music/Party,2157 1 AVENUE,MANHATTAN,40.793193813995906,-73.93747047491523,Closed
70246344,2026-08-30T01:55:33.000,Noise - Commercial,Loud Music/Party,134 EAST 170 STREET,BRONX,40.83911220271634,-73.91481455225497,Closed
70246654,2026-08-30T01:52:15.000,Noise - Commercial,Loud Music/Party,61 2 AVENUE,MANHATTAN,40.72592017187683,-73.9896346333224,Closed
70230327,2026-08-30T01:48:49.000,Noise - Commercial,Loud Music/Party,280 SMITH STREET,BROOKLYN,40.682374757235934,-73.99342717566198,Closed
70233577,2026-08-30T01:46:25.000,Noise - Commercial,Loud Music/Party,414 CITY ISLAND AVENUE,BRONX,40.8501028172881,-73.78771128496356,Closed
70237690,2026-08-30T01:44:00.000,Noise - Commercial,Loud Music/Party,61 2 AVENUE,MANHATTAN,40.72592017187683,-73.9896346333224,Closed
70238805,2026-08-30T01:42:17.000,Noise - Commercial,Loud Music/Party,1328 FULTON STREET,BROOKLYN,40.680271461756995,-73.9475236168043,Closed
70230029,2026-08-30T01:41:42.000,Noise - Commercial,Loud Music/Party,2075 CRESTON AVENUE,BRONX,40.853499827754774,-73.90415422222642,Closed
70239316,2026-08-30T01:34:16.000,Noise - Commercial,Loud Music/Party,2157 1 AVENUE,MANHATTAN,40.793193813995906,-73.93747047491523,Closed
70238824,2026-08-30T01:29:04.000,Noise - Commercial,Loud Music/Party,397 GREENE AVENUE,BROOKLYN,40.68794632861221,-73.95515826830517,Closed
70233801,2026-08-30T01:27:08.000,Noise - Commercial,Loud Music/Party,190 ALLEN STREET,MANHATTAN,40.722247617621264,-73.9888992427031,Closed
70232732,2026-08-30T01:25:53.000,Noise - Commercial,Loud Music/Party,397 GREENE AVENUE,BROOKLYN,40.68794632861221,-73.95515826830517,Closed
70230774,2026-08-30T01:25:53.000,Noise - Commercial,Loud Music/Party,32-05 31 STREET,QUEENS,40.7616168282295,-73.92565640045508,Closed
70232461,2026-08-30T01:24:06.000,Noise - Commercial,Loud Music/Party,320 EAST 188 STREET,BRONX,40.86061152371237,-73.89489638379013,Closed
70230322,2026-08-30T01:23:40.000,Noise - Commercial,Loud Music/Party,2719 ATLANTIC AVENUE,BROOKLYN,40.676043184780085,-73.8938425353388,Closed
70238822,2026-08-30T01:23:36.000,Noise - Commercial,Loud Music/Party,397 GREENE AVENUE,BROOKLYN,40.68794632861221,-73.95515826830517,Closed
70235132,2026-08-30T01:22:17.000,Noise - Commercial,Loud Music/Party,397 GREENE AVENUE,BROOKLYN,40.68794632861221,-73.95515826830517,Closed
70238188,2026-08-30T01:21:39.000,Noise - Commercial,Loud Music/Party,2280 SEVENTH AVENUE,MANHATTAN,40.81473784044985,-73.9441264479939,Closed
70236380,2026-08-30T01:19:30.000,Noise - Commercial,Loud Music/Party,397 GREENE AVENUE,BROOKLYN,40.68794632861221,-73.95515826830517,Closed
70238650,2026-08-30T01:18:15.000,Noise - Commercial,Loud Talking,5313 AVENUE N,BROOKLYN,40.619153782676804,-73.92374747674086,Closed
70236002,2026-08-30T01:16:12.000,Noise - Commercial,Loud Music/Party,1384 CROTONA AVENUE,BRONX,40.83306845126738,-73.89802957976048,Closed
70232592,2026-08-30T01:15:59.000,Noise - Commercial,Loud Talking,5313 AVENUE N,BROOKLYN,40.619153782676804,-73.92374747674086,Closed
70233932,2026-08-30T01:15:09.000,Noise - Commercial,Loud Music/Party,397 GREENE AVENUE,BROOKLYN,40.68794632861221,-73.95515826830517,Closed
70238841,2026-08-30T01:14:59.000,Noise - Commercial,Loud Music/Party,280 KNICKERBOCKER AVENUE,BROOKLYN,40.7021260447239,-73.92419716479755,Closed
70230697,2026-08-30T01:13:43.000,Noise - Commercial,Loud Music/Party,21-38 44 ROAD,QUEENS,40.74857676865099,-73.94573745254786,Closed
70230360,2026-08-30T01:13:14.000,Noise - Commercial,Loud Music/Party,397 GREENE AVENUE,BROOKLYN,40.68794632861221,-73.95515826830517,Closed
70230013,2026-08-30T01:12:47.000,Noise - Commercial,Loud Music/Party,2918 BRUCKNER BOULEVARD,BRONX,40.83325085108711,-73.82755893872277,Closed
70229984,2026-08-30T01:12:36.000,Noise - Commercial,Loud Music/Party,1384 CROTONA AVENUE,BRONX,40.83306845126738,-73.89802957976048,Closed
70231346,2026-08-30T01:12:14.000,Noise - Commercial,Banging/Pounding,3430 BAILEY PLACE,BRONX,40.880984261753156,-73.89978592318036,Closed
70236381,2026-08-30T01:11:15.000,Noise - Commercial,Loud Music/Party,397 GREENE AVENUE,BROOKLYN,40.68794632861221,-73.95515826830517,Closed
70238820,2026-08-30T01:09:59.000,Noise - Commercial,Loud Music/Party,397 GREENE AVENUE,BROOKLYN,40.68794632861221,-73.95515826830517,Closed
70238189,2026-08-30T01:09:50.000,Noise - Commercial,Loud Music/Party,2351 SEVENTH AVENUE,MANHATTAN,40.816949279559374,-73.94248799726114,Closed
70232161,2026-08-30T01:09:23.000,Noise - Commercial,Loud Music/Party,690 EAST 137 STREET,BRONX,40.804520047295384,-73.91418335715935,Closed
70239235,2026-08-30T01:07:27.000,Noise - Commercial,Loud Music/Party,98-05 NORTHERN BOULEVARD,QUEENS,40.75715694291976,-73.87025118924203,Closed
70233806,2026-08-30T01:06:32.000,Noise - Commercial,Loud Music/Party,70 LUDLOW STREET,MANHATTAN,40.717430639730345,-73.98970088672104,Closed
70236651,2026-08-30T01:05:23.000,Noise - Commercial,Loud Music/Party,117-15 101 AVENUE,QUEENS,40.68954123591147,-73.82748346907741,Closed
70232952,2026-08-30T01:04:42.000,Noise - Commercial,Loud Music/Party,166 9 AVENUE,MANHATTAN,40.74472216946469,-74.00260560625573,Closed
70233892,2026-08-30T00:58:41.000,Noise - Commercial,Loud Music/Party,2719 ATLANTIC AVENUE,BROOKLYN,40.676043184780085,-73.8938425353388,Closed
70233701,2026-08-30T00:58:39.000,Noise - Commercial,Loud Music/Party,2645 BRIGGS AVENUE,BRONX,40.86535764249122,-73.892495473103,Closed
70236436,2026-08-30T00:58:14.000,Noise - Commercial,Loud Music/Party,48 SOUTH 4 STREET,BROOKLYN,40.712998877490364,-73.96633081126946,Closed
70237660,2026-08-30T00:57:16.000,Noise - Commercial,Loud Music/Party,12 PARK STREET,BROOKLYN,40.699398062262304,-73.93853578828099,Closed
70232631,2026-08-30T00:55:32.000,Noise - Commercial,Loud Music/Party,95 DELANCEY STREET,MANHATTAN,40.71884963627994,-73.98921726619577,Closed
70233219,2026-08-30T00:54:26.000,Noise - Commercial,Loud Music/Party,2157 1 AVENUE,MANHATTAN,40.793193813995906,-73.93747047491523,Closed
70237659,2026-08-30T00:53:37.000,Noise - Commercial,Loud Music/Party,12 PARK STREET,BROOKLYN,40.699398062262304,-73.93853578828099,Closed
70233267,2026-08-30T00:52:29.000,Noise - Commercial,Loud Music/Party,1282 SAINT NICHOLAS AVENUE,MANHATTAN,40.84493695838399,-73.93691944779661,Closed
70238518,2026-08-30T00:51:27.000,Noise - Commercial,Loud Music/Party,1470 OUTLOOK AVENUE,BRONX,40.84474056330526,-73.81536339866841,Closed
70234501,2026-08-30T00:51:15.000,Noise - Commercial,Loud Music/Party,4455 BROADWAY,MANHATTAN,40.857175780096576,-73.9323999650772,Closed
70237644,2026-08-30T00:50:21.000,Noise - Commercial,Loud Music/Party,911 BROADWAY,BROOKLYN,40.69768421605444,-73.93648897419392,Closed
70231568,2026-08-30T00:49:42.000,Noise - Commercial,Loud Music/Party,397 GREENE AVENUE,BROOKLYN,40.68794632861221,-73.95515826830517,Closed
70238598,2026-08-30T00:49:36.000,Noise - Commercial,Banging/Pounding,3418 BAILEY AVENUE,BRONX,40.88119592548008,-73.90015808130087,Closed
70237896,2026-08-30T00:47:29.000,Noise - Commercial,Loud Music/Party,86-15 LEFFERTS BOULEVARD,QUEENS,40.70085258612968,-73.83128070000103,Closed
70234457,2026-08-30T00:47:15.000,Noise - Commercial,Loud Music/Party,3153 BROADWAY,MANHATTAN,40.814466941257734,-73.9591950613544,Closed
70234915,2026-08-30T00:46:08.000,Noise - Commercial,Banging/Pounding,3430 BAILEY PLACE,BRONX,40.880984261753156,-73.89978592318036,Closed
70235192,2026-08-30T00:44:19.000,Noise - Commercial,Loud Music/Party,335 BOWERY,MANHATTAN,40.72604661287483,-73.99190756646406,Closed
70233933,2026-08-30T00:43:59.000,Noise - Commercial,Loud Music/Party,397 GREENE AVENUE,BROOKLYN,40.68794632861221,-73.95515826830517,Closed
70237521,2026-08-30T00:43:35.000,Noise - Commercial,Loud Music/Party,190 ALLEN STREET,MANHATTAN,40.722247617621264,-73.9888992427031,Closed
70237626,2026-08-30T00:43:31.000,Noise - Commercial,Loud Music/Party,84 14 STREET,BROOKLYN,40.66909561146527,-73.99488121099446,Closed
70236886,2026-08-30T00:43:17.000,Noise - Commercial,Loud Music/Party,961 2 AVENUE,MANHATTAN,40.755414076470544,-73.96814658370242,Closed
70234914,2026-08-30T00:41:27.000,Noise - Commercial,Loud Music/Party,3118 BAILEY AVENUE,BRONX,40.878450101343795,-73.90203897804452,Closed
70238819,2026-08-30T00:40:45.000,Noise - Commercial,Loud Music/Party,397 GREENE AVENUE,BROOKLYN,40.68794632861221,-73.95515826830517,Closed
70238788,2026-08-30T00:37:59.000,Noise - Commercial,Loud Music/Party,221 SMITH STREET,BROOKLYN,40.684323460474374,-73.99207848761733,Closed
70230638,2026-08-30T00:36:23.000,Noise - Commercial,Loud Music/Party,63-01 FRESH POND ROAD,QUEENS,40.711810419130664,-73.90012323508752,Closed
70234824,2026-08-30T00:36:13.000,Noise - Commercial,Loud Music/Party,1470 OUTLOOK AVENUE,BRONX,40.84474056330526,-73.81536339866841,Closed
70235150,2026-08-30T00:31:19.000,Noise - Commercial,Loud Music/Party,12 PARK STREET,BROOKLYN,40.699398062262304,-73.93853578828099,Closed
70237543,2026-08-30T00:27:14.000,Noise - Commercial,Loud Music/Party,1038 NOSTRAND AVENUE,BROOKLYN,40.66291223364454,-73.9508822004126,Closed
70231270,2026-08-30T00:26:50.000,Noise - Commercial,Loud Music/Party,1813 CARTER AVENUE,BRONX,40.846219507751485,-73.90253101166311,Closed
70231257,2026-08-30T00:26:26.000,Noise - Commercial,Loud Music/Party,1470 OUTLOOK AVENUE,BRONX,40.84474056330526,-73.81536339866841,Closed
70238886,2026-08-30T00:25:24.000,Noise - Commercial,Loud Music/Party,61 2 AVENUE,MANHATTAN,40.72592017187683,-73.9896346333224,Closed
70234226,2026-08-30T00:24:19.000,Noise - Commercial,Loud Music/Party,63-01 FRESH POND ROAD,QUEENS,40.711810419130664,-73.90012323508752,Closed
70236398,2026-08-30T00:23:01.000,Noise - Commercial,Loud Music/Party,613 BUSHWICK AVENUE,BROOKLYN,40.698407560246245,-73.93421988036695,Closed
70235721,2026-08-30T00:21:18.000,Noise - Commercial,Loud Music/Party,1282 ST NICHOLAS AVENUE,MANHATTAN,40.84493695838399,-73.93691944779661,Closed
70232019,2026-08-30T00:18:07.000,Noise - Commercial,Loud Music/Party,430 ST MARKS PLACE,STATEN ISLAND,40.63929706051982,-74.07735649317205,Closed
70238744,2026-08-30T00:17:04.000,Noise - Commercial,Loud Music/Party,750 4 AVENUE,BROOKLYN,40.66075981164861,-73.99772927176525,Closed
70238818,2026-08-30T00:17:02.000,Noise - Commercial,Loud Music/Party,1107 BEDFORD AVENUE,BROOKLYN,40.685945097660344,-73.95441323576371,Closed
70236174,2026-08-30T00:15:22.000,Noise - Commercial,Loud Music/Party,SURF AVENUE,BROOKLYN,40.574594650752104,-73.98763509614025,Closed
70232632,2026-08-30T00:14:04.000,Noise - Commercial,Loud Music/Party,72 ORCHARD STREET,MANHATTAN,40.717513054061804,-73.99053418330956,Closed
70229986,2026-08-30T00:13:55.000,Noise - Commercial,Car/Truck Music,1476 SHERIDAN BOULEVARD,BRONX,40.82893389017846,-73.88525878108412,Closed
70232796,2026-08-30T00:10:52.000,Noise - Commercial,Loud Talking,211 NASSAU AVENUE,BROOKLYN,40.72565733123963,-73.94417227224238,Closed
70237634,2026-08-30T00:10:11.000,Noise - Commercial,Loud Music/Party,397 GREENE AVENUE,BROOKLYN,40.68794632861221,-73.95515826830517,Closed
70233103,2026-08-30T00:09:47.000,Noise - Commercial,Loud Music/Party,90-21 UNION TURNPIKE,QUEENS,40.70662723874903,-73.85521534482407,Closed
70232804,2026-08-30T00:09:33.000,Noise - Commercial,Loud Music/Party,999 MANHATTAN AVENUE,BROOKLYN,40.73322652960307,-73.95477058008431,Closed
70238823,2026-08-30T00:08:34.000,Noise - Commercial,Loud Music/Party,397 GREENE AVENUE,BROOKLYN,40.68794632861221,-73.95515826830517,Closed
70233964,2026-08-30T00:05:57.000,Noise - Commercial,Loud Music/Party,14 PARK STREET,BROOKLYN,40.69943372495366,-73.93849969117943,Closed
70231473,2026-08-30T00:05:24.000,Noise - Commercial,Loud Talking,180 WOODRUFF AVENUE,BROOKLYN,40.65470340226331,-73.96005682981344,Closed
70233130,2026-08-30T00:04:11.000,Noise - Commercial,Loud Music/Party,851 MAIN STREET,MANHATTAN,40.7674953432317,-73.94375091972218,Closed
70238509,2026-08-30T00:03:53.000,Noise - Commercial,Loud Music/Party,134 EAST 170 STREET,BRONX,40.83911220271634,-73.91481455225497,Closed
70232668,2026-08-30T00:03:14.000,Noise - Commercial,Loud Music/Party,750 4 AVENUE,BROOKLYN,40.66075981164861,-73.99772927176525,Closed
70236399,2026-08-30T00:00:54.000,Noise - Commercial,Loud Music/Party,613 BUSHWICK AVENUE,BROOKLYN,40.698407560246245,-73.93421988036695,Closed
70238821,2026-08-30T00:00:00.000,Noise - Commercial,Loud Music/Party,397 GREENE AVENUE,BROOKLYN,40.68794632861221,-73.95515826830517,Closed
70233867,2026-08-29T23:59:42.000,Noise - Commercial,Loud Music/Party,740 5 AVENUE,BROOKLYN,40.65959046056335,-73.99526759696761,Closed
70231982,2026-08-29T23:57:41.000,Noise - Commercial,Loud Music/Party,38-18 23 AVENUE,QUEENS,40.77151052133342,-73.90883567676481,Closed
70235697,2026-08-29T23:56:35.000,Noise - Commercial,Loud Music/Party,2284 ADAM CLAYTON POWELL JR BOULEVARD,MANHATTAN,40.8148421030144,-73.94405049426405,Closed
70235639,2026-08-29T23:55:36.000,Noise - Commercial,Loud Music/Party,303 LEXINGTON AVENUE,MANHATTAN,40.7486066822413,-73.97810369101492,Closed
70237424,2026-08-29T23:55:35.000,Noise - Commercial,Loud Music/Party,63 CARMINE STREET,MANHATTAN,40.72973027769671,-74.00435492965178,Closed
70231807,2026-08-29T23:55:15.000,Noise - Commercial,Loud Music/Party,86-15 LEFFERTS BOULEVARD,QUEENS,40.70085258612968,-73.83128070000103,Closed
70236114,2026-08-29T23:53:31.000,Noise - Commercial,Loud Music/Party,4615 3 AVENUE,BRONX,40.856446976510696,-73.8910385963576,Closed
70236831,2026-08-29T23:53:19.000,Noise - Commercial,Loud Music/Party,32-05 31 STREET,QUEENS,40.7616168282295,-73.92565640045508,Closed
70239189,2026-08-29T23:49:51.000,Noise - Commercial,Banging/Pounding,127-48 WILLETS POINT BOULEVARD,QUEENS,40.75981584069158,-73.84115547265326,Closed
70230590,2026-08-29T23:46:45.000,Noise - Commercial,Loud Talking,6 PLATT STREET,MANHATTAN,40.707651326155535,-74.0065753166599,Closed
70232078,2026-08-29T23:44:21.000,Noise - Commercial,Loud Music/Party,2157 1 AVENUE,MANHATTAN,40.793193813995906,-73.93747047491523,Closed
70236855,2026-08-29T23:43:57.000,Noise - Commercial,Banging/Pounding,74-27 37 AVENUE,QUEENS,40.74900500003756,-73.89144170468975,Closed
70236934,2026-08-29T23:40:53.000,Noise - Commercial,Loud Music/Party,1532 AMSTERDAM AVENUE,MANHATTAN,40.819336019009846,-73.95193010717176,Closed
70237661,2026-08-29T23:39:55.000,Noise - Commercial,Loud Music/Party,613 BUSHWICK AVENUE,BROOKLYN,40.698407560246245,-73.93421988036695,Closed
70232446,2026-08-29T23:39:24.000,Noise - Commercial,Loud Music/Party,2918 BRUCKNER BOULEVARD,BRONX,40.83325085108711,-73.82755893872277,Closed
70237256,2026-08-29T23:39:16.000,Noise - Commercial,Loud Music/Party,1170 COLGATE AVENUE,BRONX,40.82741251648563,-73.88174921771369,Closed
70236258,2026-08-29T23:38:46.000,Noise - Commercial,Loud Music/Party,7420 4 AVENUE,BROOKLYN,40.63131109681712,-74.02488772867993,Closed
70238124,2026-08-29T23:38:07.000,Noise - Commercial,Loud Music/Party,303 LEXINGTON AVENUE,MANHATTAN,40.7486066822413,-73.97810369101492,Closed
70233254,2026-08-29T23:36:30.000,Noise - Commercial,Loud Music/Party,2363 SEVENTH AVENUE,MANHATTAN,40.81733888871917,-73.94220586125563,Closed
70236035,2026-08-29T23:36:17.000,Noise - Commercial,Loud Music/Party,134 EAST 170 STREET,BRONX,40.83911220271634,-73.91481455225497,Closed
70231634,2026-08-29T23:35:41.000,Noise - Commercial,Loud Talking,211 NASSAU AVENUE,BROOKLYN,40.72565733123963,-73.94417227224238,Closed
70237933,2026-08-29T23:32:56.000,Noise - Commercial,Loud Music/Party,68-17 FOREST AVENUE,QUEENS,40.70314344425539,-73.90127591325967,Closed
